{"type":"FeatureCollection","features":[{"type":"Feature","properties":{"Zone":"სხვა ტერიტორია","Color":"#EDE8DC","isBg":true,"Area_km2":2695.53},"geometry":{"type":"Polygon","coordinates":[[[44.370331,41.758177],[44.371818,41.756996],[44.37285,41.755896],[44.373547,41.754286],[44.373623,41.752289],[44.373804,41.7511],[44.374612,41.749787],[44.376669,41.748226],[44.379128,41.746327],[44.381975,41.745238],[44.384764,41.74436],[44.387604,41.743993],[44.389362,41.74413],[44.391967,41.744611],[44.393441,41.744789],[44.395255,41.744883],[44.397019,41.744383],[44.398842,41.743585],[44.399758,41.74274],[44.402378,41.741606],[44.404716,41.741157],[44.408209,41.740666],[44.412293,41.740814],[44.41642,41.740899],[44.41895,41.741044],[44.421333,41.741014],[44.423491,41.740812],[44.42588,41.740144],[44.429066,41.739098],[44.433729,41.737889],[44.436172,41.737476],[44.4389,41.736937],[44.441681,41.736865],[44.444006,41.736962],[44.446272,41.73727],[44.448194,41.738171],[44.451298,41.740014],[44.454288,41.742067],[44.45638,41.742927],[44.458532,41.74332],[44.461426,41.743333],[44.465112,41.743563],[44.468455,41.744088],[44.47089,41.744737],[44.473265,41.745683],[44.475754,41.746587],[44.477391,41.747656],[44.478629,41.748979],[44.479863,41.750727],[44.48103,41.753792],[44.482829,41.755924],[44.48384,41.757204],[44.484973,41.757383],[44.487102,41.757393],[44.490111,41.757233],[44.492288,41.756931],[44.495209,41.756285],[44.498176,41.755571],[44.499424,41.755749],[44.500115,41.756203],[44.501219,41.757074],[44.502551,41.758327],[44.504579,41.759445],[44.506055,41.76004],[44.507395,41.760392],[44.508735,41.760571],[44.509986,41.760473],[44.510912,41.760442],[44.512349,41.760102],[44.513276,41.759828],[44.514528,41.759626],[44.51587,41.759631],[44.517674,41.759639],[44.519246,41.759853],[44.521233,41.760347],[44.523452,41.760633],[44.524886,41.760743],[44.526413,41.760749],[44.528173,41.760549],[44.529842,41.760244],[44.532252,41.759664],[44.534708,41.759259],[44.536653,41.759059],[44.538226,41.7591],[44.539705,41.759383],[44.54123,41.759735],[44.5428,41.760227],[44.544003,41.760231],[44.54493,41.760097],[44.545812,41.759719],[44.547345,41.758928],[44.548645,41.75824],[44.550129,41.757795],[44.552169,41.757353],[44.555552,41.756604],[44.557685,41.756023],[44.55917,41.755405],[44.55996,41.754888],[44.560521,41.754093],[44.560851,41.753159],[44.560859,41.752015],[44.560592,41.750455],[44.56014,41.748894],[44.559874,41.74716],[44.559882,41.746017],[44.56049,41.745084],[44.561886,41.743911],[44.563421,41.742704],[44.564446,41.741634],[44.565518,41.74039],[44.567381,41.738665],[44.56966,41.736837],[44.572167,41.735495],[44.575327,41.733289],[44.57635,41.732495],[44.577046,41.732255],[44.577832,41.732224],[44.578941,41.732366],[44.579634,41.732577],[44.580418,41.732961],[44.581616,41.733623],[44.582769,41.734182],[44.584063,41.73436],[44.585358,41.734469],[44.587627,41.734165],[44.589295,41.73372],[44.590177,41.733273],[44.5912,41.732445],[44.591853,41.731512],[44.592136,41.730681],[44.591863,41.730022],[44.591356,41.729778],[44.590478,41.729567],[44.588811,41.729872],[44.588025,41.729766],[44.587425,41.729556],[44.58729,41.729001],[44.587479,41.728378],[44.588085,41.727652],[44.589155,41.72672],[44.592594,41.724168],[44.595012,41.722063],[44.596685,41.720787],[44.597659,41.720375],[44.598679,41.719997],[44.599419,41.71993],[44.600485,41.719587],[44.600631,41.719493],[44.600655,41.719474],[44.600662,41.719467],[44.598731,41.71902],[44.597225,41.718672],[44.59611,41.718412],[44.595709,41.718316],[44.595347,41.718227],[44.594892,41.718111],[44.594471,41.717999],[44.594073,41.717889],[44.593694,41.717778],[44.593467,41.717709],[44.59333,41.717666],[44.593107,41.717592],[44.592873,41.717508],[44.592621,41.717412],[44.592339,41.717299],[44.592169,41.717229],[44.591983,41.717148],[44.591469,41.716918],[44.590972,41.71669],[44.590574,41.716503],[44.590218,41.716328],[44.589894,41.716162],[44.589702,41.716059],[44.589498,41.715947],[44.589276,41.715822],[44.589013,41.715671],[44.588605,41.715431],[44.588104,41.715128],[44.587678,41.714865],[44.587244,41.714589],[44.586799,41.714299],[44.586341,41.713994],[44.585869,41.713673],[44.585374,41.713331],[44.584847,41.712959],[44.584266,41.712544],[44.583951,41.712317],[44.583618,41.712073],[44.582854,41.711505],[44.582556,41.711281],[44.582225,41.711029],[44.580979,41.710069],[44.580401,41.709621],[44.580246,41.709504],[44.580106,41.709401],[44.579822,41.7092],[44.579507,41.708986],[44.579153,41.708755],[44.578703,41.708467],[44.578274,41.708197],[44.577933,41.707987],[44.577621,41.707801],[44.577329,41.707634],[44.57713,41.707525],[44.576931,41.707417],[44.576731,41.707312],[44.576532,41.70721],[44.576332,41.70711],[44.576132,41.707012],[44.575933,41.706917],[44.575733,41.706824],[44.575456,41.706698],[44.575228,41.706597],[44.575018,41.706508],[44.574822,41.706429],[44.574616,41.70635],[44.574399,41.706271],[44.574001,41.706131],[44.573848,41.706079],[44.573706,41.706034],[44.573568,41.705992],[44.573436,41.705954],[44.573308,41.70592],[44.573184,41.70589],[44.573059,41.705862],[44.572843,41.705818],[44.572322,41.705711],[44.572011,41.70565],[44.57172,41.705598],[44.571455,41.705557],[44.571229,41.705527],[44.571035,41.705505],[44.570988,41.705499],[44.570726,41.705473],[44.570428,41.705446],[44.570084,41.705418],[44.56996,41.70541],[44.569848,41.705404],[44.569673,41.705399],[44.569483,41.705397],[44.569273,41.705399],[44.569004,41.705406],[44.568626,41.705417],[44.56836,41.705429],[44.568237,41.705437],[44.568121,41.705446],[44.56801,41.705457],[44.567904,41.70547],[44.567762,41.705489],[44.567598,41.705515],[44.567418,41.705546],[44.56723,41.705582],[44.567029,41.705624],[44.566809,41.705673],[44.566626,41.705716],[44.566457,41.705759],[44.566282,41.705806],[44.566093,41.705861],[44.565885,41.705925],[44.565598,41.706016],[44.565286,41.706118],[44.564999,41.706216],[44.564729,41.706312],[44.564474,41.706408],[44.564246,41.706496],[44.56404,41.70658],[44.56385,41.70666],[44.563671,41.706738],[44.563401,41.706862],[44.563171,41.706973],[44.562965,41.70708],[44.562777,41.707184],[44.562676,41.707244],[44.562565,41.707313],[44.56218,41.707564],[44.561443,41.708038],[44.560972,41.708347],[44.560752,41.708495],[44.560546,41.708635],[44.560352,41.70877],[44.560167,41.708902],[44.559841,41.709139],[44.559524,41.709376],[44.559216,41.709612],[44.558915,41.709848],[44.558624,41.710084],[44.55834,41.71032],[44.558064,41.710555],[44.557796,41.710791],[44.557645,41.710927],[44.557456,41.711103],[44.557285,41.711268],[44.557129,41.711427],[44.556984,41.711582],[44.556922,41.71165],[44.556833,41.711752],[44.55674,41.711865],[44.556504,41.712162],[44.556376,41.712332],[44.556237,41.712523],[44.55573,41.713257],[44.555384,41.713731],[44.555297,41.713858],[44.555225,41.713973],[44.555147,41.714108],[44.555001,41.714381],[44.551987,41.719876],[44.551374,41.720801],[44.549614,41.723326],[44.549421,41.72355],[44.546683,41.726185],[44.545947,41.726765],[44.541097,41.729886],[44.54049,41.730229],[44.540154,41.730408],[44.538302,41.731202],[44.537251,41.731613],[44.535909,41.732022],[44.534825,41.732316],[44.533515,41.73255],[44.533145,41.732616],[44.532467,41.732712],[44.531771,41.732765],[44.531182,41.732765],[44.530819,41.732745],[44.530281,41.732668],[44.529437,41.732508],[44.528608,41.732234],[44.527928,41.73196],[44.526804,41.731364],[44.526613,41.731221],[44.526111,41.730785],[44.525633,41.73026],[44.525438,41.730014],[44.525071,41.729544],[44.524672,41.728769],[44.524621,41.728544],[44.524555,41.728183],[44.524537,41.728023],[44.52451,41.727277],[44.524556,41.726709],[44.524642,41.726281],[44.524713,41.726074],[44.524902,41.72566],[44.525067,41.725364],[44.52542,41.724834],[44.52567,41.72453],[44.52955,41.720603],[44.529791,41.720359],[44.530061,41.720088],[44.531234,41.718922],[44.531513,41.718641],[44.531764,41.718384],[44.532074,41.718059],[44.532358,41.717753],[44.532621,41.717459],[44.532866,41.717176],[44.533231,41.716743],[44.533476,41.716449],[44.533696,41.716179],[44.533892,41.715932],[44.534078,41.715688],[44.534248,41.715455],[44.534405,41.715231],[44.53455,41.715012],[44.534798,41.71462],[44.534895,41.71446],[44.534982,41.714312],[44.535063,41.714167],[44.535137,41.714029],[44.535204,41.713896],[44.535265,41.713766],[44.535351,41.713572],[44.535423,41.713397],[44.535485,41.713233],[44.535537,41.713077],[44.535585,41.712909],[44.53564,41.712695],[44.535697,41.712447],[44.535747,41.712191],[44.53579,41.711927],[44.535826,41.711653],[44.535849,41.711457],[44.535863,41.711315],[44.535872,41.711187],[44.535877,41.711069],[44.535879,41.710909],[44.535877,41.710783],[44.53587,41.710669],[44.535859,41.710565],[44.535836,41.710437],[44.535792,41.710243],[44.535752,41.710072],[44.535724,41.70996],[44.535695,41.709858],[44.535664,41.709765],[44.535618,41.709642],[44.535571,41.70953],[44.535522,41.709425],[44.53547,41.709327],[44.535423,41.709245],[44.535383,41.709182],[44.535345,41.709128],[44.535298,41.709066],[44.535253,41.709011],[44.535204,41.708956],[44.535149,41.708898],[44.535089,41.708839],[44.534955,41.708716],[44.534751,41.70854],[44.534569,41.708388],[44.534418,41.708269],[44.534277,41.708166],[44.534208,41.70812],[44.53414,41.708076],[44.534015,41.708001],[44.533894,41.707933],[44.533774,41.707872],[44.533657,41.707816],[44.533562,41.707776],[44.533455,41.707734],[44.533335,41.707691],[44.533155,41.707629],[44.532958,41.707564],[44.532763,41.707503],[44.532569,41.707448],[44.532377,41.707398],[44.532199,41.707355],[44.532005,41.707314],[44.53179,41.707272],[44.531527,41.707224],[44.531369,41.707198],[44.531203,41.707173],[44.531028,41.707148],[44.530841,41.707125],[44.530459,41.707082],[44.529746,41.70701],[44.529746,41.70701],[44.529498,41.706983],[44.52887,41.706907],[44.528581,41.706875],[44.528422,41.706859],[44.528273,41.706847],[44.528132,41.706836],[44.527998,41.706829],[44.527753,41.706819],[44.527502,41.706813],[44.527242,41.706812],[44.526973,41.706815],[44.526694,41.706822],[44.526401,41.706834],[44.526093,41.70685],[44.525762,41.70687],[44.525336,41.706895],[44.525143,41.70691],[44.525043,41.70692],[44.52495,41.706931],[44.524862,41.706943],[44.524779,41.706957],[44.524634,41.706986],[44.524484,41.707021],[44.52433,41.707062],[44.52417,41.707109],[44.524067,41.707142],[44.523927,41.707189],[44.523767,41.707245],[44.523607,41.707305],[44.523446,41.707367],[44.523284,41.707432],[44.523122,41.707501],[44.522959,41.707572],[44.522796,41.707647],[44.522632,41.707725],[44.522434,41.707822],[44.522233,41.707927],[44.522028,41.708039],[44.521817,41.708158],[44.521642,41.708262],[44.521451,41.708381],[44.521254,41.708509],[44.520891,41.708748],[44.520693,41.70888],[44.520494,41.709017],[44.520293,41.709159],[44.52009,41.709306],[44.519884,41.709458],[44.519674,41.709618],[44.51946,41.709784],[44.519239,41.709958],[44.518862,41.710265],[44.518447,41.71061],[44.518048,41.710948],[44.51706,41.711792],[44.516593,41.712184],[44.51548,41.713074],[44.511741,41.715816],[44.511397,41.716036],[44.5111,41.716198],[44.509711,41.716795],[44.508867,41.71703],[44.508248,41.71717],[44.50752,41.717261],[44.506198,41.717338],[44.505309,41.717319],[44.505018,41.717298],[44.504279,41.717224],[44.503765,41.717137],[44.503055,41.716996],[44.501889,41.716679],[44.500837,41.7163],[44.499709,41.715767],[44.499292,41.715521],[44.499041,41.715354],[44.498824,41.715177],[44.497845,41.714137],[44.497744,41.714022],[44.497359,41.713372],[44.497184,41.713022],[44.497143,41.712897],[44.496969,41.712371],[44.496849,41.71177],[44.49676,41.711119],[44.496758,41.710606],[44.496843,41.709789],[44.497004,41.708943],[44.497091,41.708658],[44.497556,41.707297],[44.497879,41.706569],[44.498049,41.70629],[44.498879,41.705232],[44.499755,41.704423],[44.500385,41.703928],[44.502697,41.70236],[44.503567,41.701874],[44.504943,41.701192],[44.505535,41.700929],[44.507664,41.699984],[44.508672,41.699561],[44.509572,41.69918],[44.510043,41.698978],[44.510493,41.698778],[44.510698,41.698684],[44.510893,41.698593],[44.511304,41.698395],[44.511713,41.698192],[44.512118,41.697984],[44.512521,41.697771],[44.512919,41.697554],[44.513314,41.697333],[44.513705,41.697107],[44.514091,41.696878],[44.514346,41.696722],[44.514613,41.696556],[44.514899,41.696374],[44.515214,41.696171],[44.515819,41.69578],[44.516146,41.695563],[44.516304,41.695455],[44.51645,41.695352],[44.516586,41.695252],[44.516714,41.695154],[44.51688,41.695024],[44.517046,41.694889],[44.517211,41.694749],[44.517376,41.694605],[44.517541,41.694457],[44.517707,41.694303],[44.517872,41.694145],[44.518038,41.693982],[44.51822,41.693795],[44.518412,41.69359],[44.518619,41.69336],[44.518877,41.693066],[44.519161,41.692737],[44.519264,41.692613],[44.519356,41.692499],[44.519484,41.692333],[44.51961,41.692161],[44.519734,41.691985],[44.519856,41.691804],[44.519975,41.691618],[44.520093,41.691426],[44.520209,41.69123],[44.520324,41.691027],[44.520428,41.690834],[44.520525,41.690639],[44.520617,41.690435],[44.520705,41.690222],[44.520789,41.689998],[44.520868,41.689764],[44.520945,41.689516],[44.52102,41.689249],[44.521097,41.688954],[44.521127,41.688831],[44.521155,41.688702],[44.521208,41.688419],[44.521254,41.68814],[44.521349,41.687509],[44.521387,41.687258],[44.521423,41.687002],[44.521457,41.68674],[44.52149,41.686472],[44.52152,41.686196],[44.521549,41.685912],[44.521603,41.685311],[44.521643,41.684792],[44.521682,41.684213],[44.521788,41.682412],[44.521825,41.681831],[44.521858,41.681344],[44.521893,41.680899],[44.522186,41.67733],[44.522483,41.6752],[44.522751,41.67402],[44.523269,41.672002],[44.523623,41.671179],[44.524516,41.669421],[44.525037,41.668629],[44.526107,41.667417],[44.527828,41.665682],[44.529162,41.664611],[44.531242,41.663106],[44.532638,41.662296],[44.534841,41.661141],[44.539507,41.65924],[44.543294,41.658182],[44.546666,41.657362],[44.549517,41.656753],[44.552627,41.656178],[44.5548,41.655883],[44.559339,41.655396],[44.56256,41.655161],[44.566064,41.655047],[44.568552,41.655039],[44.573979,41.655185],[44.576655,41.655373],[44.57919,41.655651],[44.582104,41.656102],[44.583972,41.656456],[44.586699,41.65714],[44.588928,41.657869],[44.592066,41.65908],[44.594251,41.660043],[44.597274,41.661625],[44.597625,41.661816],[44.601514,41.663921],[44.602829,41.663103],[44.604295,41.662286],[44.604959,41.661946],[44.605295,41.661702],[44.605884,41.66131],[44.606518,41.66089],[44.607052,41.660635],[44.607532,41.66046],[44.607921,41.660341],[44.608447,41.660206],[44.609064,41.660083],[44.609696,41.659993],[44.610199,41.659944],[44.611135,41.659907],[44.612292,41.659905],[44.61303,41.659851],[44.613685,41.659807],[44.614271,41.659792],[44.615595,41.659739],[44.615936,41.659728],[44.616669,41.659502],[44.6177,41.659163],[44.619115,41.65895],[44.619262,41.658878],[44.619756,41.658528],[44.620014,41.658263],[44.620062,41.657895],[44.619859,41.657449],[44.619661,41.657212],[44.619108,41.656555],[44.618679,41.656044],[44.618202,41.655477],[44.617501,41.654642],[44.616999,41.654114],[44.616579,41.653791],[44.61589,41.653335],[44.615487,41.652939],[44.615054,41.652514],[44.61463,41.651964],[44.614211,41.651419],[44.613642,41.650988],[44.61319,41.650711],[44.61244,41.650393],[44.611967,41.650318],[44.611539,41.650322],[44.611215,41.650394],[44.610913,41.650613],[44.610768,41.651013],[44.610746,41.65218],[44.610996,41.653004],[44.611315,41.653755],[44.61171,41.654359],[44.612158,41.654834],[44.612344,41.65523],[44.61238,41.655438],[44.612348,41.655692],[44.612234,41.6559],[44.612053,41.656052],[44.611774,41.65613],[44.611459,41.656123],[44.610776,41.655833],[44.61014,41.655414],[44.609497,41.654724],[44.608886,41.65391],[44.608515,41.653102],[44.608018,41.65202],[44.607761,41.650935],[44.607618,41.65033],[44.607449,41.649152],[44.607469,41.648245],[44.607626,41.647191],[44.607741,41.646893],[44.608431,41.64579],[44.609326,41.644581],[44.609903,41.6438],[44.610418,41.642882],[44.611253,41.641395],[44.611887,41.640264],[44.612415,41.639607],[44.613014,41.638668],[44.613461,41.637967],[44.613875,41.637319],[44.614227,41.636896],[44.613699,41.637134],[44.613317,41.637306],[44.612093,41.637825],[44.610516,41.638493],[44.609597,41.638858],[44.6092,41.639009],[44.60886,41.639125],[44.607512,41.639553],[44.606752,41.639766],[44.605794,41.63998],[44.604828,41.640152],[44.603314,41.640372],[44.602071,41.640525],[44.599831,41.640726],[44.599245,41.640751],[44.598639,41.640771],[44.598009,41.640786],[44.597633,41.640794],[44.597596,41.640795],[44.596561,41.640817],[44.596122,41.640824],[44.595729,41.640827],[44.595326,41.640827],[44.594948,41.640823],[44.59459,41.640815],[44.594248,41.640803],[44.593897,41.640786],[44.59356,41.640763],[44.593235,41.640736],[44.59292,41.640704],[44.592615,41.640667],[44.59232,41.640624],[44.592032,41.640577],[44.591753,41.640523],[44.59147,41.640463],[44.591184,41.640396],[44.590894,41.640322],[44.590602,41.640242],[44.590306,41.640155],[44.590006,41.640061],[44.589703,41.63996],[44.589397,41.639853],[44.589087,41.639739],[44.588773,41.639618],[44.588456,41.63949],[44.588133,41.639355],[44.587806,41.639213],[44.587474,41.639063],[44.587136,41.638906],[44.586791,41.63874],[44.586576,41.638634],[44.58636,41.638524],[44.586143,41.638409],[44.585924,41.63829],[44.585705,41.638167],[44.585483,41.638039],[44.58526,41.637907],[44.585034,41.63777],[44.584807,41.637629],[44.584578,41.637482],[44.584345,41.637331],[44.584109,41.637174],[44.583869,41.637011],[44.583624,41.636841],[44.583373,41.636665],[44.583115,41.636481],[44.582863,41.636295],[44.58261,41.636101],[44.582357,41.6359],[44.582103,41.63569],[44.581847,41.635472],[44.581588,41.635243],[44.581325,41.635004],[44.581057,41.634753],[44.580819,41.634524],[44.580573,41.634283],[44.580317,41.634027],[44.580045,41.633751],[44.579555,41.633243],[44.578495,41.632131],[44.578066,41.631688],[44.575447,41.629156],[44.574055,41.627874],[44.572843,41.626863],[44.570222,41.624991],[44.568259,41.623987],[44.565873,41.622923],[44.565368,41.622729],[44.564507,41.622456],[44.562691,41.621997],[44.562452,41.621967],[44.562216,41.621941],[44.561983,41.621919],[44.561756,41.621902],[44.561524,41.621889],[44.56129,41.621878],[44.561052,41.621872],[44.560812,41.621869],[44.560568,41.621869],[44.560322,41.621873],[44.560074,41.62188],[44.559823,41.621891],[44.55957,41.621906],[44.559316,41.621924],[44.559059,41.621945],[44.558802,41.62197],[44.558544,41.621998],[44.558285,41.62203],[44.558026,41.622065],[44.557529,41.622138],[44.557312,41.622172],[44.557109,41.622206],[44.556914,41.62224],[44.556728,41.622275],[44.55655,41.622311],[44.556378,41.622348],[44.556211,41.622387],[44.556049,41.622427],[44.555893,41.622468],[44.555742,41.62251],[44.555596,41.622554],[44.555455,41.6226],[44.555319,41.622647],[44.555276,41.622663],[44.555188,41.622695],[44.555006,41.622769],[44.554824,41.622849],[44.554642,41.622935],[44.55446,41.623029],[44.554276,41.623131],[44.554092,41.623239],[44.553907,41.623355],[44.55372,41.623479],[44.553534,41.623608],[44.553345,41.623746],[44.553153,41.623892],[44.552956,41.624048],[44.552754,41.624214],[44.552544,41.624392],[44.552321,41.624587],[44.552072,41.62481],[44.551915,41.624955],[44.55176,41.625105],[44.551607,41.625262],[44.551455,41.625424],[44.551303,41.625592],[44.551153,41.625767],[44.551004,41.625949],[44.550854,41.626138],[44.550707,41.626331],[44.550559,41.626533],[44.55041,41.626743],[44.550258,41.626965],[44.550104,41.627196],[44.549944,41.627443],[44.549776,41.62771],[44.54959,41.628009],[44.549491,41.628177],[44.549393,41.628349],[44.549299,41.628526],[44.549206,41.62871],[44.549115,41.628899],[44.549026,41.629095],[44.548938,41.629299],[44.548851,41.629513],[44.54878,41.629693],[44.548708,41.629883],[44.548559,41.630297],[44.548421,41.630699],[44.54809,41.63169],[44.547996,41.631964],[44.547908,41.63221],[44.54781,41.632474],[44.547714,41.632721],[44.547619,41.632954],[44.547522,41.633177],[44.547318,41.633632],[44.54711,41.634086],[44.546899,41.63454],[44.546685,41.634993],[44.546467,41.635445],[44.546246,41.635897],[44.546022,41.636347],[44.545794,41.636797],[44.545488,41.637399],[44.545318,41.637728],[44.545151,41.63804],[44.544996,41.638319],[44.544815,41.638638],[44.544696,41.638841],[44.544583,41.639026],[44.544476,41.639192],[44.544361,41.639366],[44.54428,41.639484],[44.544203,41.63959],[44.54413,41.639685],[44.544035,41.639801],[44.54395,41.639901],[44.543868,41.639991],[44.543788,41.640073],[44.543708,41.640149],[44.543616,41.64023],[44.543515,41.640313],[44.54333,41.640463],[44.54317,41.640591],[44.54303,41.6407],[44.542899,41.640799],[44.542774,41.640889],[44.542644,41.64098],[44.542522,41.641062],[44.542404,41.641138],[44.54229,41.641209],[44.542136,41.6413],[44.541933,41.641414],[44.54164,41.641572],[44.541354,41.641718],[44.541074,41.641853],[44.540935,41.641916],[44.540798,41.641977],[44.540608,41.642059],[44.540474,41.642115],[44.540351,41.642164],[44.540237,41.642205],[44.540077,41.642258],[44.539811,41.642338],[44.539573,41.642409],[44.539339,41.642476],[44.539109,41.64254],[44.538883,41.6426],[44.53866,41.642657],[44.538439,41.642712],[44.538222,41.642763],[44.538007,41.642811],[44.537548,41.642909],[44.537159,41.642987],[44.536802,41.643053],[44.536469,41.643108],[44.536306,41.643132],[44.536147,41.643154],[44.535992,41.643174],[44.53584,41.643191],[44.535691,41.643206],[44.535544,41.643219],[44.5354,41.643229],[44.535258,41.643238],[44.535054,41.643246],[44.534841,41.64325],[44.534619,41.64325],[44.534385,41.643246],[44.534142,41.643239],[44.533878,41.643227],[44.533588,41.643212],[44.533226,41.643189],[44.532397,41.643139],[44.531996,41.643111],[44.531792,41.643095],[44.531603,41.643077],[44.531424,41.643058],[44.531253,41.643037],[44.531077,41.643013],[44.530908,41.642986],[44.530745,41.642957],[44.530589,41.642926],[44.530439,41.642892],[44.530294,41.642856],[44.530155,41.642817],[44.53002,41.642775],[44.529856,41.64272],[44.529693,41.642662],[44.529533,41.642601],[44.529376,41.642537],[44.529221,41.642472],[44.529071,41.642404],[44.528924,41.642334],[44.528782,41.642262],[44.528645,41.642189],[44.528513,41.642115],[44.528386,41.642039],[44.528264,41.641961],[44.528148,41.641883],[44.528038,41.641804],[44.527934,41.641724],[44.527835,41.641643],[44.527755,41.641571],[44.527676,41.641496],[44.527599,41.641417],[44.527523,41.641334],[44.527448,41.641246],[44.527375,41.641155],[44.527302,41.641058],[44.52723,41.640957],[44.527162,41.640854],[44.527093,41.640746],[44.527024,41.640631],[44.526953,41.640508],[44.526808,41.640242],[44.526618,41.639872],[44.526562,41.639759],[44.526508,41.639643],[44.526456,41.639524],[44.526406,41.639401],[44.526358,41.639276],[44.526311,41.639146],[44.526266,41.639012],[44.526222,41.638874],[44.52618,41.638734],[44.526139,41.638589],[44.526059,41.638278],[44.525979,41.637934],[44.525887,41.637502],[44.525847,41.637296],[44.525813,41.637084],[44.526052,41.630675],[44.526249,41.625425],[44.526221,41.625222],[44.526185,41.625014],[44.526165,41.62492],[44.526143,41.624831],[44.526114,41.624728],[44.526083,41.624631],[44.526048,41.624539],[44.52601,41.624452],[44.525969,41.624369],[44.525925,41.62429],[44.525876,41.624214],[44.525824,41.624143],[44.52575,41.624051],[44.525667,41.623959],[44.525577,41.623868],[44.525479,41.623776],[44.525374,41.623686],[44.525263,41.623596],[44.525145,41.623508],[44.525022,41.623422],[44.524893,41.623338],[44.524759,41.623257],[44.524622,41.623179],[44.524611,41.623173],[44.524482,41.623104],[44.52434,41.623034],[44.524196,41.622968],[44.524052,41.622907],[44.523909,41.622851],[44.523792,41.62281],[44.52367,41.622772],[44.523542,41.622738],[44.523409,41.622706],[44.52327,41.622677],[44.523125,41.622651],[44.522972,41.622628],[44.522813,41.622608],[44.522655,41.622591],[44.522488,41.622576],[44.522312,41.622563],[44.522124,41.622552],[44.521936,41.622543],[44.521728,41.622536],[44.521078,41.622518],[44.520699,41.622511],[44.520515,41.622511],[44.520335,41.622512],[44.520157,41.622515],[44.519983,41.622519],[44.519812,41.622526],[44.519645,41.622534],[44.519479,41.622544],[44.519317,41.622556],[44.519158,41.62257],[44.519001,41.622586],[44.518848,41.622604],[44.518697,41.622623],[44.518549,41.622644],[44.518403,41.622668],[44.518145,41.622714],[44.517885,41.622767],[44.517622,41.622827],[44.517359,41.622894],[44.517096,41.622966],[44.516834,41.623045],[44.516573,41.62313],[44.516314,41.623221],[44.515902,41.623371],[44.515611,41.623483],[44.515476,41.623537],[44.515351,41.623589],[44.515233,41.623641],[44.515121,41.623693],[44.515011,41.623747],[44.514906,41.623801],[44.514807,41.623855],[44.514713,41.623909],[44.514623,41.623965],[44.514538,41.624021],[44.514458,41.624077],[44.514382,41.624135],[44.514238,41.624254],[44.514102,41.624374],[44.513976,41.624496],[44.513861,41.624618],[44.513757,41.624739],[44.513666,41.624859],[44.513625,41.624919],[44.513586,41.624978],[44.513551,41.625036],[44.51352,41.625094],[44.51349,41.625154],[44.513464,41.625215],[44.513441,41.625279],[44.51342,41.625346],[44.513402,41.625415],[44.513386,41.625487],[44.513374,41.625563],[44.513363,41.625642],[44.513351,41.625786],[44.513345,41.625948],[44.513345,41.626103],[44.513349,41.626456],[44.513348,41.626618],[44.513347,41.626754],[44.513352,41.626895],[44.513363,41.627044],[44.51338,41.627204],[44.513399,41.627343],[44.513422,41.627497],[44.513534,41.628167],[44.513558,41.628331],[44.513576,41.62848],[44.513588,41.628616],[44.513596,41.628744],[44.513599,41.628868],[44.513597,41.628986],[44.513591,41.629141],[44.513582,41.629296],[44.513571,41.629449],[44.513558,41.629601],[44.513541,41.629752],[44.513523,41.629901],[44.513502,41.630049],[44.513479,41.630196],[44.513453,41.630341],[44.513425,41.630484],[44.513394,41.630626],[44.513361,41.630767],[44.513326,41.630906],[44.513288,41.631043],[44.513248,41.631178],[44.513205,41.631311],[44.513086,41.631669],[44.512994,41.631928],[44.512903,41.63216],[44.512858,41.632267],[44.512812,41.632369],[44.512764,41.63247],[44.512714,41.632567],[44.512664,41.63266],[44.512612,41.632749],[44.512559,41.632835],[44.512504,41.632918],[44.512448,41.632997],[44.51239,41.633073],[44.512292,41.63319],[44.512185,41.633306],[44.512068,41.633421],[44.511941,41.633536],[44.511803,41.63365],[44.511655,41.633764],[44.511496,41.633877],[44.511325,41.633992],[44.51115,41.634102],[44.510963,41.634214],[44.510762,41.634328],[44.510545,41.634446],[44.510321,41.634563],[44.510071,41.634689],[44.509796,41.634825],[44.509381,41.635026],[44.508952,41.63523],[44.508759,41.635319],[44.508574,41.635401],[44.508394,41.635479],[44.508221,41.635551],[44.508051,41.635619],[44.507886,41.635683],[44.507722,41.635743],[44.507561,41.6358],[44.507403,41.635852],[44.507247,41.635901],[44.507094,41.635945],[44.506943,41.635986],[44.506793,41.636024],[44.506645,41.636057],[44.506513,41.636085],[44.506376,41.636109],[44.506235,41.636131],[44.50609,41.63615],[44.50594,41.636168],[44.505784,41.636182],[44.505621,41.636195],[44.505452,41.636205],[44.505176,41.636217],[44.50487,41.636224],[44.504552,41.636228],[44.503674,41.636232],[44.503406,41.636236],[44.503168,41.636243],[44.50293,41.636249],[44.502666,41.636251],[44.502387,41.63625],[44.501599,41.63624],[44.501355,41.636241],[44.501138,41.636244],[44.500887,41.636252],[44.500654,41.636266],[44.500435,41.636285],[44.500226,41.636311],[44.499882,41.63636],[44.499576,41.63641],[44.499295,41.636462],[44.499034,41.636518],[44.498908,41.636547],[44.498787,41.636577],[44.49867,41.636608],[44.498557,41.636641],[44.498447,41.636675],[44.49834,41.636709],[44.498237,41.636746],[44.498137,41.636783],[44.498018,41.63683],[44.4979,41.63688],[44.497782,41.636932],[44.497665,41.636987],[44.49755,41.637043],[44.497435,41.637102],[44.497323,41.637163],[44.497212,41.637226],[44.497104,41.63729],[44.496997,41.637356],[44.496893,41.637423],[44.496792,41.637492],[44.496694,41.637562],[44.496599,41.637633],[44.496507,41.637705],[44.496418,41.637778],[44.496244,41.637929],[44.49609,41.63807],[44.495954,41.638205],[44.495834,41.638335],[44.495779,41.638398],[44.495728,41.638461],[44.495681,41.638522],[44.495638,41.638583],[44.495598,41.638643],[44.495562,41.638702],[44.495529,41.63876],[44.495501,41.638817],[44.495479,41.638867],[44.495459,41.638917],[44.495425,41.639022],[44.495399,41.639132],[44.495381,41.639246],[44.495371,41.639366],[44.49537,41.63949],[44.495376,41.639619],[44.495391,41.639753],[44.495414,41.639891],[44.495445,41.640035],[44.495483,41.640184],[44.49553,41.640338],[44.495585,41.640498],[44.495649,41.640665],[44.495722,41.640839],[44.495804,41.641025],[44.49586,41.641142],[44.495922,41.641259],[44.49599,41.641376],[44.496063,41.641495],[44.496141,41.641613],[44.496224,41.641731],[44.496312,41.641848],[44.496405,41.641965],[44.496503,41.642081],[44.496605,41.642195],[44.49671,41.642308],[44.49682,41.642419],[44.496933,41.642528],[44.497048,41.642634],[44.497167,41.642737],[44.497288,41.642837],[44.497374,41.642904],[44.497466,41.642971],[44.497562,41.643037],[44.497664,41.643103],[44.497771,41.643168],[44.497885,41.643234],[44.498005,41.643299],[44.498132,41.643366],[44.498343,41.643471],[44.498583,41.643583],[44.498832,41.643695],[44.499514,41.643994],[44.499718,41.644087],[44.499898,41.644172],[44.500174,41.644304],[44.500465,41.644438],[44.500775,41.644576],[44.501109,41.644722],[44.501725,41.644982],[44.503152,41.645574],[44.503504,41.645723],[44.503821,41.64586],[44.504117,41.64599],[44.504394,41.646116],[44.504658,41.646239],[44.504909,41.64636],[44.505097,41.646451],[44.505309,41.64655],[44.506048,41.646885],[44.506334,41.647017],[44.506619,41.647154],[44.506869,41.647282],[44.507015,41.64736],[44.507152,41.647437],[44.507282,41.647513],[44.507406,41.647589],[44.507523,41.647666],[44.507634,41.647742],[44.507739,41.64782],[44.507839,41.647897],[44.50808,41.648094],[44.508286,41.648268],[44.508473,41.648432],[44.508643,41.648588],[44.5088,41.648741],[44.508944,41.648889],[44.509074,41.649034],[44.509191,41.649175],[44.509298,41.649316],[44.509346,41.649385],[44.509392,41.649454],[44.509434,41.649522],[44.509473,41.649589],[44.509509,41.649656],[44.509542,41.649722],[44.509571,41.649788],[44.509598,41.649853],[44.509622,41.649918],[44.509642,41.649982],[44.50966,41.650045],[44.509674,41.650108],[44.509685,41.65017],[44.509693,41.650232],[44.509698,41.650294],[44.5097,41.650357],[44.509699,41.650422],[44.509695,41.650489],[44.509688,41.650559],[44.509678,41.650631],[44.509665,41.650705],[44.509649,41.650783],[44.509613,41.650926],[44.509566,41.651087],[44.509518,41.651239],[44.509406,41.651574],[44.509361,41.651715],[44.509328,41.651829],[44.509245,41.65214],[44.509217,41.652233],[44.509189,41.652315],[44.509154,41.652406],[44.509117,41.652489],[44.509077,41.652566],[44.509033,41.652637],[44.508986,41.652702],[44.508933,41.652767],[44.508874,41.652831],[44.508809,41.652895],[44.508737,41.652959],[44.508659,41.653023],[44.508573,41.653087],[44.508481,41.653151],[44.508391,41.65321],[44.508293,41.65327],[44.508188,41.653331],[44.508073,41.653396],[44.507858,41.653511],[44.507313,41.653793],[44.507207,41.653846],[44.507096,41.653897],[44.50698,41.653945],[44.506857,41.653991],[44.506729,41.654035],[44.506593,41.654077],[44.50645,41.654117],[44.506299,41.654156],[44.50617,41.654186],[44.506033,41.654216],[44.505888,41.654246],[44.505731,41.654276],[44.505437,41.654328],[44.50472,41.654449],[44.504528,41.654484],[44.504356,41.654517],[44.504175,41.654554],[44.504008,41.654592],[44.503852,41.654632],[44.503705,41.654672],[44.503551,41.65472],[44.503407,41.65477],[44.503271,41.654823],[44.503142,41.654879],[44.503022,41.654938],[44.502908,41.655001],[44.502802,41.655067],[44.502702,41.655137],[44.502475,41.655309],[44.502292,41.655455],[44.50221,41.655525],[44.502133,41.655593],[44.502062,41.655659],[44.501996,41.655723],[44.501933,41.655788],[44.501875,41.655852],[44.501822,41.655914],[44.501773,41.655976],[44.501729,41.656037],[44.501689,41.656097],[44.501654,41.656156],[44.501624,41.656215],[44.501595,41.656279],[44.501571,41.656345],[44.50155,41.656414],[44.501533,41.656485],[44.50152,41.65656],[44.501511,41.656638],[44.501504,41.65672],[44.501502,41.656805],[44.501503,41.656887],[44.501507,41.656973],[44.501513,41.657064],[44.501523,41.657162],[44.501547,41.657344],[44.501612,41.65778],[44.501628,41.657889],[44.501647,41.657999],[44.50167,41.658112],[44.501696,41.658226],[44.501725,41.658342],[44.501758,41.65846],[44.501794,41.658581],[44.501833,41.658704],[44.501876,41.658828],[44.501922,41.658956],[44.502026,41.659223],[44.502147,41.659509],[44.502291,41.659829],[44.502329,41.659908],[44.502371,41.659988],[44.502416,41.660068],[44.502466,41.660151],[44.502519,41.660234],[44.502576,41.66032],[44.502638,41.660407],[44.502704,41.660498],[44.502824,41.660653],[44.502962,41.660823],[44.5031,41.660986],[44.50344,41.661385],[44.503613,41.661594],[44.503699,41.661701],[44.503776,41.661803],[44.503848,41.6619],[44.503914,41.661993],[44.503982,41.662096],[44.504044,41.662197],[44.504101,41.662295],[44.504151,41.662391],[44.504197,41.662486],[44.504237,41.662581],[44.504272,41.662674],[44.504302,41.662766],[44.504367,41.663],[44.50442,41.663225],[44.504442,41.663334],[44.504462,41.663441],[44.504479,41.663546],[44.504492,41.663649],[44.504504,41.663751],[44.504512,41.663851],[44.504517,41.663948],[44.50452,41.664045],[44.50452,41.664139],[44.504517,41.664232],[44.504512,41.664323],[44.504503,41.664412],[44.504488,41.664527],[44.504467,41.664645],[44.504441,41.664767],[44.50441,41.664894],[44.504374,41.665024],[44.504331,41.66516],[44.504283,41.665302],[44.504228,41.665454],[44.504094,41.665825],[44.504038,41.665973],[44.503973,41.666126],[44.503908,41.66626],[44.503871,41.666327],[44.503833,41.66639],[44.503794,41.666449],[44.503754,41.666505],[44.503712,41.666557],[44.503668,41.666606],[44.503623,41.666652],[44.503576,41.666695],[44.503507,41.666749],[44.503431,41.666802],[44.503348,41.666852],[44.503257,41.6669],[44.503159,41.666946],[44.503053,41.666991],[44.502939,41.667033],[44.502817,41.667073],[44.502692,41.66711],[44.502559,41.667146],[44.502416,41.667181],[44.502262,41.667215],[44.502104,41.667247],[44.501929,41.66728],[44.501431,41.667367],[44.501304,41.667387],[44.501174,41.667404],[44.50104,41.667418],[44.500902,41.667429],[44.50076,41.667436],[44.500612,41.667441],[44.500459,41.667443],[44.500298,41.667441],[44.500051,41.667434],[44.499777,41.667421],[44.499475,41.667402],[44.498853,41.667355],[44.498587,41.667337],[44.498309,41.667322],[44.49806,41.667313],[44.497858,41.667306],[44.497648,41.667295],[44.497426,41.667282],[44.497191,41.667265],[44.496957,41.667245],[44.496697,41.667221],[44.495694,41.667122],[44.49527,41.667083],[44.49504,41.667064],[44.494825,41.667048],[44.494621,41.667036],[44.494427,41.667026],[44.494193,41.667019],[44.493969,41.667015],[44.493753,41.667016],[44.493544,41.667022],[44.493341,41.667032],[44.493144,41.667046],[44.492953,41.667065],[44.492765,41.667089],[44.492586,41.667115],[44.492406,41.667145],[44.492223,41.667177],[44.49204,41.667212],[44.491855,41.66725],[44.491669,41.667291],[44.491482,41.667335],[44.491295,41.667381],[44.491106,41.66743],[44.490918,41.667482],[44.49073,41.667536],[44.490541,41.667593],[44.490354,41.667652],[44.490167,41.667713],[44.489981,41.667777],[44.489797,41.667843],[44.489609,41.667914],[44.48942,41.66799],[44.48923,41.668072],[44.489037,41.66816],[44.488843,41.668254],[44.488645,41.668355],[44.488443,41.668462],[44.488236,41.668577],[44.488051,41.668684],[44.487858,41.668798],[44.487657,41.66892],[44.487443,41.669053],[44.487106,41.669269],[44.486295,41.669796],[44.485927,41.670032],[44.485682,41.670189],[44.485431,41.670356],[44.485169,41.670535],[44.484894,41.670728],[44.484642,41.670908],[44.484365,41.67111],[44.483373,41.671842],[44.482969,41.672136],[44.482546,41.672438],[44.48235,41.672574],[44.48216,41.672703],[44.481852,41.672914],[44.481512,41.673151],[44.48118,41.673388],[44.480324,41.674003],[44.479847,41.674339],[44.479591,41.674515],[44.47935,41.674677],[44.479119,41.674829],[44.478895,41.674972],[44.478624,41.675139],[44.47836,41.675295],[44.4781,41.675442],[44.477844,41.675579],[44.47759,41.675708],[44.477338,41.67583],[44.477086,41.675943],[44.476836,41.676049],[44.47653,41.676171],[44.476213,41.676291],[44.475886,41.676408],[44.475548,41.676524],[44.475086,41.676679],[44.474781,41.676778],[44.474501,41.676865],[44.474244,41.67694],[44.473991,41.677008],[44.473751,41.677066],[44.473519,41.677115],[44.473295,41.677156],[44.472976,41.677206],[44.472678,41.677246],[44.472395,41.677278],[44.472259,41.67729],[44.472126,41.677301],[44.471995,41.677309],[44.471867,41.677315],[44.471742,41.677319],[44.471619,41.677321],[44.471499,41.67732],[44.471381,41.677318],[44.471266,41.677313],[44.471153,41.677307],[44.471032,41.677297],[44.47091,41.677285],[44.470786,41.67727],[44.47066,41.677253],[44.470533,41.677233],[44.470404,41.677211],[44.470274,41.677186],[44.470143,41.677159],[44.470011,41.677129],[44.469878,41.677097],[44.469744,41.677062],[44.46961,41.677025],[44.469475,41.676986],[44.46934,41.676945],[44.469205,41.676901],[44.46907,41.676856],[44.468928,41.676805],[44.468786,41.676752],[44.468645,41.676696],[44.468506,41.676637],[44.468368,41.676577],[44.468233,41.676514],[44.468099,41.676449],[44.467968,41.676383],[44.467841,41.676315],[44.467716,41.676245],[44.467595,41.676174],[44.467477,41.676102],[44.467363,41.676029],[44.467253,41.675955],[44.467147,41.675879],[44.467046,41.675803],[44.466942,41.67572],[44.466841,41.675632],[44.466742,41.675538],[44.466645,41.675439],[44.466551,41.675335],[44.466457,41.675224],[44.466365,41.675107],[44.466274,41.674982],[44.466194,41.674868],[44.466115,41.674747],[44.466033,41.674618],[44.465948,41.674478],[44.465799,41.674218],[44.465483,41.673652],[44.465353,41.673428],[44.465276,41.673297],[44.465202,41.673164],[44.465129,41.673029],[44.465058,41.672892],[44.464988,41.672752],[44.46492,41.67261],[44.464854,41.672466],[44.46479,41.672319],[44.464727,41.67217],[44.464665,41.672017],[44.464605,41.671862],[44.464546,41.671704],[44.464432,41.671377],[44.464322,41.671035],[44.464243,41.67077],[44.464165,41.670493],[44.464088,41.670201],[44.464009,41.66989],[44.463936,41.669584],[44.463857,41.669244],[44.463569,41.667944],[44.463444,41.667397],[44.463372,41.667102],[44.463303,41.666826],[44.463234,41.666566],[44.463165,41.666317],[44.463121,41.666161],[44.46308,41.665997],[44.463039,41.665824],[44.462999,41.665641],[44.462918,41.665239],[44.462765,41.664396],[44.462695,41.664035],[44.462654,41.663838],[44.462613,41.663655],[44.462571,41.663483],[44.462528,41.663318],[44.462471,41.663121],[44.462411,41.662932],[44.462348,41.662751],[44.462281,41.662578],[44.46221,41.66241],[44.462135,41.662248],[44.462055,41.662091],[44.46197,41.661939],[44.461703,41.66147],[44.461571,41.661248],[44.461501,41.661136],[44.461433,41.661031],[44.461367,41.660934],[44.461301,41.660841],[44.461229,41.660746],[44.461157,41.660656],[44.461084,41.660571],[44.46101,41.660491],[44.460935,41.660414],[44.460859,41.660342],[44.460781,41.660273],[44.460701,41.660208],[44.460505,41.660059],[44.460412,41.659992],[44.460322,41.659929],[44.460232,41.65987],[44.460145,41.659814],[44.460058,41.659762],[44.459973,41.659713],[44.459888,41.659668],[44.459804,41.659625],[44.459721,41.659586],[44.459638,41.65955],[44.459557,41.659518],[44.459476,41.659488],[44.459396,41.659462],[44.459316,41.659439],[44.459244,41.659421],[44.459169,41.659404],[44.459091,41.65939],[44.45901,41.659377],[44.458926,41.659366],[44.458839,41.659356],[44.458748,41.659348],[44.458654,41.659342],[44.458459,41.659335],[44.458245,41.659334],[44.458007,41.659339],[44.457712,41.659351],[44.457561,41.65936],[44.457408,41.659372],[44.457254,41.659386],[44.457099,41.659404],[44.456943,41.659425],[44.456788,41.659449],[44.456634,41.659476],[44.456481,41.659506],[44.456352,41.659534],[44.456222,41.659565],[44.45609,41.659601],[44.455957,41.65964],[44.455822,41.659682],[44.455685,41.659729],[44.455545,41.659779],[44.455403,41.659834],[44.455261,41.659891],[44.455115,41.659953],[44.454965,41.660019],[44.454808,41.660091],[44.454647,41.660167],[44.454475,41.660251],[44.454065,41.660457],[44.453745,41.660622],[44.453479,41.660762],[44.453239,41.660893],[44.453018,41.661018],[44.45281,41.661141],[44.452616,41.661261],[44.452435,41.66138],[44.452265,41.661497],[44.452103,41.661616],[44.451952,41.661735],[44.451812,41.661853],[44.451683,41.661972],[44.451563,41.662091],[44.451454,41.66221],[44.451355,41.66233],[44.451266,41.66245],[44.451216,41.662526],[44.451167,41.662605],[44.45112,41.662686],[44.451074,41.662771],[44.45103,41.66286],[44.450988,41.662952],[44.450948,41.663047],[44.450908,41.663147],[44.450871,41.663247],[44.450835,41.663353],[44.450764,41.663581],[44.450694,41.663835],[44.45061,41.664172],[44.450585,41.664278],[44.450563,41.664387],[44.450544,41.664498],[44.450527,41.664613],[44.450513,41.664731],[44.450501,41.664853],[44.450491,41.664979],[44.450483,41.665111],[44.450476,41.665325],[44.450473,41.665563],[44.450474,41.665807],[44.450483,41.666475],[44.450483,41.666678],[44.45048,41.666859],[44.450478,41.66703],[44.450481,41.667218],[44.450489,41.667421],[44.450516,41.668002],[44.45052,41.668183],[44.450521,41.668345],[44.450516,41.668531],[44.450505,41.668705],[44.450487,41.668869],[44.450461,41.669025],[44.450436,41.669153],[44.450408,41.669281],[44.450377,41.669408],[44.450344,41.669536],[44.450307,41.669662],[44.450269,41.669788],[44.450228,41.669914],[44.450184,41.670038],[44.450138,41.670161],[44.450089,41.670284],[44.450038,41.670405],[44.449985,41.670524],[44.449929,41.670643],[44.449871,41.670759],[44.449811,41.670875],[44.449749,41.670988],[44.449689,41.671093],[44.449626,41.671198],[44.449559,41.671303],[44.44949,41.671409],[44.449418,41.671515],[44.449343,41.671621],[44.449265,41.671727],[44.449185,41.671832],[44.449016,41.672044],[44.448837,41.672253],[44.448648,41.672461],[44.448451,41.672667],[44.448313,41.672803],[44.448172,41.672937],[44.448028,41.673069],[44.447882,41.673198],[44.447732,41.673325],[44.447581,41.673449],[44.447427,41.67357],[44.447271,41.673687],[44.447113,41.673802],[44.446954,41.673913],[44.446793,41.67402],[44.446631,41.674124],[44.446468,41.674224],[44.446304,41.67432],[44.446139,41.674412],[44.445974,41.6745],[44.445826,41.674575],[44.445675,41.674649],[44.44552,41.674721],[44.445363,41.674792],[44.445202,41.67486],[44.445039,41.674928],[44.444873,41.674993],[44.444705,41.675057],[44.444534,41.675118],[44.444361,41.675178],[44.444186,41.675235],[44.444009,41.675291],[44.443831,41.675344],[44.443651,41.675395],[44.443471,41.675444],[44.44329,41.67549],[44.443087,41.675539],[44.442879,41.675585],[44.442669,41.675628],[44.442455,41.675669],[44.442238,41.675707],[44.442019,41.675742],[44.441798,41.675774],[44.441575,41.675803],[44.441314,41.675833],[44.441058,41.67586],[44.440808,41.675882],[44.440564,41.675901],[44.440324,41.675916],[44.440089,41.675927],[44.439858,41.675934],[44.439633,41.675938],[44.439412,41.675937],[44.439195,41.675933],[44.438983,41.675925],[44.438775,41.675913],[44.438572,41.675897],[44.438373,41.675877],[44.438179,41.675853],[44.437989,41.675825],[44.437848,41.675802],[44.437706,41.675777],[44.437564,41.675749],[44.437421,41.675719],[44.437278,41.675687],[44.437135,41.675653],[44.436991,41.675617],[44.436849,41.675579],[44.436707,41.675539],[44.436565,41.675498],[44.436425,41.675454],[44.436286,41.675409],[44.436149,41.675362],[44.436013,41.675314],[44.435879,41.675264],[44.435747,41.675213],[44.435593,41.675149],[44.435438,41.675079],[44.435282,41.675005],[44.435126,41.674925],[44.434969,41.674839],[44.43481,41.674748],[44.434649,41.67465],[44.434484,41.674546],[44.434328,41.674443],[44.434168,41.674332],[44.434001,41.674214],[44.433825,41.674085],[44.433476,41.673821],[44.432821,41.673313],[44.432559,41.673107],[44.432296,41.672892],[44.432034,41.67267],[44.43177,41.672438],[44.431505,41.672198],[44.431238,41.671948],[44.430969,41.671688],[44.430697,41.671417],[44.43055,41.671263],[44.430402,41.671098],[44.430253,41.670921],[44.430099,41.670728],[44.429968,41.670557],[44.429826,41.670365],[44.429366,41.669724],[44.429194,41.669488],[44.42902,41.669259],[44.428857,41.669055],[44.428769,41.668948],[44.428681,41.668847],[44.428594,41.668749],[44.428507,41.668656],[44.42842,41.668566],[44.428333,41.668479],[44.428245,41.668396],[44.428156,41.668315],[44.427844,41.668039],[44.427601,41.66783],[44.427376,41.667645],[44.427164,41.667479],[44.427059,41.6674],[44.426954,41.667325],[44.426852,41.667253],[44.42675,41.667185],[44.426649,41.667119],[44.426549,41.667057],[44.426449,41.666998],[44.426349,41.666942],[44.426229,41.666878],[44.426103,41.666815],[44.425971,41.666755],[44.425833,41.666695],[44.425689,41.666637],[44.425539,41.666581],[44.42538,41.666525],[44.425212,41.666469],[44.424934,41.666383],[44.424621,41.666294],[44.424299,41.666207],[44.423426,41.66598],[44.423166,41.665908],[44.422935,41.665842],[44.42253,41.665716],[44.421799,41.665481],[44.421516,41.665392],[44.421229,41.665304],[44.420969,41.66523],[44.420814,41.665188],[44.420664,41.665149],[44.420519,41.665114],[44.420377,41.665082],[44.420239,41.665053],[44.420104,41.665027],[44.419971,41.665004],[44.41984,41.664984],[44.419534,41.664942],[44.419231,41.664906],[44.41893,41.664876],[44.418634,41.664852],[44.418342,41.664834],[44.418056,41.664822],[44.417775,41.664817],[44.4175,41.664817],[44.417232,41.664824],[44.416971,41.664837],[44.416717,41.664856],[44.41647,41.664881],[44.416231,41.664912],[44.415999,41.66495],[44.415886,41.66497],[44.415775,41.664993],[44.415666,41.665017],[44.415559,41.665042],[44.415445,41.665072],[44.415329,41.665105],[44.415212,41.665142],[44.415093,41.665182],[44.414972,41.665227],[44.414848,41.665275],[44.41472,41.665327],[44.414589,41.665384],[44.41438,41.665479],[44.414152,41.66559],[44.413915,41.665709],[44.413259,41.666045],[44.413056,41.666145],[44.412873,41.666232],[44.412319,41.666492],[44.411761,41.666761],[44.411199,41.667037],[44.410633,41.667322],[44.410061,41.667616],[44.409485,41.667918],[44.408902,41.66823],[44.408312,41.668552],[44.407716,41.668883],[44.407112,41.669224],[44.406497,41.669577],[44.40587,41.669942],[44.40523,41.670321],[44.404573,41.670715],[44.403896,41.671126],[44.403194,41.671558],[44.402559,41.671946],[44.401147,41.672801],[44.400557,41.673163],[44.400192,41.673391],[44.399854,41.673605],[44.399536,41.673811],[44.399235,41.67401],[44.398908,41.674231],[44.398598,41.674448],[44.398302,41.674661],[44.398019,41.674871],[44.397748,41.675079],[44.397488,41.675286],[44.39724,41.675492],[44.397002,41.675698],[44.39624,41.67637],[44.395981,41.676603],[44.39575,41.676816],[44.395524,41.677028],[44.395316,41.677231],[44.395122,41.677426],[44.39494,41.677615],[44.394762,41.67781],[44.394595,41.678],[44.394439,41.678187],[44.394294,41.678371],[44.394159,41.678554],[44.394034,41.678734],[44.393918,41.678913],[44.393813,41.679091],[44.393744,41.679215],[44.393678,41.679343],[44.393614,41.679475],[44.393552,41.679611],[44.393491,41.679751],[44.393432,41.679896],[44.393375,41.680047],[44.393318,41.680205],[44.393267,41.680357],[44.393215,41.680517],[44.393111,41.680866],[44.39301,41.681228],[44.392823,41.681934],[44.392652,41.682573],[44.392598,41.682787],[44.392553,41.682981],[44.392512,41.683174],[44.392479,41.683356],[44.392452,41.68353],[44.392432,41.683697],[44.392418,41.683841],[44.392406,41.683985],[44.392397,41.684129],[44.392391,41.684272],[44.392388,41.684416],[44.392387,41.684559],[44.392388,41.684701],[44.392392,41.684843],[44.392399,41.684984],[44.392408,41.685124],[44.39242,41.685263],[44.392434,41.685402],[44.392451,41.685539],[44.392471,41.685676],[44.392493,41.685811],[44.392517,41.685944],[44.392548,41.686095],[44.392582,41.686245],[44.392619,41.686395],[44.392659,41.686544],[44.392701,41.686692],[44.392747,41.68684],[44.392795,41.686986],[44.392847,41.687131],[44.392901,41.687275],[44.392958,41.687418],[44.393017,41.687559],[44.393079,41.687698],[44.393144,41.687835],[44.393211,41.687971],[44.39328,41.688104],[44.393352,41.688236],[44.393439,41.688381],[44.393537,41.688531],[44.393647,41.688685],[44.393772,41.688848],[44.39389,41.688994],[44.394026,41.689154],[44.394514,41.689709],[44.394703,41.689931],[44.3948,41.690049],[44.394889,41.69016],[44.39497,41.690267],[44.395045,41.690371],[44.395173,41.690549],[44.395465,41.690947],[44.395594,41.691124],[44.395725,41.691312],[44.395838,41.691483],[44.395953,41.691669],[44.396004,41.691759],[44.396051,41.691846],[44.396095,41.691932],[44.396135,41.692017],[44.396172,41.6921],[44.396205,41.692182],[44.396275,41.692368],[44.396335,41.692543],[44.396386,41.692711],[44.396428,41.692873],[44.396462,41.693029],[44.396488,41.69318],[44.396505,41.693326],[44.396515,41.693468],[44.39652,41.693565],[44.396537,41.693793],[44.396542,41.693897],[44.396542,41.694016],[44.396535,41.69412],[44.396527,41.694174],[44.396517,41.694224],[44.396504,41.694271],[44.396488,41.694316],[44.39647,41.694358],[44.396449,41.694398],[44.396425,41.694435],[44.396398,41.69447],[44.396352,41.694518],[44.396295,41.694566],[44.396228,41.694613],[44.396148,41.69466],[44.396078,41.694697],[44.395997,41.694737],[44.39567,41.694883],[44.395537,41.694947],[44.395413,41.695014],[44.395115,41.695186],[44.395034,41.695229],[44.394961,41.695265],[44.394871,41.695305],[44.394786,41.695338],[44.394704,41.695364],[44.394623,41.695383],[44.394572,41.695393],[44.394519,41.6954],[44.394407,41.695411],[44.394286,41.695415],[44.394155,41.695412],[44.394017,41.695404],[44.393866,41.695389],[44.393701,41.695368],[44.3935,41.695337],[44.393381,41.695315],[44.393264,41.695286],[44.393147,41.695249],[44.393031,41.695206],[44.392916,41.695156],[44.392801,41.695098],[44.392684,41.695032],[44.392567,41.694959],[44.392471,41.694894],[44.392373,41.694823],[44.392271,41.694745],[44.392164,41.694658],[44.391969,41.694493],[44.391504,41.694083],[44.391376,41.693976],[44.39126,41.693882],[44.391136,41.693788],[44.391017,41.693703],[44.390901,41.693626],[44.390787,41.693558],[44.390603,41.693449],[44.390143,41.693167],[44.39001,41.693089],[44.38989,41.693023],[44.389747,41.69295],[44.389611,41.692887],[44.389478,41.692833],[44.389349,41.692788],[44.389274,41.692765],[44.389196,41.692745],[44.389116,41.692726],[44.389032,41.692709],[44.388945,41.692693],[44.388854,41.69268],[44.388759,41.692668],[44.38866,41.692657],[44.388489,41.692643],[44.388296,41.692632],[44.388112,41.692624],[44.387686,41.69261],[44.387485,41.6926],[44.387312,41.692589],[44.387156,41.692576],[44.386983,41.692559],[44.386789,41.692542],[44.385961,41.692478],[44.38577,41.692461],[44.385598,41.692443],[44.385378,41.692418],[44.385175,41.692389],[44.384984,41.692358],[44.384804,41.692322],[44.38454,41.692264],[44.384279,41.692199],[44.384023,41.69213],[44.383771,41.692055],[44.383525,41.691975],[44.383286,41.691891],[44.383053,41.691803],[44.382829,41.69171],[44.382584,41.691601],[44.382352,41.691492],[44.382134,41.691383],[44.381928,41.691272],[44.381735,41.69116],[44.381555,41.691048],[44.381387,41.690934],[44.381308,41.690876],[44.381232,41.690819],[44.38115,41.690753],[44.38107,41.690685],[44.380991,41.690612],[44.380912,41.690536],[44.380835,41.690456],[44.380758,41.690372],[44.38068,41.690283],[44.380603,41.690189],[44.380464,41.69001],[44.380317,41.689805],[44.380197,41.689631],[44.379926,41.689225],[44.379804,41.689046],[44.379726,41.68893],[44.37965,41.688811],[44.379575,41.688689],[44.379503,41.688563],[44.379432,41.688433],[44.379363,41.688298],[44.379295,41.688159],[44.379228,41.688014],[44.379162,41.687866],[44.379097,41.687712],[44.379031,41.687548],[44.378964,41.687374],[44.378832,41.687017],[44.378581,41.686307],[44.378474,41.68601],[44.378356,41.685701],[44.378244,41.685426],[44.378174,41.685265],[44.378104,41.685112],[44.378033,41.684965],[44.377961,41.684823],[44.377887,41.684686],[44.377812,41.684553],[44.377735,41.684425],[44.377655,41.6843],[44.377517,41.684081],[44.377257,41.683645],[44.377146,41.683464],[44.377025,41.683279],[44.37691,41.683118],[44.376841,41.683028],[44.376772,41.682944],[44.376702,41.682864],[44.376631,41.682789],[44.376559,41.682718],[44.376486,41.682651],[44.376411,41.682587],[44.376334,41.682528],[44.37626,41.682474],[44.376181,41.682421],[44.376098,41.682369],[44.376011,41.682317],[44.375919,41.682265],[44.375823,41.682214],[44.375723,41.682163],[44.375617,41.682112],[44.375508,41.682062],[44.375394,41.682012],[44.375146,41.681909],[44.374868,41.681802],[44.374523,41.681676],[44.374368,41.681621],[44.374214,41.681569],[44.374061,41.681519],[44.373909,41.681472],[44.373757,41.681427],[44.373607,41.681385],[44.373457,41.681345],[44.373309,41.681307],[44.373162,41.681273],[44.373016,41.68124],[44.372872,41.681211],[44.37273,41.681184],[44.372588,41.681159],[44.372449,41.681137],[44.372311,41.681118],[44.372174,41.681101],[44.37199,41.681082],[44.371804,41.681066],[44.371615,41.681054],[44.371426,41.681045],[44.371236,41.68104],[44.371045,41.681038],[44.370855,41.681039],[44.370666,41.681044],[44.370477,41.681053],[44.370291,41.681064],[44.370107,41.68108],[44.369925,41.681098],[44.369746,41.68112],[44.36957,41.681145],[44.369398,41.681174],[44.36923,41.681205],[44.369072,41.681239],[44.368912,41.681278],[44.368749,41.681322],[44.368585,41.681371],[44.368419,41.681425],[44.36825,41.681484],[44.368078,41.681548],[44.367903,41.681617],[44.367727,41.681691],[44.367548,41.681771],[44.367363,41.681856],[44.367174,41.681948],[44.366979,41.682045],[44.366775,41.682151],[44.366561,41.682266],[44.366328,41.682393],[44.366174,41.682481],[44.36602,41.682574],[44.365865,41.682673],[44.36571,41.682777],[44.365555,41.682886],[44.365397,41.683002],[44.365238,41.683125],[44.365075,41.683256],[44.364936,41.683371],[44.364793,41.683492],[44.364643,41.683622],[44.364485,41.683763],[44.364198,41.684026],[44.36353,41.684645],[44.363199,41.684943],[44.362989,41.685132],[44.362777,41.685326],[44.362564,41.685527],[44.362348,41.685734],[44.36213,41.685948],[44.361908,41.68617],[44.361681,41.686402],[44.361447,41.686644],[44.361055,41.687061],[44.360624,41.687528],[44.360216,41.687978],[44.359239,41.689062],[44.358736,41.689613],[44.358484,41.689885],[44.358244,41.690139],[44.358014,41.69038],[44.357791,41.69061],[44.357457,41.690955],[44.357089,41.691343],[44.356741,41.691716],[44.355912,41.692611],[44.355489,41.693062],[44.355079,41.693489],[44.354702,41.693871],[44.354461,41.694109],[44.354226,41.694335],[44.353995,41.694552],[44.353767,41.694759],[44.353541,41.694959],[44.353317,41.695152],[44.353094,41.695338],[44.352871,41.695517],[44.352542,41.695777],[44.352297,41.695967],[44.352074,41.696138],[44.351867,41.696293],[44.351664,41.696441],[44.351468,41.696579],[44.351278,41.696709],[44.351092,41.696831],[44.35067,41.697103],[44.350448,41.697244],[44.350231,41.697377],[44.350032,41.697492],[44.34983,41.697602],[44.349636,41.6977],[44.349541,41.697745],[44.349447,41.697787],[44.349354,41.697826],[44.349261,41.697863],[44.349134,41.697911],[44.349004,41.697958],[44.34887,41.698003],[44.348733,41.698046],[44.348593,41.698087],[44.34845,41.698126],[44.348304,41.698164],[44.348156,41.6982],[44.348005,41.698233],[44.347852,41.698265],[44.347697,41.698295],[44.34754,41.698323],[44.347382,41.698348],[44.347222,41.698372],[44.347062,41.698393],[44.346901,41.698412],[44.346764,41.698424],[44.34662,41.698432],[44.346466,41.698435],[44.346301,41.698433],[44.346158,41.698429],[44.345997,41.698421],[44.345478,41.698389],[44.345295,41.69838],[44.345123,41.698373],[44.344968,41.69837],[44.344824,41.698371],[44.344689,41.698376],[44.344561,41.698385],[44.344438,41.698398],[44.344267,41.698421],[44.344093,41.69845],[44.343916,41.698485],[44.343737,41.698524],[44.343554,41.69857],[44.343368,41.698621],[44.343177,41.698677],[44.342983,41.69874],[44.342788,41.698806],[44.342588,41.698879],[44.342381,41.698958],[44.342165,41.699044],[44.341942,41.699136],[44.341703,41.699238],[44.341441,41.699353],[44.341108,41.699502],[44.340593,41.699733],[44.340276,41.699878],[44.339984,41.700015],[44.339721,41.700143],[44.339467,41.700273],[44.339232,41.700399],[44.339014,41.700523],[44.338811,41.700645],[44.338613,41.700773],[44.33852,41.700837],[44.33843,41.700901],[44.338344,41.700965],[44.338261,41.70103],[44.338181,41.701094],[44.338104,41.701159],[44.338031,41.701224],[44.337961,41.701289],[44.337894,41.701355],[44.33783,41.70142],[44.33777,41.701487],[44.337712,41.701554],[44.337658,41.701621],[44.337607,41.701688],[44.337563,41.70175],[44.33752,41.701814],[44.337479,41.70188],[44.337438,41.70195],[44.33736,41.702097],[44.337284,41.702259],[44.33722,41.702409],[44.337154,41.702578],[44.33696,41.703114],[44.336894,41.703289],[44.33672,41.703748],[44.336651,41.70394],[44.33659,41.704119],[44.336533,41.704292],[44.336483,41.704457],[44.336437,41.704616],[44.336397,41.70477],[44.336356,41.704953],[44.336322,41.705144],[44.336295,41.705346],[44.336274,41.705561],[44.336261,41.705764],[44.336251,41.705989],[44.336245,41.706215],[44.336233,41.706815],[44.33622,41.707154],[44.336208,41.707335],[44.336193,41.707504],[44.336174,41.707665],[44.336152,41.707818],[44.336116,41.708063],[44.336056,41.708545],[44.336029,41.708744],[44.335995,41.70895],[44.335959,41.709134],[44.335935,41.709238],[44.335908,41.709338],[44.33588,41.709433],[44.335849,41.709525],[44.335816,41.709613],[44.335781,41.709699],[44.335743,41.709781],[44.335702,41.709861],[44.335652,41.709953],[44.335598,41.710045],[44.33554,41.710137],[44.335479,41.710229],[44.335414,41.710321],[44.335346,41.710414],[44.335275,41.710506],[44.335201,41.710597],[44.335124,41.710688],[44.335043,41.710779],[44.33496,41.710868],[44.334875,41.710957],[44.334787,41.711045],[44.334696,41.711131],[44.334604,41.711216],[44.33451,41.711299],[44.334241,41.711527],[44.334131,41.711617],[44.334028,41.711699],[44.333927,41.711776],[44.333828,41.711848],[44.333732,41.711914],[44.333638,41.711976],[44.333543,41.712036],[44.333448,41.71209],[44.333355,41.712141],[44.333262,41.712187],[44.333169,41.712229],[44.333077,41.712268],[44.332985,41.712302],[44.332893,41.712332],[44.332757,41.712371],[44.332613,41.712406],[44.332461,41.712436],[44.332302,41.712463],[44.332135,41.712485],[44.331963,41.712503],[44.331786,41.712517],[44.331606,41.712525],[44.331371,41.712531],[44.331158,41.712531],[44.33096,41.712525],[44.330777,41.712512],[44.33069,41.712503],[44.330606,41.712493],[44.330524,41.712481],[44.330446,41.712467],[44.330371,41.712452],[44.330298,41.712435],[44.330228,41.712417],[44.330162,41.712397],[44.330096,41.712374],[44.330029,41.712349],[44.329962,41.712321],[44.329895,41.712291],[44.329827,41.712257],[44.329759,41.712221],[44.32969,41.712183],[44.329621,41.712141],[44.329551,41.712097],[44.329481,41.71205],[44.329339,41.711948],[44.329194,41.711834],[44.329044,41.711708],[44.328971,41.71164],[44.3289,41.711569],[44.328832,41.711493],[44.328767,41.711412],[44.328704,41.711328],[44.328644,41.711238],[44.328586,41.711143],[44.328529,41.711043],[44.328479,41.710946],[44.32843,41.710844],[44.328381,41.710735],[44.328332,41.710617],[44.328246,41.710397],[44.328046,41.709857],[44.328012,41.709763],[44.327979,41.709667],[44.327948,41.709568],[44.327919,41.709467],[44.327865,41.709254],[44.327817,41.709023],[44.327781,41.708824],[44.327746,41.7086],[44.32765,41.707883],[44.327615,41.707637],[44.327578,41.707411],[44.327539,41.707206],[44.327503,41.707017],[44.32747,41.706805],[44.327442,41.706602],[44.327383,41.706127],[44.32735,41.705899],[44.327316,41.705694],[44.327279,41.70551],[44.32725,41.70539],[44.32722,41.705275],[44.327186,41.705166],[44.32715,41.705061],[44.327111,41.704959],[44.327069,41.704862],[44.327024,41.704767],[44.326976,41.704675],[44.326907,41.704553],[44.326837,41.704435],[44.326767,41.704321],[44.326695,41.704212],[44.326623,41.704106],[44.32655,41.704004],[44.326476,41.703906],[44.326401,41.703812],[44.326325,41.703721],[44.326248,41.703633],[44.32617,41.703549],[44.32609,41.703469],[44.326009,41.703393],[44.325928,41.70332],[44.325845,41.70325],[44.32576,41.703184],[44.325673,41.703119],[44.325581,41.703055],[44.325486,41.702992],[44.325388,41.70293],[44.325287,41.70287],[44.325184,41.702811],[44.325078,41.702754],[44.324969,41.702698],[44.324859,41.702644],[44.324747,41.702593],[44.324634,41.702543],[44.324519,41.702496],[44.324404,41.702451],[44.324288,41.702408],[44.324172,41.702369],[44.324056,41.702331],[44.323907,41.702289],[44.323748,41.70225],[44.323577,41.702214],[44.323392,41.702181],[44.323212,41.702153],[44.32301,41.702126],[44.322293,41.70204],[44.322175,41.702027],[44.322055,41.702015],[44.321931,41.702005],[44.321804,41.701997],[44.321673,41.701991],[44.321538,41.701987],[44.321398,41.701985],[44.321252,41.701984],[44.321001,41.701987],[44.32072,41.701994],[44.320449,41.702004],[44.319791,41.702031],[44.319449,41.702042],[44.319115,41.702047],[44.318962,41.702047],[44.318815,41.702044],[44.318658,41.702039],[44.318507,41.702032],[44.318361,41.702022],[44.318219,41.702009],[44.318082,41.701994],[44.317948,41.701976],[44.317817,41.701956],[44.31769,41.701933],[44.317401,41.701874],[44.317129,41.701813],[44.316872,41.701751],[44.316627,41.701686],[44.316395,41.701619],[44.316175,41.701549],[44.315966,41.701476],[44.315769,41.7014],[44.315633,41.701343],[44.315498,41.70128],[44.315363,41.701213],[44.315228,41.70114],[44.315092,41.701062],[44.314955,41.700977],[44.314815,41.700887],[44.314673,41.70079],[44.314555,41.700705],[44.314434,41.700615],[44.314308,41.700518],[44.314174,41.700413],[44.313927,41.700212],[44.313326,41.699713],[44.313158,41.699577],[44.313006,41.699458],[44.312761,41.699272],[44.312235,41.698881],[44.312007,41.69871],[44.311771,41.698527],[44.311566,41.698359],[44.311454,41.698264],[44.311349,41.698171],[44.311249,41.698081],[44.311156,41.697991],[44.311067,41.697902],[44.310984,41.697814],[44.310905,41.697727],[44.31083,41.697639],[44.310645,41.69741],[44.310486,41.697201],[44.310413,41.6971],[44.310345,41.697003],[44.310281,41.696907],[44.310222,41.696813],[44.310166,41.696721],[44.310114,41.69663],[44.310066,41.69654],[44.310022,41.696451],[44.309982,41.696364],[44.309945,41.696278],[44.309912,41.696193],[44.309883,41.696109],[44.309814,41.695884],[44.309786,41.69578],[44.309761,41.695681],[44.309741,41.695586],[44.309723,41.695493],[44.309709,41.695404],[44.309699,41.695317],[44.309691,41.695232],[44.309688,41.69515],[44.309687,41.69507],[44.309691,41.694992],[44.309697,41.694917],[44.309707,41.694844],[44.309721,41.694773],[44.309738,41.694704],[44.309756,41.694642],[44.309778,41.694579],[44.309802,41.694515],[44.309829,41.694451],[44.309859,41.694386],[44.309891,41.694321],[44.309964,41.694192],[44.310046,41.694064],[44.310136,41.693939],[44.310234,41.693819],[44.310285,41.693761],[44.310337,41.693705],[44.310387,41.693655],[44.310441,41.693605],[44.310499,41.693555],[44.31056,41.693506],[44.310625,41.693457],[44.310695,41.693407],[44.310768,41.693357],[44.310847,41.693307],[44.311009,41.69321],[44.311195,41.693108],[44.3114,41.693001],[44.311738,41.692831],[44.311894,41.692756],[44.312056,41.692685],[44.312225,41.692617],[44.312403,41.692553],[44.312588,41.692492],[44.312783,41.692433],[44.312988,41.692377],[44.313204,41.692324],[44.313384,41.692282],[44.313575,41.692241],[44.313778,41.692201],[44.313997,41.69216],[44.314401,41.692089],[44.315341,41.691932],[44.315575,41.691891],[44.315785,41.691852],[44.315983,41.691813],[44.316169,41.691775],[44.316346,41.691736],[44.316514,41.691696],[44.316888,41.691605],[44.317305,41.691506],[44.318703,41.691182],[44.319226,41.691059],[44.319744,41.690934],[44.320209,41.690818],[44.320491,41.690745],[44.32076,41.690673],[44.321019,41.690602],[44.32127,41.690531],[44.321513,41.69046],[44.321749,41.690389],[44.321979,41.690317],[44.322203,41.690245],[44.322553,41.690127],[44.322908,41.690002],[44.323268,41.689869],[44.323634,41.689729],[44.324005,41.689581],[44.324385,41.689425],[44.324774,41.689259],[44.325174,41.689084],[44.325549,41.688915],[44.32594,41.688736],[44.326349,41.688544],[44.326784,41.688337],[44.327595,41.687943],[44.329515,41.686998],[44.329985,41.686766],[44.330471,41.686519],[44.330978,41.686255],[44.331515,41.685969],[44.332006,41.685704],[44.33255,41.685406],[44.334488,41.684331],[44.335274,41.683899],[44.335696,41.68367],[44.336092,41.683458],[44.336471,41.683258],[44.336834,41.683069],[44.337539,41.68271],[44.338276,41.682341],[44.339053,41.68196],[44.33988,41.68156],[44.340719,41.681161],[44.34165,41.680722],[44.342617,41.680272],[44.345291,41.679028],[44.346109,41.678645],[44.346842,41.678299],[44.347681,41.677898],[44.348462,41.67752],[44.3492,41.677157],[44.349902,41.676805],[44.350409,41.67655],[44.355308,41.673766],[44.356088,41.673284],[44.356822,41.6728],[44.359276,41.671094],[44.360177,41.670454],[44.360565,41.670169],[44.363309,41.667943],[44.365318,41.666132],[44.36559,41.665843],[44.365858,41.665553],[44.366122,41.665261],[44.366326,41.665031],[44.366529,41.664798],[44.366731,41.664562],[44.366932,41.664324],[44.367132,41.664082],[44.367331,41.663837],[44.367529,41.66359],[44.367726,41.663339],[44.367922,41.663086],[44.368116,41.662829],[44.36831,41.66257],[44.368503,41.662307],[44.368695,41.662042],[44.368885,41.661773],[44.369075,41.661502],[44.369264,41.661227],[44.369381,41.661059],[44.369516,41.660872],[44.369999,41.660225],[44.370185,41.65997],[44.37028,41.659835],[44.370367,41.659708],[44.370447,41.659587],[44.370521,41.659471],[44.370606,41.659329],[44.370684,41.659192],[44.370754,41.659059],[44.370817,41.658929],[44.370873,41.658801],[44.370923,41.658675],[44.370966,41.658551],[44.371003,41.658428],[44.371045,41.658262],[44.371081,41.658087],[44.37111,41.657904],[44.371134,41.65771],[44.371152,41.657507],[44.371165,41.657286],[44.371174,41.657043],[44.37118,41.656744],[44.371185,41.656573],[44.371205,41.656167],[44.371211,41.655984],[44.371211,41.655791],[44.371208,41.655703],[44.371202,41.65562],[44.371193,41.655527],[44.371181,41.655439],[44.371165,41.655354],[44.371146,41.655273],[44.371124,41.655195],[44.371099,41.65512],[44.37107,41.655048],[44.371037,41.654978],[44.371005,41.654918],[44.37097,41.654857],[44.370931,41.654796],[44.370889,41.654734],[44.370843,41.654671],[44.370793,41.654607],[44.370739,41.654542],[44.370681,41.654476],[44.370557,41.654342],[44.370413,41.654199],[44.370248,41.654044],[44.370032,41.653849],[44.369857,41.653698],[44.369683,41.653556],[44.36951,41.653422],[44.369337,41.653296],[44.369165,41.653179],[44.368993,41.653071],[44.368821,41.652971],[44.36865,41.652879],[44.368559,41.652834],[44.368465,41.65279],[44.368366,41.652748],[44.368263,41.652706],[44.368156,41.652665],[44.368044,41.652625],[44.367926,41.652586],[44.367802,41.652547],[44.367578,41.652482],[44.367325,41.652413],[44.367081,41.652351],[44.366517,41.652212],[44.36625,41.652144],[44.366034,41.652087],[44.365812,41.652031],[44.365587,41.651976],[44.365356,41.651922],[44.36512,41.651869],[44.364878,41.651816],[44.364374,41.651711],[44.363848,41.651609],[44.363281,41.651506],[44.362659,41.651398],[44.361926,41.651277],[44.361126,41.65115],[44.360751,41.651094],[44.360388,41.651041],[44.360035,41.650991],[44.359691,41.650945],[44.359355,41.650902],[44.359027,41.650862],[44.358703,41.650825],[44.358386,41.650791],[44.358074,41.650759],[44.357767,41.650731],[44.357465,41.650705],[44.357167,41.650683],[44.356873,41.650663],[44.356583,41.650646],[44.356381,41.650635],[44.356174,41.650627],[44.355962,41.65062],[44.355745,41.650615],[44.355292,41.65061],[44.354806,41.650611],[44.354387,41.650617],[44.353919,41.650627],[44.352438,41.65067],[44.351937,41.650682],[44.351485,41.650691],[44.351074,41.650695],[44.350526,41.650696],[44.349921,41.650695],[44.347631,41.650681],[44.34667,41.650679],[44.34615,41.65068],[44.345664,41.650684],[44.345203,41.65069],[44.344762,41.650699],[44.343637,41.650727],[44.34267,41.650756],[44.341784,41.650788],[44.340956,41.650824],[44.34016,41.650865],[44.339777,41.650888],[44.339401,41.650911],[44.339032,41.650937],[44.338671,41.650963],[44.338315,41.650992],[44.337965,41.651021],[44.337781,41.651039],[44.337588,41.651059],[44.337386,41.651082],[44.33717,41.651109],[44.336756,41.651165],[44.33568,41.651317],[44.335364,41.651358],[44.335079,41.651392],[44.334758,41.651426],[44.334457,41.651451],[44.33417,41.651469],[44.333895,41.651479],[44.333739,41.651486],[44.333558,41.6515],[44.33338,41.651517],[44.332932,41.651565],[44.332698,41.651586],[44.332583,41.651593],[44.332476,41.651598],[44.332377,41.6516],[44.332284,41.651599],[44.332171,41.651594],[44.332067,41.651585],[44.331971,41.65157],[44.331883,41.651551],[44.331801,41.651527],[44.331726,41.651498],[44.331658,41.651465],[44.331596,41.651426],[44.33156,41.651399],[44.331524,41.651369],[44.331489,41.651337],[44.331455,41.651301],[44.331387,41.651223],[44.331321,41.651134],[44.331256,41.651034],[44.331193,41.650922],[44.331132,41.650799],[44.331069,41.65066],[44.331038,41.650583],[44.331011,41.650504],[44.330988,41.650422],[44.330969,41.650337],[44.330953,41.650249],[44.330941,41.650159],[44.330933,41.650067],[44.330929,41.649972],[44.330928,41.649874],[44.330932,41.649775],[44.330939,41.649673],[44.33095,41.649569],[44.330965,41.649463],[44.330983,41.649356],[44.331005,41.649246],[44.331031,41.649136],[44.331052,41.64906],[44.331076,41.648984],[44.331104,41.648907],[44.331136,41.648828],[44.331172,41.648747],[44.331212,41.648665],[44.331256,41.648581],[44.331304,41.648494],[44.331408,41.648321],[44.331532,41.648133],[44.331675,41.64793],[44.331903,41.647616],[44.331985,41.647505],[44.332071,41.647394],[44.332161,41.647283],[44.332253,41.647171],[44.33235,41.647059],[44.33245,41.646948],[44.332553,41.646835],[44.332659,41.646723],[44.332769,41.646611],[44.332883,41.646498],[44.332999,41.646385],[44.333119,41.646273],[44.333243,41.64616],[44.33337,41.646047],[44.3335,41.645934],[44.333633,41.645821],[44.333776,41.645703],[44.333924,41.645586],[44.334075,41.645469],[44.334229,41.645354],[44.334388,41.645239],[44.33455,41.645125],[44.334715,41.645013],[44.334883,41.644902],[44.335054,41.644793],[44.335228,41.644684],[44.335405,41.644578],[44.335585,41.644473],[44.335767,41.644369],[44.335951,41.644268],[44.336137,41.644169],[44.336325,41.644071],[44.336496,41.643987],[44.336673,41.643904],[44.336856,41.643822],[44.337047,41.643742],[44.337246,41.643663],[44.337453,41.643584],[44.33767,41.643505],[44.337898,41.643426],[44.338256,41.643309],[44.338654,41.643185],[44.33909,41.643055],[44.339981,41.642797],[44.340358,41.642686],[44.340752,41.642566],[44.341102,41.642454],[44.341812,41.642223],[44.342539,41.641991],[44.343285,41.641757],[44.344051,41.641521],[44.344838,41.641282],[44.345652,41.64104],[44.346495,41.640792],[44.347375,41.640537],[44.348103,41.640328],[44.348866,41.640112],[44.350533,41.639645],[44.352119,41.639207],[44.355832,41.638185],[44.357643,41.637683],[44.358492,41.637444],[44.359291,41.637218],[44.360054,41.637],[44.360786,41.636788],[44.362681,41.636235],[44.364653,41.635658],[44.366717,41.63505],[44.368905,41.634403],[44.37354,41.633027],[44.383001,41.630205],[44.387039,41.629004],[44.389237,41.628352],[44.39129,41.627745],[44.39324,41.627171],[44.395107,41.626623],[44.397865,41.625817],[44.400715,41.624986],[44.403674,41.624126],[44.406767,41.623228],[44.41342,41.621303],[44.421482,41.618976],[44.424001,41.618248],[44.430227,41.616444],[44.433528,41.615492],[44.43537,41.614964],[44.437092,41.614474],[44.438728,41.614012],[44.440294,41.613573],[44.440825,41.613428],[44.441411,41.613273],[44.442073,41.613102],[44.443459,41.612752],[44.444056,41.612599],[44.444684,41.612434],[44.445244,41.612283],[44.445574,41.61219],[44.44589,41.6121],[44.446194,41.61201],[44.446488,41.611921],[44.446773,41.611832],[44.44705,41.611742],[44.447319,41.611653],[44.447582,41.611562],[44.447935,41.61144],[44.448772,41.611154],[44.449183,41.61101],[44.449419,41.610926],[44.449638,41.610845],[44.449844,41.610767],[44.45004,41.610691],[44.45025,41.610607],[44.45045,41.610523],[44.450642,41.61044],[44.450826,41.610356],[44.451003,41.610272],[44.451174,41.610188],[44.451339,41.610103],[44.451497,41.610016],[44.451714,41.609894],[44.451918,41.609777],[44.452111,41.609662],[44.452295,41.60955],[44.452471,41.60944],[44.452639,41.609331],[44.4528,41.609223],[44.452954,41.609115],[44.453103,41.609008],[44.453245,41.608901],[44.45338,41.608795],[44.45351,41.608688],[44.453634,41.608582],[44.453752,41.608476],[44.453864,41.608369],[44.453971,41.608263],[44.454068,41.608161],[44.454163,41.608057],[44.454256,41.607952],[44.454347,41.607845],[44.454435,41.607737],[44.454521,41.607628],[44.454604,41.607518],[44.454685,41.607406],[44.454762,41.607295],[44.454836,41.607182],[44.454908,41.607069],[44.454976,41.606956],[44.455041,41.606843],[44.455102,41.60673],[44.45516,41.606617],[44.455215,41.606504],[44.455278,41.606367],[44.455336,41.606234],[44.455389,41.606102],[44.455439,41.605973],[44.455485,41.605846],[44.455526,41.605721],[44.455563,41.605598],[44.455596,41.605477],[44.455625,41.605358],[44.45565,41.605241],[44.455671,41.605126],[44.455687,41.605013],[44.4557,41.604902],[44.455708,41.604793],[44.455712,41.604686],[44.455712,41.60458],[44.45571,41.604503],[44.455705,41.604424],[44.455687,41.604261],[44.455659,41.604091],[44.455621,41.603913],[44.455573,41.603727],[44.455514,41.603528],[44.455442,41.603311],[44.455351,41.603054],[44.455244,41.602755],[44.455192,41.602616],[44.455137,41.602478],[44.455083,41.602356],[44.455023,41.602235],[44.454961,41.602124],[44.454896,41.602022],[44.454826,41.601928],[44.454772,41.601863],[44.454713,41.601797],[44.45465,41.601732],[44.454582,41.601667],[44.454509,41.601602],[44.454431,41.601536],[44.454349,41.601471],[44.454261,41.601405],[44.45417,41.601339],[44.454073,41.601273],[44.45397,41.601206],[44.453861,41.601138],[44.453745,41.601068],[44.453622,41.600996],[44.453339,41.600838],[44.45324,41.600785],[44.453138,41.600733],[44.452927,41.600631],[44.452705,41.600533],[44.452475,41.600439],[44.452235,41.600349],[44.451988,41.600263],[44.451734,41.600183],[44.451474,41.600107],[44.45133,41.600069],[44.451181,41.600033],[44.451028,41.6],[44.450869,41.59997],[44.450705,41.599941],[44.450535,41.599915],[44.450359,41.599891],[44.450174,41.59987],[44.450001,41.599852],[44.44982,41.599835],[44.449628,41.59982],[44.449421,41.599805],[44.449054,41.599783],[44.448057,41.59973],[44.44792,41.599723],[44.447777,41.599718],[44.447627,41.599715],[44.447465,41.599714],[44.447159,41.599717],[44.446385,41.599733],[44.446165,41.599734],[44.445967,41.599732],[44.445749,41.599725],[44.445546,41.599714],[44.445354,41.599697],[44.445171,41.599676],[44.444915,41.599637],[44.444653,41.599591],[44.444385,41.599536],[44.44411,41.599474],[44.443828,41.599404],[44.443539,41.599326],[44.44324,41.599239],[44.442931,41.599143],[44.442512,41.599006],[44.442325,41.598943],[44.44215,41.598881],[44.441983,41.598819],[44.441823,41.598759],[44.44167,41.598698],[44.441524,41.598637],[44.441382,41.598576],[44.441245,41.598514],[44.441114,41.598451],[44.440989,41.598388],[44.440868,41.598325],[44.440752,41.59826],[44.440641,41.598195],[44.440534,41.598129],[44.440425,41.598056],[44.440316,41.597978],[44.440208,41.597896],[44.4401,41.597809],[44.439993,41.597718],[44.439886,41.59762],[44.439779,41.597518],[44.43967,41.597409],[44.439571,41.597304],[44.439469,41.597194],[44.439364,41.597075],[44.439254,41.596947],[44.439055,41.596707],[44.438574,41.596113],[44.438402,41.595901],[44.438234,41.595685],[44.438069,41.595467],[44.437908,41.595246],[44.437751,41.595023],[44.437599,41.594798],[44.437451,41.59457],[44.437307,41.594342],[44.437068,41.593951],[44.436911,41.593688],[44.436773,41.593447],[44.436654,41.593226],[44.436547,41.593008],[44.436454,41.592802],[44.436413,41.592702],[44.436375,41.592603],[44.43634,41.592506],[44.436309,41.592411],[44.436267,41.592272],[44.436231,41.592128],[44.436199,41.591981],[44.436171,41.59183],[44.436148,41.591675],[44.43613,41.591514],[44.436116,41.591349],[44.436105,41.591177],[44.4361,41.591006],[44.436098,41.590828],[44.4361,41.590641],[44.436106,41.590443],[44.436116,41.59024],[44.43613,41.590018],[44.436174,41.589442],[44.43619,41.589269],[44.436211,41.589093],[44.436236,41.588914],[44.436265,41.58873],[44.436299,41.588543],[44.436337,41.588351],[44.43638,41.588153],[44.436428,41.587949],[44.436478,41.587751],[44.436532,41.587544],[44.436592,41.587328],[44.436659,41.587098],[44.436802,41.586624],[44.437061,41.585795],[44.437135,41.58556],[44.437214,41.585322],[44.437295,41.58508],[44.437381,41.584836],[44.43747,41.584588],[44.437564,41.584337],[44.437763,41.583822],[44.437978,41.58329],[44.438212,41.582733],[44.438469,41.582145],[44.438754,41.581511],[44.438994,41.580994],[44.439245,41.580472],[44.439507,41.579946],[44.439779,41.579414],[44.440063,41.578877],[44.440357,41.578334],[44.440664,41.577785],[44.440982,41.577229],[44.441266,41.576744],[44.441546,41.576274],[44.441824,41.575819],[44.442101,41.575376],[44.442376,41.574944],[44.442652,41.574522],[44.442927,41.574111],[44.443203,41.573709],[44.443375,41.573458],[44.443867,41.572728],[44.444025,41.572501],[44.44417,41.5723],[44.444337,41.572079],[44.4445,41.571876],[44.444662,41.571687],[44.444824,41.571511],[44.444915,41.571417],[44.44501,41.571323],[44.445108,41.571228],[44.445211,41.571132],[44.44543,41.570936],[44.445669,41.570732],[44.445918,41.570529],[44.446198,41.570308],[44.446501,41.570076],[44.44703,41.569676],[44.44775,41.569133],[44.448011,41.568939],[44.44825,41.568764],[44.448487,41.568594],[44.448713,41.568436],[44.448931,41.568287],[44.449142,41.568146],[44.449358,41.568006],[44.44957,41.567873],[44.449779,41.567747],[44.449985,41.567628],[44.450189,41.567514],[44.450391,41.567406],[44.450591,41.567304],[44.450791,41.567206],[44.451008,41.567106],[44.451233,41.567008],[44.451466,41.566912],[44.451708,41.566818],[44.451959,41.566725],[44.45222,41.566633],[44.452492,41.566542],[44.452775,41.566452],[44.453054,41.566368],[44.453346,41.566282],[44.453655,41.566196],[44.453986,41.566106],[44.45431,41.566021],[44.454672,41.565928],[44.455879,41.565626],[44.456126,41.565565],[44.456385,41.565504],[44.456659,41.565441],[44.456954,41.565377],[44.457493,41.565262],[44.458672,41.565019],[44.459144,41.564919],[44.459701,41.564801],[44.460287,41.564682],[44.460907,41.564561],[44.461573,41.564435],[44.462151,41.564329],[44.462796,41.564213],[44.464878,41.563847],[44.465612,41.563717],[44.466303,41.563592],[44.466929,41.563475],[44.467505,41.563364],[44.468049,41.563256],[44.468567,41.563149],[44.469065,41.563042],[44.469412,41.562965],[44.46975,41.562888],[44.470081,41.56281],[44.470404,41.562731],[44.470721,41.562652],[44.471031,41.562571],[44.471336,41.56249],[44.471635,41.562407],[44.47193,41.562323],[44.472219,41.562238],[44.472503,41.562152],[44.472783,41.562064],[44.473059,41.561975],[44.47333,41.561884],[44.473597,41.561792],[44.47386,41.561698],[44.475098,41.561256],[44.475569,41.561085],[44.475829,41.560988],[44.47607,41.560895],[44.476297,41.560806],[44.476513,41.560718],[44.476742,41.560622],[44.476959,41.560527],[44.477168,41.560432],[44.477368,41.560338],[44.47756,41.560242],[44.477745,41.560146],[44.477923,41.56005],[44.478094,41.559952],[44.478304,41.559827],[44.47851,41.559699],[44.478713,41.55957],[44.478913,41.559438],[44.479109,41.559305],[44.4793,41.55917],[44.479487,41.559033],[44.479669,41.558895],[44.479847,41.558756],[44.480019,41.558616],[44.480186,41.558475],[44.480349,41.558333],[44.480505,41.55819],[44.480657,41.558046],[44.480802,41.557902],[44.480942,41.557758],[44.481093,41.557597],[44.481237,41.557438],[44.481375,41.55728],[44.481506,41.557124],[44.481632,41.556969],[44.481751,41.556816],[44.481865,41.556664],[44.481973,41.556514],[44.482074,41.556365],[44.48217,41.556217],[44.482259,41.556071],[44.482343,41.555925],[44.48242,41.555782],[44.482492,41.555639],[44.482558,41.555498],[44.482617,41.555358],[44.482665,41.555235],[44.482709,41.555108],[44.48275,41.554977],[44.482787,41.554842],[44.482821,41.554702],[44.482852,41.554559],[44.482879,41.55441],[44.482904,41.554255],[44.482924,41.554102],[44.482942,41.553942],[44.482958,41.553773],[44.482971,41.553594],[44.482992,41.553213],[44.483013,41.552632],[44.483025,41.552213],[44.483029,41.551873],[44.483025,41.551564],[44.483013,41.551279],[44.483003,41.55114],[44.482991,41.551005],[44.482977,41.550874],[44.482961,41.550746],[44.482942,41.550622],[44.482921,41.5505],[44.482897,41.550381],[44.482872,41.550265],[44.482837,41.550129],[44.482799,41.549991],[44.482756,41.549852],[44.482708,41.54971],[44.482656,41.549566],[44.482599,41.549419],[44.482537,41.549269],[44.48247,41.549116],[44.482399,41.548962],[44.482323,41.548803],[44.482241,41.548639],[44.482152,41.54847],[44.482058,41.548294],[44.481956,41.548109],[44.481717,41.547692],[44.481519,41.54736],[44.481418,41.547199],[44.481317,41.54704],[44.481215,41.546885],[44.481112,41.546732],[44.481008,41.546583],[44.480903,41.546436],[44.480797,41.546291],[44.48069,41.54615],[44.480582,41.546011],[44.480473,41.545875],[44.480363,41.545741],[44.480252,41.545611],[44.48014,41.545483],[44.480027,41.545357],[44.479892,41.545213],[44.479753,41.545069],[44.479609,41.544925],[44.479461,41.54478],[44.479308,41.544636],[44.47915,41.544492],[44.478988,41.544348],[44.478821,41.544204],[44.478649,41.544061],[44.478473,41.543917],[44.478292,41.543773],[44.478107,41.54363],[44.477918,41.543487],[44.477723,41.543344],[44.477525,41.543201],[44.477322,41.543058],[44.477165,41.542951],[44.477004,41.542843],[44.476837,41.542736],[44.476666,41.542628],[44.476489,41.542519],[44.476306,41.54241],[44.476118,41.5423],[44.475923,41.542189],[44.475724,41.542077],[44.475517,41.541964],[44.475076,41.54173],[44.474591,41.541481],[44.474026,41.541198],[44.473641,41.54101],[44.473243,41.540823],[44.472829,41.540635],[44.472398,41.540446],[44.47195,41.540256],[44.471481,41.540062],[44.470986,41.539863],[44.470461,41.539657],[44.470064,41.539501],[44.469006,41.539083],[44.468689,41.53896],[44.468403,41.538851],[44.468076,41.538729],[44.46777,41.538619],[44.467477,41.538517],[44.467196,41.538423],[44.466896,41.538328],[44.466605,41.53824],[44.466321,41.53816],[44.466043,41.538088],[44.46577,41.538022],[44.465501,41.537963],[44.465237,41.537911],[44.464976,41.537866],[44.464712,41.537827],[44.464435,41.537792],[44.46414,41.537762],[44.463822,41.537736],[44.463573,41.537718],[44.463299,41.537702],[44.462096,41.537642],[44.461813,41.537626],[44.46156,41.537609],[44.460743,41.537553],[44.459909,41.5375],[44.459057,41.537449],[44.458182,41.5374],[44.457286,41.537353],[44.456361,41.537308],[44.455405,41.537265],[44.45441,41.537223],[44.452711,41.537157],[44.450818,41.537091],[44.449003,41.537033],[44.444613,41.536897],[44.442355,41.536822],[44.441225,41.536781],[44.440162,41.53674],[44.439151,41.536698],[44.438181,41.536655],[44.435598,41.536533],[44.432897,41.5364],[44.43005,41.536255],[44.426999,41.536094],[44.424369,41.535952],[44.421435,41.53579],[44.40926,41.535111],[44.406663,41.534968],[44.404292,41.53484],[44.403659,41.534807],[44.403001,41.534775],[44.402314,41.534744],[44.401589,41.534714],[44.400789,41.534682],[44.399905,41.534649],[44.396282,41.534522],[44.394697,41.534462],[44.393831,41.534427],[44.393023,41.534392],[44.392257,41.534355],[44.391524,41.534318],[44.390639,41.534268],[44.389789,41.534215],[44.388969,41.534158],[44.388174,41.534098],[44.3874,41.534034],[44.386645,41.533966],[44.385908,41.533893],[44.385187,41.533816],[44.384578,41.533751],[44.383312,41.533621],[44.382768,41.533564],[44.382195,41.5335],[44.381684,41.533437],[44.381397,41.533399],[44.381122,41.533361],[44.380857,41.533321],[44.3806,41.533281],[44.38035,41.533239],[44.380108,41.533196],[44.379871,41.533151],[44.379641,41.533105],[44.379395,41.533052],[44.379145,41.532994],[44.378891,41.532932],[44.378633,41.532865],[44.378369,41.532792],[44.378099,41.532715],[44.377821,41.532631],[44.377533,41.532541],[44.377292,41.532463],[44.377041,41.53238],[44.376495,41.532193],[44.375972,41.532008],[44.374688,41.531549],[44.374332,41.531423],[44.374011,41.531313],[44.373663,41.531196],[44.373335,41.531089],[44.373022,41.530991],[44.372721,41.530901],[44.37251,41.530837],[44.372275,41.530764],[44.371519,41.530522],[44.37125,41.530437],[44.370994,41.530359],[44.370762,41.530291],[44.370472,41.530213],[44.370199,41.530146],[44.370067,41.530116],[44.369938,41.530089],[44.369811,41.530064],[44.369686,41.530042],[44.369424,41.529999],[44.369163,41.529961],[44.368905,41.529927],[44.36865,41.529898],[44.368397,41.529874],[44.368147,41.529854],[44.367901,41.52984],[44.367659,41.52983],[44.367313,41.529821],[44.366994,41.529819],[44.366696,41.529823],[44.366414,41.529833],[44.366146,41.52985],[44.366017,41.52986],[44.365891,41.529873],[44.365768,41.529886],[44.365647,41.529902],[44.36553,41.529919],[44.365416,41.529938],[44.365262,41.529967],[44.365107,41.53],[44.36495,41.530039],[44.36479,41.530083],[44.364628,41.530132],[44.364463,41.530186],[44.364294,41.530246],[44.364121,41.530311],[44.363953,41.530378],[44.363779,41.530451],[44.363597,41.530531],[44.363406,41.530617],[44.363219,41.530705],[44.363012,41.530805],[44.362361,41.531124],[44.362234,41.531188],[44.362107,41.531254],[44.36198,41.531322],[44.361854,41.531392],[44.361727,41.531464],[44.361601,41.531539],[44.361348,41.531696],[44.361094,41.531862],[44.360837,41.53204],[44.360578,41.532229],[44.360313,41.532431],[44.360101,41.532598],[44.359883,41.532775],[44.359657,41.532965],[44.359419,41.533169],[44.359201,41.533359],[44.358962,41.533572],[44.358114,41.534336],[44.357771,41.534641],[44.357414,41.534953],[44.357088,41.535227],[44.356923,41.535366],[44.356755,41.535513],[44.356581,41.535669],[44.356398,41.535837],[44.356225,41.536],[44.356035,41.536183],[44.355331,41.536869],[44.355035,41.537153],[44.354721,41.537446],[44.354575,41.537579],[44.354433,41.537704],[44.35426,41.537852],[44.35409,41.537991],[44.353923,41.538124],[44.353758,41.53825],[44.353594,41.53837],[44.35343,41.538484],[44.353266,41.538592],[44.353102,41.538695],[44.352884,41.538827],[44.352664,41.538956],[44.352443,41.539082],[44.35222,41.539204],[44.351996,41.539324],[44.351771,41.53944],[44.351546,41.539553],[44.35132,41.539662],[44.351093,41.539767],[44.350866,41.539869],[44.350639,41.539967],[44.350412,41.540062],[44.350186,41.540152],[44.349959,41.540239],[44.349733,41.540321],[44.349508,41.5404],[44.349327,41.540461],[44.349145,41.54052],[44.348962,41.540577],[44.348778,41.540632],[44.348594,41.540686],[44.348409,41.540738],[44.348224,41.540787],[44.348038,41.540835],[44.347853,41.540881],[44.347667,41.540925],[44.347482,41.540967],[44.347297,41.541007],[44.347113,41.541045],[44.346929,41.541081],[44.346746,41.541114],[44.346563,41.541146],[44.34636,41.541178],[44.346151,41.541207],[44.345937,41.541234],[44.345718,41.541257],[44.345492,41.541278],[44.345259,41.541297],[44.345019,41.541313],[44.344769,41.541326],[44.344527,41.541336],[44.344274,41.541345],[44.344008,41.541351],[44.343724,41.541356],[44.343147,41.54136],[44.342075,41.541361],[44.341113,41.541365],[44.340639,41.541364],[44.340174,41.541358],[44.339757,41.541347],[44.339545,41.541338],[44.339341,41.541327],[44.339143,41.541314],[44.338951,41.541299],[44.338764,41.541282],[44.338583,41.541263],[44.338405,41.541242],[44.338232,41.541218],[44.337972,41.541179],[44.337712,41.541136],[44.337453,41.54109],[44.337196,41.54104],[44.33694,41.540986],[44.336687,41.540929],[44.336436,41.540869],[44.336188,41.540806],[44.335943,41.540739],[44.335702,41.54067],[44.335465,41.540597],[44.335232,41.540522],[44.335003,41.540444],[44.334778,41.540363],[44.334559,41.540279],[44.334345,41.540193],[44.334144,41.540108],[44.333944,41.54002],[44.333744,41.539927],[44.333544,41.53983],[44.333345,41.53973],[44.333147,41.539626],[44.332951,41.539518],[44.332755,41.539407],[44.332561,41.539293],[44.332369,41.539175],[44.332179,41.539054],[44.331991,41.53893],[44.331805,41.538804],[44.331622,41.538675],[44.331442,41.538544],[44.331266,41.53841],[44.331149,41.538319],[44.331033,41.538225],[44.330917,41.538129],[44.330801,41.53803],[44.33057,41.537825],[44.33034,41.537609],[44.33011,41.537383],[44.329879,41.537146],[44.329648,41.536896],[44.329415,41.536634],[44.329202,41.536384],[44.329001,41.536138],[44.328813,41.535897],[44.328637,41.535659],[44.328472,41.535425],[44.328319,41.535194],[44.328177,41.534966],[44.328047,41.53474],[44.327971,41.534602],[44.327898,41.534461],[44.327827,41.534317],[44.327758,41.534171],[44.327691,41.534023],[44.327627,41.533872],[44.327565,41.533719],[44.327505,41.533564],[44.327447,41.533406],[44.327392,41.533246],[44.327339,41.533085],[44.327289,41.532921],[44.327241,41.532755],[44.327195,41.532588],[44.327152,41.532418],[44.327111,41.532248],[44.327054,41.531983],[44.327005,41.531717],[44.326963,41.531449],[44.326928,41.531181],[44.326901,41.530912],[44.326881,41.530643],[44.326869,41.530375],[44.326865,41.530107],[44.326868,41.529841],[44.326879,41.529576],[44.326897,41.529312],[44.326923,41.529051],[44.326956,41.528793],[44.326997,41.528537],[44.327046,41.528284],[44.327102,41.528035],[44.327176,41.527741],[44.327257,41.527457],[44.327344,41.527184],[44.327437,41.526919],[44.327536,41.526664],[44.327588,41.52654],[44.327641,41.526418],[44.327696,41.526299],[44.327753,41.526181],[44.327811,41.526066],[44.327871,41.525953],[44.327928,41.52585],[44.327988,41.525747],[44.328119,41.525535],[44.328264,41.525317],[44.328425,41.525092],[44.3286,41.52486],[44.328795,41.524614],[44.329015,41.524347],[44.329278,41.524036],[44.329569,41.5237],[44.329814,41.523427],[44.330042,41.523181],[44.33026,41.522957],[44.330368,41.52285],[44.330476,41.522747],[44.330583,41.522647],[44.330689,41.522552],[44.330795,41.522459],[44.330901,41.52237],[44.331007,41.522284],[44.331112,41.522201],[44.331227,41.522115],[44.331345,41.522029],[44.331467,41.521943],[44.331594,41.521857],[44.331725,41.52177],[44.33186,41.521684],[44.332,41.521598],[44.332145,41.521511],[44.332294,41.521424],[44.332449,41.521336],[44.332776,41.521157],[44.333132,41.52097],[44.333529,41.520771],[44.333752,41.520663],[44.33398,41.520556],[44.334213,41.52045],[44.334451,41.520346],[44.334696,41.520242],[44.334945,41.52014],[44.3352,41.520039],[44.33546,41.519939],[44.335667,41.519863],[44.335878,41.519787],[44.336094,41.519712],[44.336313,41.519639],[44.336537,41.519567],[44.336765,41.519496],[44.336998,41.519426],[44.337235,41.519357],[44.337476,41.519289],[44.337723,41.519223],[44.337974,41.519157],[44.33823,41.519091],[44.338492,41.519027],[44.33876,41.518964],[44.339034,41.518901],[44.339314,41.518838],[44.339681,41.518762],[44.340058,41.51869],[44.340444,41.518624],[44.340843,41.518563],[44.341253,41.518507],[44.341678,41.518455],[44.342118,41.518407],[44.342576,41.518364],[44.343,41.518329],[44.343444,41.518297],[44.343913,41.518267],[44.344418,41.518238],[44.345277,41.518197],[44.347085,41.518121],[44.347863,41.518085],[44.348394,41.518061],[44.34895,41.518042],[44.349536,41.518026],[44.350163,41.518015],[44.350716,41.518008],[44.351332,41.518003],[44.353413,41.517996],[44.354204,41.517991],[44.354997,41.517982],[44.355711,41.517968],[44.356118,41.517961],[44.356574,41.517957],[44.357008,41.517956],[44.358027,41.517958],[44.358528,41.517956],[44.358987,41.51795],[44.359404,41.51794],[44.359672,41.517931],[44.35993,41.517919],[44.360178,41.517905],[44.360418,41.517889],[44.360652,41.51787],[44.360879,41.517849],[44.361101,41.517825],[44.361317,41.517799],[44.361642,41.517755],[44.361966,41.517708],[44.36229,41.517656],[44.362613,41.517601],[44.362936,41.517542],[44.363257,41.517479],[44.363577,41.517413],[44.363895,41.517343],[44.364211,41.51727],[44.364525,41.517193],[44.364836,41.517113],[44.365145,41.517029],[44.36545,41.516942],[44.365753,41.516852],[44.366051,41.51676],[44.366346,41.516664],[44.366849,41.516493],[44.367082,41.51641],[44.367306,41.516329],[44.367522,41.516249],[44.367731,41.516169],[44.367933,41.51609],[44.368128,41.51601],[44.368319,41.51593],[44.368504,41.51585],[44.368683,41.515769],[44.368858,41.515688],[44.369028,41.515606],[44.369192,41.515524],[44.369353,41.515441],[44.369508,41.515357],[44.369663,41.515271],[44.369817,41.515182],[44.36997,41.515092],[44.370122,41.514999],[44.370273,41.514905],[44.370422,41.514809],[44.37057,41.514711],[44.370717,41.514612],[44.370861,41.514511],[44.371004,41.514408],[44.371145,41.514304],[44.371284,41.514198],[44.371421,41.514092],[44.371556,41.513984],[44.371689,41.513875],[44.371819,41.513765],[44.371935,41.513664],[44.372051,41.51356],[44.372165,41.513455],[44.372279,41.513348],[44.372502,41.513128],[44.372722,41.512901],[44.372936,41.512667],[44.373145,41.512426],[44.373348,41.51218],[44.373544,41.511929],[44.373794,41.511596],[44.373901,41.511448],[44.374001,41.511307],[44.374094,41.51117],[44.374182,41.511038],[44.374264,41.51091],[44.37434,41.510785],[44.374413,41.510661],[44.374481,41.510539],[44.374544,41.51042],[44.374603,41.510302],[44.374657,41.510187],[44.374706,41.510073],[44.374751,41.50996],[44.374792,41.509849],[44.374828,41.50974],[44.374861,41.509627],[44.374891,41.509511],[44.374917,41.509391],[44.374941,41.509268],[44.374961,41.50914],[44.374978,41.509008],[44.374993,41.508869],[44.375003,41.508741],[44.375012,41.508607],[44.375023,41.508312],[44.375027,41.508047],[44.37503,41.507283],[44.375034,41.507163],[44.37504,41.507029],[44.375073,41.506548],[44.375083,41.506355],[44.375088,41.506158],[44.375085,41.505982],[44.375079,41.505881],[44.375069,41.505784],[44.375057,41.505691],[44.375041,41.505602],[44.375022,41.505516],[44.374999,41.505434],[44.374973,41.505354],[44.374943,41.505277],[44.374901,41.505184],[44.374853,41.50509],[44.374799,41.504995],[44.374738,41.504899],[44.37467,41.504802],[44.374595,41.504704],[44.374514,41.504604],[44.374425,41.504501],[44.374333,41.504401],[44.374233,41.504297],[44.374125,41.50419],[44.374007,41.504078],[44.373885,41.503965],[44.373748,41.503842],[44.373359,41.503503],[44.373135,41.503314],[44.372908,41.503131],[44.372678,41.502957],[44.372446,41.50279],[44.372212,41.502632],[44.371977,41.502482],[44.371859,41.50241],[44.37174,41.502341],[44.371622,41.502274],[44.371504,41.502209],[44.371382,41.502145],[44.371257,41.502082],[44.371128,41.502019],[44.370995,41.501958],[44.370858,41.501896],[44.370716,41.501836],[44.37057,41.501775],[44.37042,41.501715],[44.370265,41.501656],[44.370106,41.501597],[44.369769,41.501478],[44.369406,41.501358],[44.369005,41.501232],[44.368755,41.501159],[44.368498,41.501091],[44.368233,41.501027],[44.367958,41.500966],[44.367674,41.50091],[44.367378,41.500858],[44.367071,41.500808],[44.366749,41.500762],[44.366464,41.500726],[44.366165,41.50069],[44.365848,41.500657],[44.365507,41.500623],[44.364881,41.500569],[44.363463,41.500454],[44.363126,41.500424],[44.362822,41.500396],[44.362499,41.500366],[44.362169,41.500338],[44.361831,41.500312],[44.361485,41.500289],[44.361129,41.500267],[44.360763,41.500248],[44.360385,41.50023],[44.359991,41.500214],[44.359297,41.500192],[44.358524,41.500172],[44.357767,41.500158],[44.355837,41.500125],[44.355281,41.500114],[44.354782,41.500102],[44.354226,41.500085],[44.353706,41.500066],[44.353212,41.500044],[44.35274,41.500019],[44.34996,41.499867],[44.349229,41.499822],[44.348575,41.499778],[44.347879,41.499725],[44.347548,41.499697],[44.347228,41.499668],[44.346915,41.499638],[44.346611,41.499606],[44.346313,41.499574],[44.346021,41.499539],[44.345293,41.499449],[44.344649,41.499364],[44.344054,41.49928],[44.343496,41.499196],[44.342962,41.49911],[44.342452,41.49902],[44.341963,41.498928],[44.341725,41.49888],[44.341492,41.498831],[44.341169,41.498761],[44.340843,41.498687],[44.340514,41.498608],[44.340182,41.498526],[44.339847,41.498439],[44.339508,41.498349],[44.339165,41.498254],[44.338818,41.498155],[44.338468,41.498051],[44.338112,41.497943],[44.337752,41.497831],[44.337386,41.497714],[44.337014,41.497592],[44.336635,41.497465],[44.336248,41.497333],[44.335852,41.497194],[44.335339,41.497012],[44.334906,41.496857],[44.334511,41.496712],[44.334145,41.496576],[44.333794,41.496442],[44.33346,41.496312],[44.333142,41.496184],[44.332836,41.496058],[44.332536,41.49593],[44.332246,41.495803],[44.331966,41.495676],[44.331696,41.49555],[44.331434,41.495423],[44.331181,41.495295],[44.330936,41.495167],[44.330698,41.495038],[44.330464,41.494905],[44.330231,41.494764],[44.329997,41.494615],[44.329762,41.494458],[44.329526,41.494293],[44.329287,41.494118],[44.329044,41.493934],[44.328796,41.493738],[44.328592,41.493571],[44.328381,41.493394],[44.328162,41.493206],[44.327929,41.493002],[44.327502,41.49262],[44.32647,41.491683],[44.326186,41.49143],[44.325927,41.491204],[44.325649,41.490967],[44.325384,41.490748],[44.325128,41.490543],[44.324877,41.49035],[44.324458,41.490029],[44.323695,41.489433],[44.323394,41.4892],[44.323083,41.488964],[44.3228,41.488755],[44.322631,41.488634],[44.322467,41.488518],[44.322307,41.488408],[44.32215,41.488303],[44.321995,41.488202],[44.321843,41.488105],[44.321691,41.488013],[44.321541,41.487923],[44.321156,41.487699],[44.320868,41.487533],[44.320605,41.487385],[44.320362,41.487251],[44.320125,41.487123],[44.319897,41.487005],[44.319677,41.486895],[44.319463,41.486792],[44.319247,41.486693],[44.319035,41.486601],[44.318827,41.486515],[44.318622,41.486435],[44.31842,41.486361],[44.318219,41.486294],[44.318021,41.486232],[44.317825,41.486176],[44.317679,41.486138],[44.317529,41.486102],[44.317374,41.486068],[44.317215,41.486035],[44.31705,41.486004],[44.31688,41.485974],[44.316703,41.485946],[44.316519,41.48592],[44.316341,41.485896],[44.316153,41.485872],[44.315744,41.485827],[44.315311,41.485786],[44.314521,41.485715],[44.31382,41.485653],[44.313331,41.485613],[44.312887,41.485583],[44.312682,41.485572],[44.312484,41.485563],[44.312286,41.485556],[44.312094,41.485551],[44.311909,41.485549],[44.311729,41.485549],[44.311553,41.485552],[44.311383,41.485557],[44.311217,41.485564],[44.311055,41.485574],[44.31087,41.485589],[44.310684,41.485609],[44.310499,41.485634],[44.310312,41.485663],[44.310125,41.485696],[44.309937,41.485735],[44.309748,41.485778],[44.309557,41.485826],[44.309366,41.485879],[44.309174,41.485936],[44.30898,41.485999],[44.308783,41.486066],[44.308585,41.486139],[44.308385,41.486216],[44.308181,41.486299],[44.307974,41.486388],[44.307678,41.486521],[44.307372,41.486667],[44.307055,41.486826],[44.306721,41.487],[44.306368,41.487192],[44.305979,41.487409],[44.305572,41.487642],[44.304425,41.488305],[44.304068,41.488506],[44.303748,41.488684],[44.303375,41.488883],[44.303026,41.489062],[44.302858,41.489145],[44.302692,41.489225],[44.30253,41.489301],[44.302371,41.489373],[44.301969,41.489556],[44.30153,41.489763],[44.301045,41.489996],[44.300047,41.490483],[44.299617,41.490691],[44.299162,41.490907],[44.298751,41.491096],[44.298507,41.491206],[44.29827,41.491309],[44.29804,41.491407],[44.297816,41.4915],[44.297596,41.491588],[44.297379,41.491672],[44.297166,41.491752],[44.296956,41.491828],[44.296276,41.492071],[44.296001,41.492167],[44.295711,41.492266],[44.295448,41.49235],[44.295178,41.492432],[44.294922,41.492502],[44.294677,41.492563],[44.294439,41.492615],[44.294289,41.492644],[44.294136,41.492672],[44.293981,41.492698],[44.293824,41.492722],[44.293666,41.492745],[44.293505,41.492766],[44.293343,41.492785],[44.293179,41.492802],[44.293014,41.492818],[44.292847,41.492832],[44.292678,41.492844],[44.292509,41.492855],[44.292338,41.492864],[44.292167,41.492871],[44.291822,41.492879],[44.291506,41.492882],[44.291231,41.492882],[44.290977,41.492877],[44.290741,41.492868],[44.290515,41.492855],[44.290301,41.492837],[44.290097,41.492814],[44.289902,41.492787],[44.289767,41.492765],[44.289631,41.492741],[44.289494,41.492714],[44.289357,41.492685],[44.28922,41.492653],[44.289084,41.49262],[44.288947,41.492584],[44.288811,41.492545],[44.288676,41.492505],[44.288542,41.492463],[44.288409,41.492419],[44.288278,41.492373],[44.288149,41.492325],[44.288022,41.492276],[44.287897,41.492225],[44.287774,41.492172],[44.287607,41.492096],[44.287441,41.492014],[44.287275,41.491925],[44.28711,41.491831],[44.286946,41.491731],[44.286783,41.491625],[44.28662,41.491513],[44.286459,41.491396],[44.286299,41.491273],[44.28614,41.491144],[44.285984,41.491011],[44.285829,41.490872],[44.285676,41.490728],[44.285526,41.49058],[44.285378,41.490427],[44.285234,41.490271],[44.285084,41.490104],[44.284957,41.489958],[44.284843,41.489822],[44.284738,41.489694],[44.284642,41.48957],[44.284553,41.48945],[44.284471,41.489334],[44.284397,41.489221],[44.284327,41.489108],[44.284265,41.488998],[44.284209,41.48889],[44.28416,41.488784],[44.284117,41.48868],[44.284081,41.488578],[44.284051,41.488477],[44.284027,41.488378],[44.284014,41.488304],[44.284004,41.488228],[44.283996,41.48815],[44.283992,41.488069],[44.283991,41.487986],[44.283994,41.4879],[44.283999,41.487811],[44.284007,41.487719],[44.284031,41.487537],[44.284067,41.487335],[44.284109,41.487133],[44.284206,41.486694],[44.284233,41.486574],[44.284264,41.486452],[44.284297,41.486328],[44.284335,41.486202],[44.284375,41.486073],[44.28442,41.485941],[44.284468,41.485806],[44.28452,41.485666],[44.284631,41.485387],[44.284762,41.485081],[44.284911,41.484747],[44.28514,41.484253],[44.285247,41.484027],[44.285362,41.483799],[44.285484,41.483567],[44.285614,41.483331],[44.285752,41.48309],[44.285898,41.482844],[44.286054,41.482592],[44.286219,41.482331],[44.286377,41.48209],[44.286546,41.481838],[44.286726,41.481573],[44.286922,41.481291],[44.287281,41.480786],[44.287961,41.479839],[44.288233,41.479457],[44.288375,41.479263],[44.288528,41.479063],[44.288694,41.478854],[44.288876,41.478633],[44.28905,41.478428],[44.289246,41.478202],[44.28997,41.477385],[44.290262,41.47705],[44.290416,41.476869],[44.290557,41.476699],[44.290689,41.476537],[44.290812,41.47638],[44.290954,41.476193],[44.291086,41.476011],[44.291209,41.475833],[44.291322,41.475659],[44.291428,41.475488],[44.291525,41.475319],[44.291615,41.475151],[44.291696,41.474985],[44.291952,41.474447],[44.292095,41.474134],[44.29216,41.473982],[44.292218,41.473839],[44.292271,41.473702],[44.292318,41.473571],[44.292362,41.473436],[44.292401,41.473305],[44.292434,41.473177],[44.292463,41.473053],[44.292485,41.472932],[44.292503,41.472814],[44.292515,41.472697],[44.292523,41.472583],[44.292527,41.472438],[44.292529,41.472299],[44.292528,41.472167],[44.292523,41.47204],[44.292516,41.471918],[44.292505,41.4718],[44.292491,41.471685],[44.292475,41.471575],[44.292454,41.471468],[44.292431,41.471365],[44.292404,41.471265],[44.292374,41.471168],[44.292341,41.471075],[44.292305,41.470986],[44.292265,41.470899],[44.292222,41.470816],[44.292182,41.470748],[44.292137,41.470679],[44.292088,41.47061],[44.292033,41.47054],[44.291973,41.47047],[44.291909,41.470399],[44.291838,41.470326],[44.291762,41.470251],[44.291623,41.470124],[44.29146,41.469986],[44.291297,41.469853],[44.290895,41.469532],[44.290691,41.469363],[44.290599,41.46928],[44.290393,41.469084],[44.290294,41.468997],[44.290233,41.468949],[44.290173,41.468906],[44.290115,41.468869],[44.290056,41.468837],[44.289994,41.468808],[44.289928,41.468781],[44.289858,41.468756],[44.289783,41.468733],[44.289704,41.468713],[44.289621,41.468695],[44.289533,41.46868],[44.289441,41.468666],[44.289346,41.468655],[44.289247,41.468646],[44.289141,41.468638],[44.289029,41.468633],[44.288786,41.468627],[44.288459,41.468627],[44.288356,41.468628],[44.288252,41.468632],[44.288146,41.468638],[44.288038,41.468647],[44.287928,41.468658],[44.287816,41.468672],[44.287702,41.468687],[44.287586,41.468706],[44.287468,41.468726],[44.287348,41.468749],[44.287227,41.468774],[44.287103,41.468802],[44.28685,41.468864],[44.286588,41.468936],[44.286479,41.468969],[44.286368,41.469006],[44.286257,41.469046],[44.286144,41.46909],[44.28603,41.469138],[44.285914,41.469189],[44.285795,41.469245],[44.285673,41.469305],[44.285461,41.469416],[44.285228,41.469545],[44.285007,41.469672],[44.284489,41.469977],[44.284228,41.470125],[44.284095,41.470201],[44.283961,41.47028],[44.283826,41.470363],[44.28369,41.470451],[44.283552,41.470542],[44.283412,41.470638],[44.283269,41.47074],[44.283123,41.470847],[44.282873,41.471036],[44.282599,41.471251],[44.282338,41.471461],[44.281695,41.471985],[44.281351,41.472258],[44.281172,41.472397],[44.281001,41.472525],[44.280837,41.472644],[44.280678,41.472756],[44.280498,41.472878],[44.280321,41.472992],[44.280146,41.4731],[44.279973,41.4732],[44.2798,41.473295],[44.279628,41.473384],[44.279456,41.473467],[44.279283,41.473544],[44.278831,41.473742],[44.278618,41.473833],[44.278403,41.473921],[44.278208,41.473995],[44.278009,41.474065],[44.27782,41.474125],[44.277638,41.474174],[44.277549,41.474196],[44.277462,41.474215],[44.277376,41.474232],[44.277287,41.474247],[44.277196,41.47426],[44.277101,41.474272],[44.277004,41.474283],[44.276902,41.474292],[44.276687,41.474305],[44.276507,41.474312],[44.276306,41.474316],[44.2761,41.474317],[44.27554,41.474316],[44.275371,41.474318],[44.27522,41.474321],[44.275074,41.474327],[44.27491,41.474335],[44.274371,41.47437],[44.274176,41.474381],[44.273988,41.474389],[44.27382,41.474393],[44.273616,41.474392],[44.27352,41.474389],[44.273428,41.474384],[44.273339,41.474378],[44.273252,41.47437],[44.273168,41.47436],[44.273086,41.474348],[44.272969,41.474327],[44.272851,41.474303],[44.27273,41.474275],[44.272608,41.474242],[44.272484,41.474206],[44.272358,41.474166],[44.272229,41.474121],[44.272097,41.474072],[44.271966,41.47402],[44.271831,41.473964],[44.271691,41.473902],[44.271546,41.473836],[44.271396,41.473764],[44.271236,41.473686],[44.270855,41.473491],[44.270519,41.473313],[44.270372,41.473232],[44.270234,41.473154],[44.270103,41.473077],[44.26998,41.473002],[44.269863,41.472928],[44.269752,41.472855],[44.269646,41.472781],[44.269545,41.472708],[44.26945,41.472636],[44.269361,41.472564],[44.269277,41.472492],[44.269198,41.47242],[44.269124,41.472348],[44.269055,41.472276],[44.268969,41.472176],[44.268889,41.472071],[44.268814,41.471959],[44.268744,41.471842],[44.26868,41.471718],[44.268621,41.471587],[44.268567,41.471448],[44.268517,41.471301],[44.268477,41.471166],[44.26844,41.471022],[44.268405,41.470868],[44.268372,41.470703],[44.268326,41.470436],[44.268228,41.469789],[44.26818,41.469502],[44.268153,41.469345],[44.268131,41.469181],[44.268112,41.469008],[44.268097,41.468823],[44.268086,41.468651],[44.268077,41.468461],[44.268055,41.467768],[44.268042,41.467486],[44.268022,41.467195],[44.26801,41.467061],[44.267995,41.466934],[44.267967,41.466669],[44.267924,41.466173],[44.267904,41.465974],[44.26788,41.46577],[44.267853,41.465588],[44.267834,41.465482],[44.267813,41.465381],[44.267791,41.465284],[44.267766,41.465191],[44.267739,41.4651],[44.26771,41.465013],[44.267679,41.464928],[44.267645,41.464845],[44.267585,41.464708],[44.267523,41.464575],[44.267458,41.464445],[44.267392,41.464319],[44.267323,41.464197],[44.267253,41.464079],[44.26718,41.463965],[44.267106,41.463855],[44.267029,41.463748],[44.26695,41.463645],[44.26687,41.463547],[44.266788,41.463452],[44.266703,41.463361],[44.266617,41.463274],[44.266528,41.463191],[44.266438,41.463112],[44.266293,41.462994],[44.266139,41.462879],[44.265978,41.462768],[44.265811,41.462662],[44.26564,41.462562],[44.265466,41.462468],[44.26529,41.462381],[44.265114,41.462301],[44.265019,41.462263],[44.26492,41.462225],[44.264817,41.46219],[44.26471,41.462156],[44.264599,41.462124],[44.264483,41.462092],[44.264362,41.462063],[44.264235,41.462034],[44.264111,41.462008],[44.263981,41.461983],[44.263695,41.461933],[44.263395,41.461887],[44.262826,41.461805],[44.26257,41.461771],[44.2623,41.461742],[44.262014,41.461717],[44.261707,41.461696],[44.26143,41.461682],[44.26112,41.461669],[44.260129,41.461638],[44.259788,41.461625],[44.258912,41.46159],[44.258387,41.46157],[44.257899,41.461555],[44.257458,41.461546],[44.257022,41.461541],[44.256611,41.461542],[44.256219,41.461548],[44.255842,41.46156],[44.255541,41.46157],[44.25486,41.46159],[44.254564,41.461601],[44.254215,41.461618],[44.254056,41.461629],[44.253905,41.46164],[44.25374,41.461655],[44.253582,41.461673],[44.25343,41.461692],[44.253284,41.461713],[44.253143,41.461736],[44.253006,41.461762],[44.252874,41.46179],[44.252746,41.461821],[44.252576,41.461865],[44.252405,41.461915],[44.252233,41.461968],[44.25206,41.462026],[44.251887,41.462088],[44.251714,41.462154],[44.251542,41.462224],[44.25137,41.462298],[44.251199,41.462376],[44.25103,41.462457],[44.250862,41.462542],[44.250697,41.46263],[44.250534,41.46272],[44.250374,41.462813],[44.250218,41.462909],[44.250066,41.463007],[44.24991,41.463111],[44.249758,41.463219],[44.249609,41.463329],[44.249464,41.463442],[44.249322,41.463557],[44.249186,41.463673],[44.249054,41.463791],[44.248927,41.46391],[44.248806,41.46403],[44.24869,41.464151],[44.248581,41.464272],[44.248477,41.464394],[44.248379,41.464515],[44.248288,41.464637],[44.248203,41.464758],[44.248124,41.46488],[44.248074,41.464964],[44.248026,41.465051],[44.24798,41.465141],[44.247936,41.465234],[44.247894,41.465331],[44.247854,41.465432],[44.247815,41.465537],[44.247778,41.465647],[44.247714,41.465859],[44.247651,41.466098],[44.247598,41.466317],[44.24746,41.466921],[44.247355,41.467372],[44.247279,41.467726],[44.247218,41.468047],[44.247192,41.468197],[44.247171,41.468342],[44.247152,41.468487],[44.247136,41.468628],[44.247124,41.468765],[44.247115,41.468899],[44.247109,41.46903],[44.247107,41.469158],[44.247108,41.469283],[44.247112,41.469407],[44.247117,41.469504],[44.247126,41.469604],[44.247151,41.46981],[44.247187,41.470027],[44.247234,41.470259],[44.247283,41.470468],[44.247343,41.470701],[44.24755,41.471442],[44.247619,41.471697],[44.24766,41.471849],[44.247705,41.472007],[44.247756,41.472173],[44.247813,41.472351],[44.247924,41.472681],[44.248202,41.473479],[44.248275,41.473697],[44.248337,41.473894],[44.248401,41.474104],[44.248456,41.474301],[44.248503,41.47449],[44.248544,41.474672],[44.248573,41.474814],[44.248598,41.474963],[44.248622,41.475118],[44.248643,41.475283],[44.248663,41.47546],[44.248683,41.475656],[44.248748,41.47645],[44.248781,41.476795],[44.248804,41.476983],[44.248828,41.477158],[44.248855,41.477324],[44.248885,41.477482],[44.248952,41.47781],[44.248996,41.478012],[44.249042,41.478198],[44.249089,41.478366],[44.249139,41.478525],[44.249197,41.478688],[44.249262,41.478858],[44.249337,41.479037],[44.249418,41.47922],[44.24951,41.479419],[44.249617,41.479638],[44.249764,41.479935],[44.249846,41.480098],[44.249932,41.480261],[44.250021,41.480425],[44.250114,41.480591],[44.250209,41.480757],[44.250308,41.480925],[44.250411,41.481094],[44.250517,41.481264],[44.250739,41.481607],[44.250975,41.481957],[44.251227,41.482312],[44.251493,41.482674],[44.251624,41.482847],[44.251762,41.483021],[44.251907,41.483197],[44.252058,41.483376],[44.252217,41.483558],[44.252385,41.483745],[44.252561,41.483936],[44.252747,41.484133],[44.253068,41.484463],[44.253432,41.484826],[44.253794,41.485181],[44.254729,41.486088],[44.254997,41.486352],[44.255236,41.48659],[44.255541,41.486895],[44.255861,41.48721],[44.256199,41.487538],[44.256559,41.487884],[44.256941,41.488246],[44.257365,41.488645],[44.259074,41.490236],[44.25981,41.490927],[44.260208,41.491306],[44.260577,41.491661],[44.260924,41.492],[44.261253,41.492326],[44.261578,41.492646],[44.261948,41.493001],[44.262307,41.493339],[44.263189,41.494163],[44.263643,41.494593],[44.263869,41.494813],[44.264079,41.495019],[44.264276,41.495217],[44.264462,41.495408],[44.26469,41.49565],[44.264905,41.495885],[44.265106,41.496114],[44.265295,41.496339],[44.265474,41.49656],[44.265641,41.496779],[44.265799,41.496996],[44.265947,41.497211],[44.266069,41.4974],[44.266188,41.4976],[44.266306,41.497812],[44.266424,41.498039],[44.266538,41.498272],[44.266659,41.498531],[44.26678,41.498801],[44.267112,41.499553],[44.267216,41.499782],[44.267313,41.499987],[44.26743,41.500221],[44.267544,41.500438],[44.267658,41.500641],[44.267774,41.500833],[44.267928,41.501072],[44.268097,41.501318],[44.268282,41.501573],[44.268486,41.501843],[44.268686,41.502096],[44.268912,41.502376],[44.269145,41.502656],[44.269771,41.503406],[44.269957,41.503632],[44.270121,41.503836],[44.270306,41.504069],[44.270474,41.504289],[44.270629,41.5045],[44.270772,41.504703],[44.271284,41.505445],[44.271607,41.50592],[44.271896,41.506358],[44.272027,41.506562],[44.27215,41.506758],[44.272274,41.506959],[44.27239,41.507155],[44.272501,41.507345],[44.272606,41.507532],[44.272705,41.507715],[44.2728,41.507895],[44.272889,41.508073],[44.272974,41.508248],[44.273201,41.508731],[44.273367,41.509099],[44.273509,41.509433],[44.273572,41.509589],[44.27363,41.509741],[44.273686,41.509892],[44.273737,41.51004],[44.273784,41.510184],[44.273827,41.510324],[44.273866,41.510462],[44.273901,41.510598],[44.273932,41.510731],[44.273959,41.510862],[44.273998,41.51108],[44.274032,41.511299],[44.274059,41.511519],[44.274081,41.51174],[44.274096,41.51196],[44.274105,41.512179],[44.274109,41.512398],[44.274106,41.512615],[44.274097,41.512831],[44.274082,41.513045],[44.274061,41.513256],[44.274034,41.513465],[44.274002,41.513671],[44.273963,41.513875],[44.273918,41.514075],[44.273867,41.514271],[44.273833,41.51439],[44.273794,41.51451],[44.27375,41.514633],[44.273702,41.514758],[44.273649,41.514886],[44.27359,41.515017],[44.273527,41.515152],[44.273457,41.515292],[44.273335,41.515526],[44.273192,41.515784],[44.273045,41.516039],[44.272656,41.516701],[44.272545,41.516896],[44.272448,41.517071],[44.272266,41.517396],[44.272054,41.517756],[44.271844,41.518101],[44.271323,41.518943],[44.271182,41.519175],[44.271058,41.519386],[44.270927,41.519613],[44.270808,41.519826],[44.270699,41.520031],[44.270598,41.520228],[44.270456,41.520524],[44.270319,41.520828],[44.270186,41.52114],[44.270058,41.521462],[44.269935,41.521795],[44.269815,41.522139],[44.269698,41.522497],[44.269583,41.522871],[44.269503,41.523144],[44.269424,41.523428],[44.269344,41.523725],[44.269262,41.52404],[44.269177,41.524378],[44.269085,41.524753],[44.268726,41.526269],[44.268566,41.526927],[44.268474,41.527285],[44.268386,41.527619],[44.268299,41.527935],[44.268212,41.528237],[44.267935,41.529192],[44.267634,41.530249],[44.267325,41.531351],[44.266473,41.534418],[44.266207,41.535361],[44.265965,41.536207],[44.26568,41.537181],[44.265407,41.538088],[44.265141,41.538948],[44.264878,41.53977],[44.264536,41.540821],[44.264281,41.541597],[44.264047,41.542298],[44.26383,41.54294],[44.263615,41.543561],[44.263406,41.54415],[44.263202,41.544713],[44.263001,41.545254],[44.262852,41.545644],[44.262698,41.54604],[44.262539,41.546443],[44.262374,41.546854],[44.262203,41.547273],[44.262024,41.547702],[44.261839,41.548142],[44.261646,41.548596],[44.261248,41.549511],[44.260805,41.550512],[44.260309,41.551615],[44.259599,41.553176],[44.259383,41.553643],[44.259137,41.554162],[44.258892,41.554669],[44.258263,41.555961],[44.257923,41.55667],[44.257748,41.557045],[44.257588,41.557398],[44.257439,41.557733],[44.2573,41.558056],[44.257216,41.55826],[44.257133,41.558475],[44.25705,41.558702],[44.256966,41.558945],[44.256891,41.559172],[44.25681,41.559425],[44.256527,41.560346],[44.256408,41.560721],[44.256278,41.561109],[44.256215,41.561286],[44.256153,41.561454],[44.256075,41.561654],[44.255996,41.561845],[44.255916,41.562029],[44.255835,41.562205],[44.25575,41.562376],[44.255664,41.562542],[44.255575,41.562702],[44.255483,41.562858],[44.255368,41.563042],[44.255249,41.563228],[44.255124,41.563414],[44.254994,41.563602],[44.25486,41.56379],[44.25472,41.563979],[44.254576,41.56417],[44.254426,41.564361],[44.254271,41.564553],[44.254111,41.564747],[44.253946,41.564941],[44.253776,41.565137],[44.253601,41.565334],[44.25342,41.565532],[44.253234,41.565731],[44.253043,41.565931],[44.25256,41.56643],[44.252371,41.566621],[44.252196,41.566795],[44.252024,41.566962],[44.251858,41.567119],[44.251697,41.567268],[44.25154,41.567409],[44.25138,41.567548],[44.251221,41.567681],[44.251065,41.567808],[44.250909,41.567929],[44.250754,41.568044],[44.2506,41.568155],[44.250445,41.56826],[44.250291,41.568361],[44.250041,41.568515],[44.249783,41.568667],[44.249517,41.568815],[44.249245,41.568958],[44.248966,41.569097],[44.248682,41.569232],[44.248392,41.569361],[44.248099,41.569485],[44.247802,41.569604],[44.247501,41.569716],[44.247199,41.569823],[44.246895,41.569923],[44.24659,41.570017],[44.246284,41.570103],[44.245979,41.570183],[44.245675,41.570256],[44.245484,41.570298],[44.245288,41.570337],[44.245086,41.570374],[44.24488,41.570409],[44.244667,41.570442],[44.244449,41.570472],[44.244224,41.5705],[44.243992,41.570526],[44.243757,41.57055],[44.243513,41.570572],[44.243259,41.570592],[44.242995,41.57061],[44.24272,41.570627],[44.242429,41.570643],[44.242117,41.570657],[44.24177,41.570672],[44.24151,41.57068],[44.241246,41.570686],[44.240976,41.570688],[44.240702,41.570688],[44.240422,41.570684],[44.240137,41.570678],[44.239845,41.570668],[44.239545,41.570656],[44.239242,41.57064],[44.238929,41.570622],[44.238607,41.5706],[44.238273,41.570575],[44.237926,41.570547],[44.237562,41.570515],[44.237174,41.570479],[44.236751,41.570438],[44.236401,41.570402],[44.236048,41.570362],[44.235694,41.570319],[44.235337,41.570274],[44.234978,41.570225],[44.234616,41.570172],[44.234252,41.570117],[44.233887,41.570058],[44.233519,41.569997],[44.233149,41.569932],[44.232777,41.569864],[44.232402,41.569792],[44.232026,41.569718],[44.231648,41.569641],[44.231268,41.56956],[44.230886,41.569476],[44.230522,41.569393],[44.230154,41.569305],[44.22978,41.569212],[44.2294,41.569113],[44.229014,41.569009],[44.22862,41.568899],[44.228217,41.568782],[44.227804,41.56866],[44.227391,41.568534],[44.226965,41.5684],[44.226522,41.568259],[44.226059,41.568107],[44.22558,41.567948],[44.225064,41.567774],[44.223806,41.567342],[44.222622,41.566932],[44.221828,41.566652],[44.221457,41.566519],[44.221405,41.5665],[44.221108,41.566391],[44.220776,41.566267],[44.220458,41.566147],[44.220138,41.566022],[44.21983,41.5659],[44.219532,41.565778],[44.219244,41.565658],[44.218964,41.565538],[44.218692,41.565418],[44.218427,41.565298],[44.21817,41.565178],[44.217928,41.565061],[44.217685,41.564937],[44.217441,41.564808],[44.217195,41.564672],[44.216947,41.564529],[44.216695,41.564378],[44.216439,41.56422],[44.216177,41.564053],[44.215929,41.56389],[44.215672,41.563717],[44.215404,41.563533],[44.215122,41.563335],[44.214856,41.563145],[44.214563,41.562932],[44.213482,41.56214],[44.213032,41.561813],[44.212558,41.561477],[44.212339,41.561324],[44.212127,41.56118],[44.211872,41.56101],[44.211624,41.560849],[44.211382,41.560695],[44.211144,41.56055],[44.210909,41.56041],[44.210677,41.560277],[44.210448,41.56015],[44.21022,41.560029],[44.209784,41.559805],[44.209329,41.559577],[44.208851,41.559345],[44.208346,41.559106],[44.207817,41.558862],[44.207246,41.558603],[44.206617,41.558323],[44.205865,41.557993],[44.205671,41.557907],[44.205456,41.557809],[44.204737,41.557475],[44.204466,41.55735],[44.204193,41.557228],[44.203946,41.557123],[44.203795,41.557061],[44.203649,41.557003],[44.203507,41.556949],[44.203368,41.556898],[44.203232,41.556851],[44.203098,41.556807],[44.202966,41.556766],[44.202836,41.556728],[44.202674,41.556684],[44.202508,41.556641],[44.202338,41.556601],[44.202162,41.556562],[44.201982,41.556524],[44.201797,41.556488],[44.201606,41.556454],[44.201408,41.55642],[44.201208,41.556389],[44.201,41.556359],[44.200783,41.556329],[44.200557,41.5563],[44.200068,41.556244],[44.199478,41.556183],[44.199291,41.556166],[44.199101,41.55615],[44.198906,41.556135],[44.198707,41.556123],[44.198292,41.556102],[44.197852,41.556087],[44.197406,41.556077],[44.196913,41.556073],[44.196387,41.556072],[44.195473,41.556075],[44.194883,41.556077],[44.194453,41.556082],[44.194065,41.55609],[44.19371,41.556103],[44.193489,41.556113],[44.193264,41.556127],[44.193035,41.556143],[44.1928,41.556162],[44.192559,41.556184],[44.192312,41.55621],[44.192056,41.556238],[44.19179,41.556269],[44.191336,41.556328],[44.190831,41.556399],[44.190342,41.556471],[44.189121,41.556654],[44.188468,41.556748],[44.188207,41.556785],[44.187935,41.556825],[44.187345,41.556919],[44.186762,41.557017],[44.185249,41.557279],[44.184805,41.557353],[44.184405,41.557416],[44.183954,41.557483],[44.183531,41.55754],[44.183128,41.557589],[44.182742,41.55763],[44.181895,41.55771],[44.181224,41.557768],[44.180913,41.557793],[44.180616,41.557814],[44.180331,41.557832],[44.180056,41.557848],[44.179782,41.557861],[44.179515,41.557872],[44.179255,41.557879],[44.179002,41.557884],[44.178754,41.557887],[44.17851,41.557886],[44.178272,41.557883],[44.178038,41.557877],[44.177652,41.557864],[44.177288,41.557848],[44.17694,41.55783],[44.176607,41.557809],[44.176284,41.557786],[44.175973,41.55776],[44.175671,41.55773],[44.175378,41.557698],[44.175092,41.557663],[44.174813,41.557624],[44.174542,41.557582],[44.174279,41.557537],[44.174022,41.557488],[44.173772,41.557436],[44.173529,41.557381],[44.173292,41.557322],[44.173091,41.557268],[44.172888,41.557209],[44.172682,41.557145],[44.172474,41.557076],[44.172261,41.557002],[44.172045,41.556922],[44.171824,41.556837],[44.171597,41.556746],[44.171375,41.556653],[44.171145,41.556554],[44.170906,41.556448],[44.170654,41.556333],[44.170402,41.556215],[44.170124,41.556083],[44.169307,41.555688],[44.169024,41.555548],[44.168739,41.555399],[44.168454,41.555242],[44.168166,41.555077],[44.167875,41.554903],[44.16758,41.554719],[44.16728,41.554525],[44.166971,41.554319],[44.166713,41.554141],[44.166446,41.553953],[44.166168,41.553753],[44.165872,41.553536],[44.165322,41.553125],[44.164342,41.552382],[44.163964,41.552097],[44.163581,41.551811],[44.163232,41.551557],[44.162848,41.551284],[44.162483,41.551032],[44.162131,41.550798],[44.161788,41.550579],[44.161563,41.550436],[44.161314,41.550276],[44.160457,41.549718],[44.160122,41.549501],[44.159779,41.549285],[44.159467,41.549093],[44.15928,41.548982],[44.159098,41.548877],[44.158922,41.548777],[44.158748,41.548682],[44.158578,41.548592],[44.15841,41.548506],[44.158243,41.548423],[44.158079,41.548345],[44.157809,41.548222],[44.157534,41.548101],[44.157253,41.547983],[44.156966,41.547867],[44.156675,41.547754],[44.156378,41.547643],[44.156077,41.547536],[44.155771,41.547431],[44.155461,41.547329],[44.155146,41.54723],[44.154827,41.547134],[44.154505,41.547042],[44.15418,41.546952],[44.153851,41.546866],[44.15352,41.546784],[44.153187,41.546704],[44.152934,41.546648],[44.152674,41.546594],[44.152407,41.546542],[44.152133,41.546493],[44.15185,41.546446],[44.151558,41.546401],[44.151256,41.546358],[44.150942,41.546317],[44.150642,41.54628],[44.150327,41.546244],[44.149995,41.546208],[44.149639,41.546173],[44.148943,41.546108],[44.147482,41.54598],[44.14706,41.545945],[44.146628,41.545913],[44.146186,41.545886],[44.145732,41.545862],[44.145267,41.545842],[44.144786,41.545825],[44.144289,41.545813],[44.143771,41.545803],[44.143341,41.545799],[44.14289,41.545796],[44.142415,41.545795],[44.141907,41.545797],[44.140967,41.545803],[44.13872,41.545827],[44.138123,41.545831],[44.137584,41.545832],[44.137026,41.545831],[44.136502,41.545828],[44.136002,41.545821],[44.135523,41.545811],[44.135225,41.545804],[44.134914,41.5458],[44.134233,41.545795],[44.133585,41.545795],[44.132062,41.5458],[44.131315,41.545798],[44.130961,41.545795],[44.130628,41.54579],[44.13031,41.545783],[44.130005,41.545775],[44.129604,41.54576],[44.129219,41.545741],[44.128847,41.545719],[44.128488,41.545693],[44.128138,41.545663],[44.127798,41.545628],[44.127466,41.54559],[44.127142,41.545547],[44.126606,41.545471],[44.126239,41.545417],[44.125907,41.545365],[44.125605,41.545314],[44.125313,41.54526],[44.125038,41.545204],[44.124779,41.545146],[44.124531,41.545086],[44.12433,41.545033],[44.124129,41.544977],[44.123929,41.544919],[44.123731,41.544859],[44.123534,41.544797],[44.123338,41.544733],[44.123144,41.544666],[44.122952,41.544597],[44.122762,41.544526],[44.122575,41.544454],[44.12239,41.544379],[44.122207,41.544303],[44.122026,41.544224],[44.121849,41.544144],[44.121674,41.544063],[44.121502,41.543979],[44.121003,41.54374],[44.120852,41.543666],[44.120676,41.543576],[44.120525,41.543493],[44.120446,41.543446],[44.120373,41.543401],[44.120304,41.543355],[44.120239,41.54331],[44.120178,41.543264],[44.120121,41.543218],[44.120068,41.543172],[44.120019,41.543126],[44.11996,41.543065],[44.119902,41.543001],[44.119847,41.542933],[44.119794,41.542863],[44.119743,41.542788],[44.119693,41.542711],[44.119646,41.542629],[44.1196,41.542544],[44.119556,41.542456],[44.119514,41.542364],[44.119474,41.542268],[44.119435,41.542168],[44.119397,41.542064],[44.119361,41.541954],[44.119325,41.541839],[44.11929,41.541716],[44.119252,41.541559],[44.119221,41.541396],[44.119199,41.541226],[44.119184,41.541049],[44.119177,41.540866],[44.119178,41.540676],[44.119187,41.540477],[44.119203,41.540271],[44.119217,41.540143],[44.119233,41.540018],[44.119251,41.539896],[44.119272,41.539776],[44.119295,41.539659],[44.119321,41.539545],[44.119349,41.539433],[44.119379,41.539324],[44.119412,41.539218],[44.119447,41.539114],[44.119485,41.539013],[44.119524,41.538915],[44.119566,41.53882],[44.119611,41.538727],[44.119658,41.538637],[44.119707,41.53855],[44.11977,41.538448],[44.119839,41.538346],[44.119915,41.538243],[44.119997,41.53814],[44.120086,41.538036],[44.120181,41.537931],[44.120283,41.537825],[44.120392,41.537719],[44.120508,41.537612],[44.12063,41.537504],[44.12076,41.537394],[44.120898,41.537281],[44.121043,41.537167],[44.121199,41.53705],[44.121365,41.536928],[44.121546,41.536799],[44.121734,41.536669],[44.121927,41.536543],[44.122123,41.53642],[44.122323,41.536301],[44.122526,41.536187],[44.122731,41.536076],[44.122937,41.535971],[44.123146,41.53587],[44.123355,41.535775],[44.123565,41.535684],[44.123776,41.535599],[44.123986,41.53552],[44.124197,41.535446],[44.124407,41.535378],[44.124616,41.535315],[44.124824,41.535259],[44.124936,41.535231],[44.125052,41.535204],[44.125293,41.535154],[44.125549,41.535108],[44.125822,41.535066],[44.126107,41.535028],[44.12642,41.534993],[44.126768,41.534958],[44.127231,41.534916],[44.127465,41.534898],[44.127703,41.534883],[44.127947,41.534872],[44.128197,41.534864],[44.128454,41.53486],[44.128719,41.53486],[44.128993,41.534863],[44.129277,41.53487],[44.129533,41.534879],[44.129802,41.534891],[44.130084,41.534905],[44.130387,41.534923],[44.130941,41.53496],[44.132144,41.535046],[44.132622,41.535077],[44.132966,41.535101],[44.133325,41.535129],[44.133703,41.535163],[44.134107,41.535204],[44.134458,41.535242],[44.134848,41.535286],[44.136567,41.535488],[44.137001,41.535535],[44.137394,41.535576],[44.137774,41.535611],[44.138133,41.535641],[44.138477,41.535666],[44.138808,41.535685],[44.139296,41.535713],[44.140409,41.535781],[44.140918,41.535809],[44.141222,41.535823],[44.141506,41.535835],[44.141775,41.535843],[44.142032,41.535848],[44.142312,41.53585],[44.142582,41.535849],[44.142842,41.535844],[44.143094,41.535836],[44.143339,41.535824],[44.143578,41.535808],[44.143811,41.535788],[44.144039,41.535765],[44.144619,41.535696],[44.144861,41.535665],[44.145086,41.535634],[44.145302,41.535602],[44.145507,41.535569],[44.145703,41.535535],[44.145891,41.535499],[44.146076,41.535462],[44.146254,41.535422],[44.146425,41.535381],[44.146591,41.535338],[44.146751,41.535293],[44.146905,41.535246],[44.147054,41.535197],[44.147198,41.535146],[44.147377,41.535077],[44.147556,41.535003],[44.147736,41.534923],[44.147916,41.534837],[44.148096,41.534747],[44.148276,41.534651],[44.148455,41.53455],[44.148634,41.534444],[44.148811,41.534333],[44.148988,41.534217],[44.149162,41.534097],[44.149335,41.533973],[44.149505,41.533845],[44.149672,41.533714],[44.149836,41.533579],[44.149996,41.533442],[44.150078,41.533367],[44.150159,41.53329],[44.150238,41.533209],[44.150317,41.533124],[44.150394,41.533035],[44.150471,41.532942],[44.150548,41.532845],[44.150625,41.532742],[44.150756,41.532557],[44.150894,41.532347],[44.151026,41.532139],[44.151357,41.531602],[44.151455,41.531448],[44.151546,41.531311],[44.15165,41.531159],[44.151752,41.53102],[44.151852,41.53089],[44.151953,41.530768],[44.152071,41.53063],[44.15248,41.530151],[44.152644,41.529965],[44.152795,41.5298],[44.152954,41.529636],[44.153109,41.529485],[44.153262,41.529345],[44.153415,41.529214],[44.153745,41.52894],[44.153904,41.528812],[44.154065,41.528688],[44.154214,41.528582],[44.154293,41.52853],[44.154369,41.528482],[44.154445,41.528437],[44.15452,41.528396],[44.154594,41.528358],[44.154668,41.528323],[44.154742,41.528291],[44.154816,41.528262],[44.15489,41.528235],[44.154968,41.528211],[44.155049,41.528188],[44.155133,41.528166],[44.155221,41.528146],[44.155313,41.528127],[44.155409,41.52811],[44.15551,41.528094],[44.155712,41.528068],[44.155939,41.528045],[44.156175,41.528026],[44.156634,41.527994],[44.156814,41.527982],[44.15699,41.527972],[44.157162,41.527964],[44.15733,41.527958],[44.157495,41.527955],[44.157656,41.527953],[44.157813,41.527953],[44.157968,41.527956],[44.158119,41.527961],[44.158267,41.527967],[44.158412,41.527976],[44.158553,41.527987],[44.158692,41.528],[44.158828,41.528016],[44.15896,41.528033],[44.159089,41.528052],[44.159226,41.528076],[44.159364,41.528104],[44.159505,41.528136],[44.159647,41.528173],[44.159793,41.528213],[44.159941,41.528258],[44.160093,41.528307],[44.16025,41.528362],[44.160397,41.528415],[44.160549,41.528473],[44.160708,41.528537],[44.160878,41.528607],[44.161185,41.528738],[44.161959,41.529076],[44.16223,41.529195],[44.162507,41.529322],[44.16279,41.529456],[44.163082,41.5296],[44.163383,41.529753],[44.163698,41.529918],[44.164032,41.530097],[44.164399,41.530298],[44.164645,41.530437],[44.164896,41.530588],[44.165156,41.530752],[44.16543,41.530933],[44.165663,41.531092],[44.165921,41.531272],[44.166744,41.531859],[44.167035,41.532064],[44.167312,41.532255],[44.167566,41.532425],[44.167805,41.532579],[44.168034,41.532721],[44.168257,41.532852],[44.168476,41.532975],[44.168682,41.533086],[44.168893,41.533197],[44.16911,41.533308],[44.169332,41.53342],[44.16956,41.533532],[44.169794,41.533644],[44.170035,41.533758],[44.170284,41.533873],[44.170799,41.534104],[44.171355,41.534345],[44.171963,41.534601],[44.17267,41.534891],[44.173438,41.535202],[44.174041,41.535441],[44.174591,41.535652],[44.1751,41.53584],[44.175351,41.53593],[44.175596,41.536015],[44.175835,41.536096],[44.17607,41.536173],[44.176301,41.536247],[44.176529,41.536317],[44.176753,41.536383],[44.176975,41.536446],[44.177259,41.536524],[44.17755,41.5366],[44.177846,41.536673],[44.178149,41.536745],[44.178459,41.536815],[44.178775,41.536883],[44.1791,41.536949],[44.179431,41.537014],[44.17977,41.537076],[44.180117,41.537138],[44.180475,41.537198],[44.180843,41.537257],[44.181223,41.537315],[44.181618,41.537373],[44.182029,41.53743],[44.182461,41.537488],[44.182747,41.537524],[44.18304,41.537558],[44.183339,41.537589],[44.183647,41.537617],[44.183963,41.537644],[44.18429,41.537668],[44.184628,41.53769],[44.184981,41.53771],[44.185579,41.537739],[44.186247,41.537765],[44.186881,41.537785],[44.188345,41.537828],[44.18904,41.537851],[44.189646,41.537876],[44.190198,41.537904],[44.191214,41.537964],[44.192272,41.53803],[44.193383,41.538104],[44.194566,41.538187],[44.195676,41.538267],[44.196907,41.53836],[44.201421,41.538708],[44.203277,41.538848],[44.204276,41.53892],[44.20521,41.538986],[44.206097,41.539047],[44.206947,41.539102],[44.207962,41.539164],[44.208938,41.539221],[44.209883,41.53927],[44.2108,41.539315],[44.211695,41.539353],[44.212568,41.539386],[44.213423,41.539413],[44.214262,41.539435],[44.214958,41.539455],[44.216638,41.539514],[44.21709,41.539526],[44.217498,41.539534],[44.217985,41.539538],[44.218439,41.539535],[44.218657,41.539531],[44.218869,41.539526],[44.219077,41.539519],[44.21928,41.53951],[44.219831,41.539482],[44.220264,41.539458],[44.220655,41.539434],[44.221016,41.539409],[44.221364,41.539383],[44.221694,41.539354],[44.222009,41.539323],[44.222311,41.539289],[44.222612,41.539252],[44.222902,41.539212],[44.223183,41.539169],[44.223455,41.539122],[44.223719,41.539073],[44.223975,41.539019],[44.224225,41.538963],[44.224467,41.538903],[44.224741,41.538829],[44.225015,41.538751],[44.225289,41.538668],[44.225561,41.538581],[44.225832,41.53849],[44.226102,41.538394],[44.226369,41.538294],[44.226633,41.538191],[44.226894,41.538084],[44.227151,41.537973],[44.227404,41.537859],[44.227653,41.537742],[44.227898,41.537622],[44.228137,41.537499],[44.22837,41.537374],[44.228598,41.537246],[44.228767,41.537146],[44.228935,41.537042],[44.229105,41.536933],[44.229275,41.536819],[44.229447,41.536699],[44.22962,41.536573],[44.229796,41.536441],[44.229975,41.536302],[44.230148,41.536163],[44.230327,41.536016],[44.230512,41.535861],[44.230705,41.535694],[44.23111,41.535335],[44.231724,41.534779],[44.231961,41.534562],[44.232189,41.534351],[44.232408,41.534144],[44.232618,41.53394],[44.232822,41.53374],[44.233018,41.533542],[44.233208,41.533348],[44.233391,41.533155],[44.233568,41.532964],[44.233739,41.532775],[44.233904,41.532587],[44.234063,41.532401],[44.234217,41.532216],[44.234365,41.532033],[44.234507,41.531851],[44.234644,41.531669],[44.234769,41.531497],[44.234892,41.53132],[44.235013,41.531137],[44.235134,41.530948],[44.235253,41.530752],[44.235371,41.530549],[44.23549,41.530337],[44.23561,41.530115],[44.235711,41.529924],[44.235813,41.529722],[44.23603,41.52928],[44.236231,41.528856],[44.236698,41.52785],[44.236937,41.527352],[44.237456,41.526291],[44.237788,41.525602],[44.238084,41.52497],[44.238218,41.524676],[44.238344,41.524393],[44.23847,41.524105],[44.23859,41.523826],[44.238703,41.523553],[44.23881,41.523287],[44.238911,41.523026],[44.239008,41.522771],[44.239099,41.522519],[44.239186,41.522271],[44.239303,41.521922],[44.239416,41.521571],[44.239525,41.521218],[44.239629,41.520865],[44.239729,41.520511],[44.239824,41.520156],[44.239916,41.5198],[44.240002,41.519443],[44.240085,41.519086],[44.240162,41.518729],[44.240236,41.518372],[44.240304,41.518014],[44.240369,41.517656],[44.240428,41.517298],[44.240483,41.516941],[44.240533,41.516584],[44.240597,41.516082],[44.240651,41.515588],[44.240697,41.515101],[44.240734,41.514622],[44.240761,41.51415],[44.24078,41.513685],[44.24079,41.513226],[44.240791,41.512774],[44.240789,41.512139],[44.240786,41.511858],[44.240779,41.511573],[44.240768,41.511317],[44.240751,41.511058],[44.240727,41.510816],[44.240697,41.510586],[44.240659,41.510366],[44.24063,41.510218],[44.240597,41.510069],[44.240561,41.509918],[44.240522,41.509766],[44.240479,41.509612],[44.240433,41.509456],[44.240384,41.509299],[44.240331,41.50914],[44.240275,41.508979],[44.240215,41.508816],[44.240152,41.508652],[44.240085,41.508485],[44.240015,41.508315],[44.239941,41.508144],[44.239782,41.507792],[44.23957,41.507344],[44.239403,41.507006],[44.239323,41.50685],[44.239244,41.506703],[44.239166,41.506563],[44.239088,41.50643],[44.239008,41.506297],[44.238927,41.50617],[44.238846,41.506047],[44.238764,41.505929],[44.23868,41.505815],[44.238595,41.505705],[44.238509,41.505599],[44.238421,41.505497],[44.238312,41.505375],[44.238197,41.505254],[44.238076,41.505132],[44.23795,41.505011],[44.237819,41.504891],[44.237683,41.50477],[44.237541,41.50465],[44.237394,41.50453],[44.237242,41.504411],[44.237084,41.504292],[44.236922,41.504174],[44.236755,41.504057],[44.236584,41.50394],[44.236408,41.503824],[44.236227,41.503709],[44.236042,41.503595],[44.235912,41.503518],[44.235778,41.503441],[44.235641,41.503364],[44.235501,41.503288],[44.235357,41.503213],[44.23521,41.503138],[44.23506,41.503063],[44.234906,41.50299],[44.234588,41.502843],[44.234256,41.502699],[44.233909,41.502556],[44.233548,41.502415],[44.233386,41.502355],[44.23322,41.502295],[44.233052,41.502236],[44.23288,41.502178],[44.232528,41.502065],[44.232164,41.501956],[44.231786,41.50185],[44.231395,41.501748],[44.23099,41.501649],[44.230569,41.501553],[44.230339,41.501504],[44.230104,41.501458],[44.229861,41.501413],[44.229612,41.501372],[44.229356,41.501332],[44.229091,41.501295],[44.228817,41.501259],[44.228532,41.501226],[44.228265,41.501197],[44.227985,41.501169],[44.227689,41.501141],[44.227372,41.501114],[44.226802,41.501069],[44.225293,41.500956],[44.225052,41.500938],[44.2248,41.500923],[44.224534,41.500909],[44.22425,41.500898],[44.223717,41.500881],[44.222409,41.500849],[44.222048,41.500837],[44.221723,41.500823],[44.221374,41.500803],[44.221047,41.500781],[44.220736,41.500754],[44.22044,41.500722],[44.220001,41.500668],[44.219553,41.500607],[44.219093,41.500537],[44.21862,41.500458],[44.218134,41.500372],[44.21763,41.500276],[44.217105,41.500171],[44.216552,41.500054],[44.216267,41.499994],[44.215619,41.499863],[44.21533,41.499803],[44.215027,41.499736],[44.214758,41.499672],[44.214611,41.499635],[44.21447,41.499597],[44.214336,41.499559],[44.214206,41.499519],[44.214082,41.499479],[44.213961,41.499438],[44.213845,41.499396],[44.213732,41.499353],[44.213609,41.499302],[44.213484,41.499248],[44.213358,41.49919],[44.213232,41.499129],[44.213103,41.499063],[44.212973,41.498994],[44.212839,41.49892],[44.212703,41.498841],[44.212444,41.498685],[44.212161,41.498504],[44.211895,41.498329],[44.211242,41.497891],[44.211,41.497734],[44.210453,41.497383],[44.210219,41.497229],[44.209946,41.497044],[44.209824,41.496957],[44.20971,41.496873],[44.209587,41.496779],[44.209472,41.496687],[44.209364,41.496596],[44.209263,41.496507],[44.209167,41.496417],[44.209077,41.496328],[44.208994,41.496239],[44.208915,41.49615],[44.208816,41.496031],[44.208722,41.495913],[44.208632,41.495796],[44.208548,41.49568],[44.208468,41.495564],[44.208393,41.49545],[44.208323,41.495337],[44.208258,41.495225],[44.208198,41.495114],[44.208144,41.495005],[44.208094,41.494897],[44.20805,41.49479],[44.20801,41.494685],[44.207976,41.494581],[44.207947,41.494479],[44.207923,41.494378],[44.207908,41.494301],[44.207895,41.494221],[44.207885,41.494139],[44.207878,41.494055],[44.207874,41.493969],[44.207871,41.493881],[44.207872,41.49379],[44.207875,41.493697],[44.207889,41.493504],[44.207913,41.493296],[44.207948,41.493071],[44.207995,41.492814],[44.208039,41.49261],[44.208088,41.492412],[44.208142,41.492222],[44.208201,41.492039],[44.208266,41.491862],[44.208337,41.491693],[44.208412,41.49153],[44.208493,41.491373],[44.208535,41.4913],[44.20858,41.491225],[44.208628,41.49115],[44.20868,41.491073],[44.208794,41.490916],[44.208924,41.490752],[44.209059,41.490593],[44.209215,41.490418],[44.209371,41.490249],[44.209739,41.489857],[44.21,41.48958],[44.210247,41.489327],[44.210486,41.489091],[44.210718,41.48887],[44.210948,41.488661],[44.211176,41.488465],[44.211402,41.48828],[44.211627,41.488105],[44.21173,41.48803],[44.211837,41.487954],[44.211949,41.48788],[44.212066,41.487805],[44.212188,41.48773],[44.212315,41.487655],[44.212448,41.487579],[44.212589,41.487502],[44.212847,41.487366],[44.21314,41.487219],[44.213434,41.487076],[44.21421,41.486706],[44.214436,41.486596],[44.214638,41.486494],[44.214863,41.486377],[44.215069,41.486264],[44.215261,41.486154],[44.215441,41.486045],[44.21586,41.485779],[44.216258,41.485522],[44.216638,41.48527],[44.217002,41.485023],[44.217351,41.484779],[44.217685,41.484538],[44.218007,41.484299],[44.218317,41.484063],[44.218615,41.483826],[44.218902,41.483591],[44.219178,41.483356],[44.219443,41.483122],[44.219697,41.482888],[44.21994,41.482654],[44.220173,41.482421],[44.220395,41.482187],[44.22072,41.481836],[44.220964,41.481565],[44.221178,41.481317],[44.221368,41.481087],[44.221458,41.480974],[44.221543,41.480862],[44.221624,41.480753],[44.2217,41.480646],[44.221773,41.480541],[44.221841,41.480436],[44.221905,41.480334],[44.221966,41.480232],[44.222041,41.480096],[44.222114,41.479957],[44.222183,41.479813],[44.22225,41.479664],[44.222313,41.47951],[44.222374,41.479351],[44.222432,41.479187],[44.222488,41.479015],[44.22254,41.478845],[44.22259,41.478666],[44.222639,41.478478],[44.222687,41.478279],[44.222734,41.478075],[44.222782,41.477851],[44.222909,41.477229],[44.22295,41.477008],[44.222987,41.476781],[44.223018,41.476549],[44.223045,41.476311],[44.223067,41.476067],[44.223085,41.475815],[44.223098,41.475555],[44.223106,41.475285],[44.22311,41.475032],[44.22311,41.474766],[44.223107,41.474487],[44.2231,41.474187],[44.223081,41.473641],[44.223021,41.472255],[44.222992,41.471421],[44.222973,41.470968],[44.22295,41.470537],[44.222923,41.470148],[44.222889,41.469762],[44.222848,41.469399],[44.222824,41.469224],[44.222799,41.469053],[44.222772,41.468886],[44.222744,41.468723],[44.222705,41.468522],[44.222663,41.468318],[44.222617,41.468112],[44.222567,41.467903],[44.222514,41.467692],[44.222457,41.467477],[44.222397,41.46726],[44.222332,41.467038],[44.222264,41.466815],[44.222192,41.466587],[44.222116,41.466354],[44.222036,41.466117],[44.221951,41.465874],[44.221861,41.465625],[44.221667,41.465105],[44.221544,41.464791],[44.221418,41.46448],[44.221287,41.464169],[44.221152,41.463861],[44.221014,41.463555],[44.220872,41.463251],[44.220726,41.462949],[44.220576,41.46265],[44.220413,41.462337],[44.220241,41.462021],[44.220059,41.461701],[44.219867,41.461377],[44.219665,41.461049],[44.219453,41.460715],[44.21923,41.460375],[44.218995,41.460027],[44.218753,41.459679],[44.218497,41.459321],[44.218228,41.458951],[44.217941,41.458566],[44.217639,41.458168],[44.217312,41.457745],[44.216954,41.457288],[44.21654,41.456765],[44.215928,41.455993],[44.215641,41.455634],[44.21535,41.455278],[44.215083,41.454961],[44.214807,41.454644],[44.214672,41.454495],[44.214539,41.454351],[44.214407,41.454212],[44.214276,41.454077],[44.214146,41.453946],[44.214016,41.453819],[44.21366,41.453479],[44.213362,41.453198],[44.213086,41.452944],[44.212826,41.45271],[44.212572,41.452488],[44.212325,41.45228],[44.212083,41.452084],[44.211846,41.451898],[44.211605,41.451718],[44.211367,41.451547],[44.211129,41.451385],[44.210893,41.451232],[44.210657,41.451088],[44.210421,41.450951],[44.210185,41.450823],[44.209947,41.450702],[44.209721,41.450594],[44.209486,41.450487],[44.209244,41.450381],[44.208994,41.450278],[44.208738,41.450177],[44.208475,41.450077],[44.208206,41.44998],[44.207931,41.449886],[44.207679,41.449805],[44.207418,41.449728],[44.207148,41.449656],[44.206869,41.449588],[44.206579,41.449524],[44.206279,41.449463],[44.205965,41.449406],[44.205636,41.449352],[44.205354,41.44931],[44.205058,41.449269],[44.204744,41.449229],[44.204408,41.449189],[44.20378,41.449121],[44.202263,41.448967],[44.201856,41.448922],[44.201491,41.448879],[44.200837,41.448801],[44.20017,41.448728],[44.199489,41.44866],[44.198791,41.448597],[44.198077,41.448538],[44.197343,41.448483],[44.196588,41.448432],[44.195807,41.448385],[44.195037,41.448344],[44.194235,41.448306],[44.193395,41.44827],[44.192504,41.448237],[44.191602,41.448207],[44.190605,41.448177],[44.189533,41.448147],[44.187744,41.4481],[44.1873,41.44809],[44.186848,41.448082],[44.186387,41.448076],[44.185917,41.448073],[44.185437,41.448072],[44.184945,41.448073],[44.184439,41.448076],[44.183918,41.448082],[44.183369,41.448091],[44.182796,41.448101],[44.182196,41.448115],[44.181558,41.448131],[44.180243,41.448169],[44.177613,41.448253],[44.176504,41.448286],[44.17534,41.448317],[44.174297,41.448339],[44.173682,41.448349],[44.173091,41.448356],[44.17252,41.448359],[44.171966,41.44836],[44.171425,41.448358],[44.170898,41.448353],[44.170383,41.448345],[44.169878,41.448334],[44.169371,41.448323],[44.168808,41.448314],[44.166758,41.448291],[44.16592,41.448279],[44.165471,41.448269],[44.165052,41.448258],[44.164655,41.448245],[44.164275,41.44823],[44.163828,41.448208],[44.163398,41.448183],[44.162984,41.448154],[44.162583,41.448121],[44.162194,41.448084],[44.161815,41.448044],[44.161445,41.447999],[44.161084,41.447949],[44.160708,41.447892],[44.160326,41.447828],[44.159937,41.447758],[44.15954,41.44768],[44.159134,41.447596],[44.158717,41.447504],[44.158289,41.447404],[44.157845,41.447296],[44.157441,41.447193],[44.157019,41.447083],[44.156574,41.446963],[44.156099,41.446831],[44.155317,41.446609],[44.153569,41.446104],[44.152793,41.445883],[44.152508,41.445801],[44.152213,41.445712],[44.151903,41.445617],[44.151573,41.445512],[44.150946,41.445306],[44.149789,41.444916],[44.149329,41.444763],[44.148856,41.44461],[44.148429,41.444476],[44.148183,41.444401],[44.147945,41.444331],[44.147715,41.444266],[44.14749,41.444204],[44.14727,41.444146],[44.147054,41.444091],[44.146842,41.44404],[44.146633,41.443992],[44.146199,41.443896],[44.145781,41.443808],[44.145376,41.443726],[44.144983,41.44365],[44.144598,41.443581],[44.144223,41.443517],[44.143855,41.443459],[44.143495,41.443407],[44.143316,41.443383],[44.143128,41.443362],[44.14293,41.443342],[44.142717,41.443323],[44.142323,41.443294],[44.141395,41.443235],[44.141154,41.443217],[44.140938,41.443198],[44.140721,41.443177],[44.140518,41.443154],[44.140324,41.443129],[44.14014,41.443101],[44.139853,41.443052],[44.139556,41.442996],[44.139247,41.442932],[44.138921,41.442861],[44.13859,41.442783],[44.138226,41.442695],[44.137832,41.442595],[44.137216,41.442437],[44.136873,41.442345],[44.136519,41.442244],[44.136151,41.442133],[44.135764,41.442009],[44.135372,41.441878],[44.13494,41.441729],[44.134493,41.441571],[44.133254,41.441129],[44.132873,41.440995],[44.132529,41.440878],[44.132132,41.440747],[44.131758,41.440629],[44.131402,41.440522],[44.131058,41.440425],[44.130818,41.44036],[44.130572,41.440297],[44.13032,41.440235],[44.130062,41.440174],[44.129798,41.440114],[44.129525,41.440054],[44.129244,41.439995],[44.128953,41.439936],[44.12866,41.439878],[44.128354,41.43982],[44.127689,41.4397],[44.126991,41.439579],[44.12561,41.439348],[44.125033,41.439249],[44.124431,41.439143],[44.123892,41.439043],[44.123576,41.438982],[44.123274,41.438922],[44.122982,41.438861],[44.1227,41.4388],[44.122426,41.438738],[44.122159,41.438676],[44.1219,41.438612],[44.121646,41.438548],[44.121248,41.438446],[44.120304,41.43821],[44.119878,41.438102],[44.119429,41.437983],[44.11903,41.437871],[44.118813,41.437807],[44.118605,41.437744],[44.118406,41.43768],[44.118213,41.437616],[44.118027,41.437552],[44.117848,41.437486],[44.117673,41.43742],[44.117504,41.437353],[44.1173,41.437268],[44.117099,41.437183],[44.116901,41.437096],[44.116707,41.437009],[44.116516,41.43692],[44.116328,41.436831],[44.116144,41.43674],[44.115963,41.436649],[44.115785,41.436557],[44.115612,41.436463],[44.115441,41.436369],[44.115275,41.436274],[44.115112,41.436179],[44.114953,41.436082],[44.114797,41.435985],[44.114645,41.435886],[44.11412,41.435551],[44.113945,41.435436],[44.113751,41.435303],[44.113585,41.435181],[44.113501,41.435115],[44.113423,41.43505],[44.113351,41.434986],[44.113283,41.434922],[44.113221,41.434859],[44.113163,41.434796],[44.11311,41.434733],[44.113062,41.434671],[44.113008,41.434592],[44.112957,41.434511],[44.112909,41.434425],[44.112864,41.434335],[44.112823,41.434242],[44.112784,41.434145],[44.112749,41.434044],[44.112717,41.433938],[44.112687,41.433829],[44.112661,41.433716],[44.112637,41.433598],[44.112616,41.433474],[44.112597,41.433345],[44.112581,41.433208],[44.112566,41.433062],[44.112553,41.432901],[44.112541,41.43269],[44.112537,41.432493],[44.11254,41.432306],[44.112552,41.432129],[44.112571,41.43196],[44.112599,41.431799],[44.112616,41.431721],[44.112635,41.431645],[44.112656,41.431571],[44.112679,41.431498],[44.112722,41.431379],[44.112774,41.431257],[44.112835,41.431132],[44.112904,41.431002],[44.112981,41.430868],[44.113069,41.430728],[44.113167,41.43058],[44.11328,41.43042],[44.113434,41.430208],[44.113565,41.430037],[44.11369,41.429884],[44.113811,41.429747],[44.113934,41.42962],[44.113995,41.429561],[44.114057,41.429504],[44.114119,41.42945],[44.114181,41.429399],[44.114244,41.42935],[44.114308,41.429304],[44.11443,41.429223],[44.114564,41.429144],[44.114711,41.429066],[44.114872,41.428987],[44.115043,41.428911],[44.115235,41.428832],[44.11545,41.428748],[44.115756,41.428633],[44.115988,41.42855],[44.11622,41.428471],[44.116451,41.428399],[44.116681,41.428332],[44.116908,41.428271],[44.117134,41.428216],[44.117356,41.428168],[44.117576,41.428126],[44.117734,41.428099],[44.117896,41.428075],[44.118062,41.428054],[44.118231,41.428036],[44.118405,41.42802],[44.118582,41.428007],[44.118764,41.427997],[44.118949,41.42799],[44.119139,41.427985],[44.119333,41.427983],[44.119532,41.427984],[44.119736,41.427988],[44.119946,41.427994],[44.120162,41.428003],[44.120385,41.428014],[44.120615,41.428029],[44.120863,41.428048],[44.121121,41.428075],[44.12139,41.428108],[44.121674,41.428149],[44.121965,41.428195],[44.122283,41.428251],[44.122633,41.428316],[44.123116,41.428409],[44.123384,41.428464],[44.123656,41.428524],[44.123933,41.428591],[44.124214,41.428664],[44.1245,41.428744],[44.124793,41.42883],[44.125095,41.428923],[44.125407,41.429025],[44.125664,41.429111],[44.125932,41.429204],[44.126213,41.429305],[44.126514,41.429414],[44.127065,41.42962],[44.128364,41.430113],[44.128703,41.43024],[44.129011,41.430352],[44.129323,41.430463],[44.129618,41.430566],[44.129901,41.430661],[44.130174,41.430749],[44.132243,41.431408],[44.133153,41.431696],[44.134081,41.431985],[44.134917,41.432241],[44.13577,41.432494],[44.136177,41.432612],[44.136574,41.432726],[44.136963,41.432834],[44.137344,41.432939],[44.137718,41.433039],[44.138085,41.433136],[44.138588,41.433265],[44.139094,41.433392],[44.139603,41.433517],[44.140115,41.43364],[44.14063,41.433762],[44.141148,41.433881],[44.141669,41.433998],[44.142193,41.434113],[44.14272,41.434227],[44.143249,41.434338],[44.143782,41.434447],[44.144317,41.434555],[44.144855,41.43466],[44.145395,41.434763],[44.145939,41.434864],[44.146484,41.434964],[44.147126,41.435078],[44.147723,41.435182],[44.148287,41.435279],[44.148827,41.435369],[44.149348,41.435454],[44.149853,41.435533],[44.150344,41.435608],[44.150821,41.435679],[44.151293,41.435746],[44.151755,41.435809],[44.152207,41.435868],[44.152652,41.435923],[44.153089,41.435974],[44.153519,41.436021],[44.153942,41.436065],[44.15436,41.436105],[44.154865,41.436149],[44.155381,41.436189],[44.155909,41.436224],[44.156449,41.436255],[44.157002,41.436283],[44.15757,41.436306],[44.158157,41.436325],[44.158764,41.436341],[44.159352,41.436352],[44.159966,41.43636],[44.160612,41.436365],[44.1613,41.436367],[44.161967,41.436366],[44.162712,41.436363],[44.165232,41.436345],[44.166321,41.436335],[44.167381,41.43632],[44.168416,41.4363],[44.169428,41.436275],[44.17042,41.436245],[44.171392,41.436209],[44.172347,41.436168],[44.173285,41.436122],[44.173982,41.436087],[44.17569,41.436004],[44.176582,41.435956],[44.177082,41.435927],[44.177549,41.435898],[44.177991,41.435867],[44.178413,41.435835],[44.178866,41.435798],[44.179301,41.435758],[44.179723,41.435715],[44.180131,41.43567],[44.180529,41.435622],[44.180916,41.435571],[44.181294,41.435517],[44.181664,41.43546],[44.182061,41.435394],[44.182461,41.435323],[44.182866,41.435248],[44.183275,41.435168],[44.183688,41.435084],[44.184106,41.434995],[44.184529,41.434901],[44.184957,41.434802],[44.18539,41.434698],[44.185828,41.434589],[44.186273,41.434476],[44.186725,41.434356],[44.187184,41.434232],[44.187652,41.434102],[44.188128,41.433966],[44.188615,41.433824],[44.189662,41.433518],[44.190126,41.43338],[44.190594,41.433236],[44.191012,41.433101],[44.191225,41.433029],[44.19143,41.432958],[44.191627,41.432887],[44.191818,41.432816],[44.192002,41.432745],[44.192181,41.432673],[44.192354,41.432601],[44.192522,41.432528],[44.193107,41.432267],[44.193336,41.432162],[44.193545,41.432063],[44.193746,41.431966],[44.193934,41.431872],[44.194113,41.43178],[44.194282,41.431689],[44.194449,41.431596],[44.194608,41.431503],[44.19476,41.431411],[44.194904,41.431318],[44.195043,41.431225],[44.195175,41.431132],[44.195301,41.431038],[44.195421,41.430943],[44.195634,41.430766],[44.195827,41.430597],[44.196003,41.430434],[44.196162,41.430276],[44.196308,41.43012],[44.196376,41.430044],[44.19644,41.429967],[44.196501,41.429892],[44.196558,41.429817],[44.196612,41.429742],[44.196663,41.429668],[44.196711,41.429593],[44.196757,41.429516],[44.196802,41.429436],[44.196846,41.429354],[44.196888,41.42927],[44.196928,41.429183],[44.197005,41.429002],[44.197077,41.42881],[44.197144,41.428606],[44.197207,41.428387],[44.197268,41.428148],[44.197327,41.427883],[44.197373,41.42764],[44.197391,41.427524],[44.197406,41.427411],[44.197418,41.427302],[44.197428,41.427195],[44.197434,41.427091],[44.197437,41.426989],[44.197438,41.426889],[44.197435,41.426792],[44.19743,41.426696],[44.197421,41.426603],[44.19741,41.426512],[44.197395,41.426423],[44.19738,41.426345],[44.19736,41.426265],[44.197338,41.426183],[44.197311,41.4261],[44.197281,41.426015],[44.197248,41.425927],[44.19721,41.425838],[44.197169,41.425745],[44.197083,41.425567],[44.196979,41.42537],[44.196873,41.42518],[44.196617,41.424733],[44.196518,41.424561],[44.196418,41.424393],[44.196316,41.424227],[44.196213,41.424064],[44.196107,41.423904],[44.196,41.423748],[44.195891,41.423594],[44.19578,41.423443],[44.195635,41.423253],[44.195491,41.423071],[44.195348,41.422896],[44.195204,41.422727],[44.19506,41.422564],[44.194915,41.422407],[44.19477,41.422257],[44.194624,41.422111],[44.194525,41.422017],[44.194421,41.421922],[44.194314,41.421827],[44.194202,41.421731],[44.194085,41.421634],[44.193963,41.421536],[44.193835,41.421437],[44.193701,41.421335],[44.193427,41.421134],[44.193119,41.420918],[44.192778,41.420685],[44.192247,41.420329],[44.192016,41.420177],[44.191774,41.420022],[44.191517,41.419862],[44.191243,41.419696],[44.190959,41.419527],[44.190646,41.419345],[44.189814,41.418868],[44.189349,41.418607],[44.188868,41.418343],[44.188366,41.418075],[44.187842,41.4178],[44.187295,41.417519],[44.186716,41.417228],[44.186096,41.416921],[44.185418,41.41659],[44.185249,41.416509],[44.18507,41.416427],[44.184881,41.416341],[44.184678,41.416252],[44.184279,41.416081],[44.183214,41.415633],[44.182899,41.415496],[44.182619,41.415371],[44.182304,41.415223],[44.182016,41.41508],[44.181879,41.415009],[44.181748,41.414939],[44.18162,41.414868],[44.181497,41.414797],[44.181234,41.414642],[44.180997,41.414501],[44.180777,41.414366],[44.180571,41.414237],[44.180374,41.414111],[44.180187,41.413989],[44.180008,41.413868],[44.179838,41.413749],[44.179673,41.41363],[44.179514,41.413511],[44.179363,41.413394],[44.179218,41.413277],[44.179079,41.41316],[44.178946,41.413044],[44.178819,41.412928],[44.178697,41.412811],[44.178574,41.412687],[44.17845,41.412554],[44.178323,41.412412],[44.178193,41.412258],[44.178069,41.412106],[44.177934,41.411935],[44.17749,41.411358],[44.177338,41.411165],[44.176996,41.410741],[44.176847,41.410553],[44.176694,41.410353],[44.176563,41.410172],[44.176493,41.41007],[44.176428,41.409972],[44.176368,41.409877],[44.176312,41.409783],[44.17626,41.409691],[44.176213,41.409601],[44.176169,41.409511],[44.176129,41.409423],[44.176059,41.409252],[44.175994,41.409075],[44.175936,41.408891],[44.175882,41.408699],[44.175834,41.408501],[44.175792,41.408294],[44.175754,41.408079],[44.175722,41.407855],[44.175686,41.407551],[44.175662,41.407291],[44.175649,41.407052],[44.175646,41.40694],[44.175646,41.406831],[44.175649,41.406724],[44.175654,41.40662],[44.175663,41.406519],[44.175673,41.40642],[44.175687,41.406324],[44.175704,41.406231],[44.175723,41.406139],[44.175745,41.40605],[44.175794,41.405884],[44.175853,41.405716],[44.175922,41.405545],[44.176,41.405374],[44.176088,41.405202],[44.176184,41.40503],[44.176289,41.404859],[44.176402,41.404691],[44.176515,41.404533],[44.176637,41.404378],[44.176764,41.404226],[44.176898,41.404078],[44.177037,41.403934],[44.177181,41.403796],[44.17733,41.403662],[44.177482,41.403535],[44.177611,41.403435],[44.177751,41.403335],[44.177904,41.403233],[44.17807,41.403129],[44.178244,41.403026],[44.17844,41.402916],[44.178657,41.402798],[44.178985,41.402623],[44.179337,41.402437],[44.179584,41.402309],[44.179811,41.402197],[44.180021,41.402099],[44.180228,41.402008],[44.180427,41.401927],[44.180619,41.401856],[44.180807,41.401793],[44.180906,41.401764],[44.181006,41.401736],[44.181217,41.401682],[44.181442,41.401632],[44.181682,41.401585],[44.181933,41.401543],[44.182209,41.401502],[44.182516,41.401461],[44.182944,41.401407],[44.183209,41.401377],[44.183481,41.401351],[44.183763,41.401328],[44.184054,41.401309],[44.184355,41.401293],[44.184668,41.40128],[44.184997,41.40127],[44.185343,41.401264],[44.185788,41.40126],[44.186169,41.40126],[44.186518,41.401264],[44.186843,41.401274],[44.187154,41.401288],[44.187451,41.401308],[44.187734,41.401333],[44.188006,41.401363],[44.188332,41.401407],[44.188652,41.401456],[44.188964,41.401511],[44.189268,41.401571],[44.189564,41.401636],[44.189851,41.401706],[44.190129,41.401781],[44.190265,41.401821],[44.190398,41.401861],[44.190517,41.4019],[44.190637,41.401941],[44.190759,41.401984],[44.190883,41.402031],[44.191137,41.402132],[44.191403,41.402247],[44.191668,41.402368],[44.191959,41.402507],[44.192267,41.40266],[44.192782,41.402921],[44.193017,41.403042],[44.193252,41.403166],[44.193487,41.403294],[44.193723,41.403427],[44.193959,41.403563],[44.194197,41.403704],[44.194435,41.403848],[44.194674,41.403997],[44.194914,41.404151],[44.195156,41.404308],[44.195399,41.404471],[44.195643,41.404638],[44.195889,41.404809],[44.196138,41.404986],[44.196389,41.405168],[44.196642,41.405355],[44.196823,41.405492],[44.197004,41.405632],[44.197186,41.405776],[44.19737,41.405926],[44.197556,41.40608],[44.197745,41.406239],[44.197936,41.406405],[44.198132,41.406576],[44.198523,41.406929],[44.198943,41.407319],[44.199402,41.407755],[44.200016,41.408348],[44.200257,41.408586],[44.200503,41.408839],[44.200755,41.409109],[44.20102,41.409401],[44.201246,41.409657],[44.201495,41.409944],[44.202291,41.410878],[44.202577,41.41121],[44.202854,41.411526],[44.203108,41.411809],[44.203357,41.412078],[44.203598,41.412329],[44.203833,41.412565],[44.204065,41.412789],[44.204812,41.413492],[44.205085,41.413746],[44.205336,41.413976],[44.205584,41.4142],[44.205821,41.41441],[44.20605,41.414608],[44.206272,41.414797],[44.2065,41.414985],[44.206724,41.415166],[44.206944,41.415338],[44.207162,41.415504],[44.207379,41.415664],[44.207594,41.415817],[44.207808,41.415964],[44.208022,41.416106],[44.208238,41.416245],[44.208459,41.416383],[44.208685,41.41652],[44.208915,41.416656],[44.209151,41.416792],[44.209391,41.416926],[44.209635,41.41706],[44.209885,41.417192],[44.210139,41.417324],[44.210398,41.417455],[44.210661,41.417585],[44.210929,41.417714],[44.211202,41.417842],[44.211479,41.417969],[44.211761,41.418095],[44.212047,41.41822],[44.21274,41.41852],[44.213131,41.418686],[44.213504,41.418838],[44.213677,41.418905],[44.213843,41.418968],[44.214016,41.419031],[44.214184,41.41909],[44.214347,41.419145],[44.214508,41.419196],[44.214665,41.419243],[44.214821,41.419287],[44.214973,41.419327],[44.215124,41.419364],[44.215296,41.419403],[44.215472,41.41944],[44.215652,41.419474],[44.215838,41.419507],[44.216028,41.419537],[44.216224,41.419565],[44.216426,41.419591],[44.216634,41.419615],[44.216846,41.419637],[44.217065,41.419657],[44.217292,41.419676],[44.21753,41.419693],[44.217777,41.419708],[44.218039,41.419723],[44.218637,41.419749],[44.218996,41.419761],[44.219353,41.419769],[44.21971,41.419771],[44.220066,41.419769],[44.220419,41.419762],[44.220771,41.419751],[44.221119,41.419735],[44.221465,41.419714],[44.221806,41.419689],[44.222144,41.419659],[44.222478,41.419624],[44.222808,41.419585],[44.223133,41.419542],[44.223453,41.419494],[44.223768,41.419442],[44.224078,41.419385],[44.22422,41.419356],[44.224364,41.419325],[44.22451,41.41929],[44.224658,41.419252],[44.224809,41.419211],[44.224963,41.419167],[44.225121,41.419119],[44.225283,41.419067],[44.2256,41.41896],[44.225947,41.418835],[44.226304,41.418701],[44.226997,41.418434],[44.227284,41.418325],[44.227586,41.418213],[44.227857,41.418117],[44.228172,41.418012],[44.228322,41.417965],[44.228468,41.417921],[44.228612,41.41788],[44.228753,41.417841],[44.228891,41.417806],[44.229027,41.417773],[44.229422,41.417683],[44.22979,41.417602],[44.230138,41.417529],[44.230471,41.417461],[44.230794,41.417399],[44.231106,41.417343],[44.23141,41.417291],[44.231705,41.417245],[44.231997,41.417203],[44.232283,41.417166],[44.232562,41.417134],[44.232837,41.417107],[44.233106,41.417084],[44.23337,41.417066],[44.23363,41.417052],[44.233886,41.417044],[44.234126,41.417039],[44.234362,41.417036],[44.234595,41.417036],[44.234823,41.417038],[44.235049,41.417042],[44.23527,41.417049],[44.235489,41.417058],[44.235703,41.41707],[44.235915,41.417084],[44.236122,41.4171],[44.236326,41.417119],[44.236527,41.41714],[44.236724,41.417163],[44.236918,41.417188],[44.237108,41.417216],[44.237295,41.417247],[44.237562,41.417293],[44.237805,41.417338],[44.238033,41.417382],[44.238247,41.417426],[44.238452,41.417471],[44.238648,41.417517],[44.238835,41.417564],[44.239016,41.417613],[44.239191,41.417664],[44.239359,41.417716],[44.239522,41.41777],[44.239678,41.417826],[44.239828,41.417883],[44.239972,41.417943],[44.24011,41.418005],[44.240243,41.418069],[44.240397,41.41815],[44.240553,41.41824],[44.240713,41.418342],[44.24088,41.418456],[44.241017,41.418555],[44.241168,41.418668],[44.24171,41.419093],[44.241935,41.419263],[44.242031,41.419333],[44.24214,41.419409],[44.242629,41.419739],[44.242746,41.419822],[44.242849,41.419899],[44.242972,41.419997],[44.243079,41.420091],[44.243173,41.420183],[44.243256,41.420275],[44.243314,41.420349],[44.24337,41.420427],[44.243422,41.420508],[44.243472,41.420594],[44.243518,41.420683],[44.243562,41.420777],[44.243604,41.420876],[44.243643,41.42098],[44.243676,41.42108],[44.243709,41.421186],[44.24374,41.421299],[44.24377,41.421421],[44.243823,41.421657],[44.243926,41.422165],[44.243944,41.422255],[44.243959,41.422346],[44.243972,41.42244],[44.243983,41.422536],[44.243992,41.422635],[44.243998,41.422736],[44.244004,41.422951],[44.244002,41.423149],[44.243993,41.42337],[44.243981,41.423589],[44.243943,41.424164],[44.243934,41.424334],[44.243928,41.424486],[44.243926,41.424657],[44.243928,41.424817],[44.243934,41.424969],[44.243946,41.425114],[44.243981,41.425476],[44.244008,41.42573],[44.244035,41.42596],[44.244065,41.426169],[44.244098,41.426372],[44.244134,41.426564],[44.244174,41.426746],[44.244218,41.426921],[44.244284,41.427159],[44.244346,41.42737],[44.244409,41.427565],[44.244474,41.427747],[44.244541,41.42792],[44.244611,41.428084],[44.244684,41.42824],[44.24476,41.428389],[44.244822,41.428498],[44.244888,41.428609],[44.24496,41.42872],[44.245037,41.428832],[44.245119,41.428946],[44.245207,41.429061],[44.245301,41.429178],[44.2454,41.429298],[44.245503,41.429416],[44.245613,41.429538],[44.24573,41.429664],[44.245856,41.429795],[44.245988,41.42993],[44.246133,41.430074],[44.246496,41.430426],[44.246797,41.430711],[44.247065,41.430956],[44.247318,41.431177],[44.24744,41.43128],[44.247561,41.431379],[44.247681,41.431475],[44.247801,41.431566],[44.247919,41.431655],[44.248037,41.431739],[44.248154,41.43182],[44.248271,41.431898],[44.248387,41.431973],[44.248503,41.432044],[44.248677,41.432147],[44.248855,41.432247],[44.249036,41.432345],[44.249221,41.432439],[44.249408,41.432531],[44.249597,41.43262],[44.249789,41.432706],[44.249982,41.432788],[44.250177,41.432866],[44.250373,41.432941],[44.25057,41.433012],[44.250767,41.43308],[44.250964,41.433143],[44.251161,41.433202],[44.251358,41.433257],[44.251554,41.433308],[44.251692,41.433341],[44.251834,41.433373],[44.25198,41.433403],[44.252129,41.433431],[44.252282,41.433458],[44.252439,41.433484],[44.2526,41.433508],[44.252765,41.433531],[44.252934,41.433552],[44.253108,41.433572],[44.253472,41.433607],[44.253864,41.433639],[44.254295,41.433667],[44.254483,41.433677],[44.254672,41.433685],[44.254862,41.433691],[44.255052,41.433696],[44.255242,41.433699],[44.255433,41.433699],[44.255624,41.433698],[44.255816,41.433695],[44.256007,41.433691],[44.256198,41.433684],[44.256389,41.433676],[44.256579,41.433665],[44.256722,41.433656],[44.256769,41.433653],[44.256958,41.433639],[44.257147,41.433624],[44.257335,41.433606],[44.257706,41.433568],[44.258044,41.433528],[44.258359,41.433485],[44.258657,41.43344],[44.25894,41.433391],[44.259209,41.433338],[44.259466,41.433281],[44.259711,41.43322],[44.259881,41.433174],[44.260052,41.433122],[44.260225,41.433067],[44.260399,41.433006],[44.260576,41.432942],[44.260756,41.432872],[44.260938,41.432797],[44.261125,41.432718],[44.261311,41.432635],[44.261501,41.432546],[44.261698,41.432451],[44.261903,41.432349],[44.262114,41.432242],[44.262339,41.432124],[44.262872,41.431836],[44.263047,41.43174],[44.263221,41.43164],[44.263396,41.431537],[44.263572,41.431431],[44.263748,41.431322],[44.263925,41.43121],[44.264102,41.431094],[44.26428,41.430974],[44.264459,41.430852],[44.264639,41.430726],[44.26482,41.430596],[44.265002,41.430463],[44.265185,41.430325],[44.26537,41.430184],[44.265557,41.430039],[44.265746,41.429889],[44.265855,41.4298],[44.265965,41.429709],[44.266075,41.429614],[44.266185,41.429516],[44.26641,41.429307],[44.266643,41.429081],[44.266849,41.428872],[44.267074,41.428638],[44.267292,41.428406],[44.267848,41.427807],[44.268159,41.427479],[44.268327,41.427308],[44.268487,41.427149],[44.268641,41.427],[44.268792,41.426859],[44.26931,41.426387],[44.269768,41.425977],[44.270195,41.425602],[44.2706,41.425254],[44.270996,41.424923],[44.271381,41.424611],[44.271757,41.424314],[44.272129,41.424032],[44.272939,41.423422],[44.273181,41.423246],[44.273401,41.423091],[44.273631,41.422934],[44.273852,41.422792],[44.274067,41.422661],[44.274277,41.422541],[44.274652,41.422335],[44.274906,41.4222],[44.27514,41.422081],[44.275357,41.421977],[44.275466,41.421929],[44.275573,41.421883],[44.275677,41.421841],[44.27578,41.421801],[44.275881,41.421764],[44.275982,41.42173],[44.276081,41.421699],[44.276179,41.42167],[44.276323,41.421633],[44.276474,41.421597],[44.276634,41.421564],[44.276802,41.421533],[44.27698,41.421503],[44.277171,41.421475],[44.27738,41.421448],[44.277621,41.421419],[44.277791,41.4214],[44.27796,41.421383],[44.278128,41.421369],[44.278294,41.421357],[44.278459,41.421346],[44.278623,41.421338],[44.278784,41.421332],[44.278945,41.421328],[44.279103,41.421327],[44.279259,41.421327],[44.279413,41.42133],[44.279566,41.421334],[44.279716,41.421341],[44.279864,41.42135],[44.28001,41.421361],[44.280153,41.421374],[44.280314,41.421392],[44.280475,41.421412],[44.280637,41.421434],[44.280798,41.421459],[44.280959,41.421486],[44.281119,41.421516],[44.281278,41.421548],[44.281436,41.421582],[44.281592,41.421619],[44.281747,41.421657],[44.281899,41.421698],[44.28205,41.421741],[44.282198,41.421786],[44.282343,41.421833],[44.282486,41.421881],[44.282626,41.421931],[44.282722,41.421968],[44.282819,41.422008],[44.282916,41.42205],[44.283015,41.422095],[44.283116,41.422143],[44.283218,41.422194],[44.283431,41.422306],[44.28361,41.422407],[44.283806,41.422522],[44.283999,41.422639],[44.284494,41.422944],[44.284772,41.423108],[44.285241,41.423384],[44.285719,41.423671],[44.286206,41.42397],[44.286704,41.424284],[44.286936,41.424434],[44.287175,41.424594],[44.287423,41.424766],[44.287685,41.424952],[44.287912,41.425117],[44.288162,41.425303],[44.288985,41.425921],[44.28929,41.426147],[44.289592,41.426368],[44.289868,41.426565],[44.290157,41.426765],[44.290433,41.426948],[44.290701,41.427119],[44.290962,41.427279],[44.291404,41.427537],[44.291841,41.427786],[44.292276,41.428026],[44.292708,41.428256],[44.293137,41.428477],[44.293563,41.428689],[44.293987,41.428892],[44.294408,41.429085],[44.294731,41.429229],[44.295059,41.42937],[44.295392,41.429509],[44.295729,41.429645],[44.296072,41.429779],[44.296419,41.429911],[44.29677,41.43004],[44.297126,41.430167],[44.297486,41.430291],[44.29785,41.430412],[44.298219,41.430531],[44.298591,41.430648],[44.298967,41.430762],[44.299347,41.430873],[44.29973,41.430981],[44.300117,41.431086],[44.30055,41.4312],[44.300976,41.431308],[44.301397,41.431409],[44.301811,41.431505],[44.30222,41.431595],[44.302623,41.431678],[44.303021,41.431756],[44.303414,41.431828],[44.303734,41.431883],[44.30406,41.431935],[44.304393,41.431985],[44.304731,41.432032],[44.305075,41.432076],[44.305427,41.432118],[44.305786,41.432157],[44.306152,41.432193],[44.306525,41.432228],[44.306907,41.432259],[44.307299,41.432289],[44.307703,41.432316],[44.308117,41.432342],[44.308546,41.432365],[44.308992,41.432386],[44.309458,41.432406],[44.309973,41.432426],[44.310442,41.432442],[44.310881,41.432454],[44.311297,41.432463],[44.311698,41.432469],[44.312083,41.432472],[44.312456,41.432471],[44.312818,41.432468],[44.313175,41.432461],[44.313523,41.432451],[44.313862,41.432438],[44.314194,41.432421],[44.314519,41.432402],[44.314838,41.432378],[44.31515,41.432352],[44.315457,41.432322],[44.315819,41.432286],[44.316671,41.432207],[44.31708,41.432166],[44.317318,41.432138],[44.317539,41.43211],[44.317747,41.432081],[44.317945,41.432049],[44.318157,41.432012],[44.318359,41.431972],[44.318552,41.431929],[44.318737,41.431882],[44.318915,41.431833],[44.319086,41.43178],[44.31925,41.431723],[44.319408,41.431663],[44.319677,41.431555],[44.319861,41.431479],[44.320025,41.431406],[44.32017,41.431337],[44.320307,41.431265],[44.32043,41.431194],[44.320541,41.431122],[44.320641,41.431049],[44.320702,41.430999],[44.320761,41.430948],[44.32082,41.430893],[44.320877,41.430836],[44.320933,41.430777],[44.320988,41.430715],[44.321042,41.430651],[44.321094,41.430585],[44.321145,41.430517],[44.321195,41.430446],[44.321242,41.430374],[44.321288,41.4303],[44.321332,41.430224],[44.321374,41.430147],[44.321414,41.430069],[44.321452,41.42999],[44.321477,41.429932],[44.321501,41.429871],[44.321544,41.429744],[44.32158,41.429609],[44.321609,41.429464],[44.321632,41.429313],[44.321651,41.429146],[44.321665,41.428961],[44.321678,41.428708],[44.321683,41.428583],[44.321685,41.42846],[44.321685,41.428339],[44.321683,41.42822],[44.321678,41.428103],[44.32167,41.427988],[44.32166,41.427874],[44.321647,41.427763],[44.321632,41.427653],[44.321615,41.427546],[44.321595,41.42744],[44.321572,41.427336],[44.321547,41.427235],[44.321519,41.427135],[44.321489,41.427037],[44.321457,41.426941],[44.321401,41.426796],[44.321335,41.426646],[44.321259,41.426491],[44.321172,41.426331],[44.321076,41.426166],[44.320967,41.425991],[44.320843,41.425804],[44.320698,41.425593],[44.320607,41.425466],[44.320511,41.425339],[44.320409,41.425211],[44.320303,41.425083],[44.320192,41.424954],[44.320075,41.424824],[44.319953,41.424693],[44.319825,41.424562],[44.319693,41.42443],[44.319554,41.424296],[44.31941,41.424161],[44.31926,41.424025],[44.319103,41.423886],[44.318939,41.423745],[44.318768,41.423601],[44.318588,41.423454],[44.318464,41.423355],[44.318336,41.423255],[44.318205,41.423156],[44.318069,41.423056],[44.31793,41.422956],[44.317786,41.422856],[44.317486,41.422653],[44.317169,41.422448],[44.31683,41.422238],[44.316468,41.422022],[44.316074,41.421794],[44.315847,41.421668],[44.315612,41.42154],[44.315365,41.42141],[44.315107,41.421278],[44.314836,41.421143],[44.314549,41.421004],[44.31424,41.420857],[44.3139,41.420698],[44.313601,41.420561],[44.313296,41.420426],[44.312985,41.420292],[44.312668,41.420158],[44.312346,41.420026],[44.312017,41.419895],[44.311681,41.419765],[44.311339,41.419636],[44.31099,41.419507],[44.310634,41.41938],[44.310271,41.419252],[44.3099,41.419126],[44.30952,41.418999],[44.309132,41.418872],[44.308734,41.418746],[44.308325,41.418618],[44.308005,41.418521],[44.307678,41.418425],[44.307344,41.41833],[44.307001,41.418236],[44.306651,41.418142],[44.306291,41.418049],[44.305922,41.417956],[44.305541,41.417863],[44.305156,41.417771],[44.304757,41.417679],[44.304342,41.417585],[44.303908,41.417489],[44.303456,41.417392],[44.302972,41.417289],[44.30184,41.417055],[44.301391,41.416965],[44.300932,41.416876],[44.300463,41.416789],[44.299982,41.416703],[44.299489,41.416618],[44.298981,41.416534],[44.298456,41.41645],[44.297912,41.416366],[44.297393,41.416288],[44.29685,41.416209],[44.296278,41.416128],[44.295666,41.416043],[44.294474,41.415883],[44.291943,41.41555],[44.291343,41.415472],[44.290715,41.415395],[44.290052,41.415317],[44.289341,41.415237],[44.288726,41.41517],[44.288039,41.415098],[44.285054,41.414789],[44.284323,41.414711],[44.28366,41.414637],[44.283054,41.414568],[44.28248,41.414499],[44.281931,41.41443],[44.281403,41.414361],[44.280639,41.41426],[44.278911,41.414035],[44.278132,41.413932],[44.277226,41.413807],[44.276416,41.413689],[44.275985,41.413623],[44.275569,41.413557],[44.275168,41.413491],[44.274778,41.413424],[44.274399,41.413357],[44.27403,41.413288],[44.273669,41.413218],[44.273316,41.413147],[44.272957,41.413072],[44.272596,41.412994],[44.272231,41.412914],[44.271863,41.41283],[44.271491,41.412744],[44.271116,41.412655],[44.270737,41.412562],[44.270353,41.412467],[44.269966,41.412369],[44.269574,41.412267],[44.269177,41.412162],[44.268774,41.412053],[44.26795,41.411826],[44.267098,41.411583],[44.266215,41.411325],[44.265452,41.411097],[44.264753,41.410882],[44.264104,41.410676],[44.263789,41.410573],[44.263482,41.410471],[44.263184,41.410369],[44.262892,41.410268],[44.262607,41.410167],[44.262329,41.410066],[44.262056,41.409965],[44.261788,41.409864],[44.261292,41.40967],[44.260785,41.409465],[44.260266,41.409247],[44.259731,41.409016],[44.259179,41.408771],[44.258603,41.408508],[44.257994,41.408223],[44.257334,41.40791],[44.256509,41.407515],[44.256119,41.407328],[44.255735,41.407139],[44.255392,41.406966],[44.25505,41.406788],[44.254733,41.406617],[44.254436,41.406449],[44.254155,41.406284],[44.253925,41.406142],[44.253693,41.405996],[44.253461,41.405843],[44.253228,41.405685],[44.252993,41.405522],[44.252756,41.405352],[44.252517,41.405176],[44.252276,41.404993],[44.252034,41.404806],[44.251788,41.40461],[44.251537,41.404407],[44.251279,41.404193],[44.251015,41.403971],[44.25074,41.403735],[44.250451,41.403483],[44.250141,41.403209],[44.249522,41.402655],[44.249278,41.402434],[44.249055,41.402228],[44.248843,41.402029],[44.248643,41.401837],[44.248455,41.401652],[44.248356,41.401554],[44.248276,41.401473],[44.248101,41.401292],[44.247934,41.401114],[44.247775,41.40094],[44.247623,41.400768],[44.247479,41.400599],[44.247341,41.400431],[44.247211,41.400265],[44.247086,41.4001],[44.246941,41.3999],[44.2468,41.399698],[44.246663,41.399495],[44.24653,41.399292],[44.246402,41.399087],[44.246278,41.398882],[44.246159,41.398677],[44.246045,41.398471],[44.245935,41.398265],[44.245831,41.39806],[44.245732,41.397855],[44.245637,41.39765],[44.245548,41.397446],[44.245464,41.397243],[44.245386,41.39704],[44.245312,41.396839],[44.24524,41.396625],[44.245173,41.396409],[44.24511,41.396189],[44.245052,41.395965],[44.244998,41.395739],[44.244949,41.395509],[44.244904,41.395276],[44.244865,41.395041],[44.24483,41.394802],[44.244799,41.394561],[44.244774,41.394317],[44.244753,41.39407],[44.244736,41.393822],[44.244725,41.393571],[44.244718,41.393318],[44.244717,41.393063],[44.244719,41.392581],[44.244726,41.392248],[44.24474,41.391946],[44.244751,41.391806],[44.244763,41.391672],[44.244778,41.391536],[44.244796,41.391406],[44.244816,41.39128],[44.244839,41.391157],[44.244864,41.391038],[44.244892,41.390921],[44.244923,41.390808],[44.244957,41.390698],[44.244994,41.390589],[44.245033,41.39048],[44.245075,41.39037],[44.245121,41.390259],[44.245169,41.390147],[44.24522,41.390036],[44.245274,41.389923],[44.245331,41.38981],[44.24539,41.389697],[44.245453,41.389583],[44.245586,41.389355],[44.24573,41.389127],[44.245884,41.388899],[44.245992,41.388746],[44.246105,41.388596],[44.246222,41.388447],[44.246342,41.388301],[44.246466,41.388156],[44.246593,41.388015],[44.246723,41.387877],[44.246856,41.387741],[44.247066,41.387538],[44.247173,41.387439],[44.247281,41.387342],[44.24739,41.387247],[44.247499,41.387154],[44.24761,41.387063],[44.247721,41.386975],[44.247832,41.386888],[44.247945,41.386804],[44.248058,41.386722],[44.248171,41.386643],[44.248285,41.386566],[44.2484,41.386491],[44.248515,41.386419],[44.24863,41.386349],[44.248763,41.386271],[44.248901,41.386195],[44.249041,41.38612],[44.249186,41.386046],[44.249334,41.385973],[44.249485,41.385902],[44.249639,41.385832],[44.249797,41.385764],[44.249957,41.385697],[44.25012,41.385633],[44.250286,41.385569],[44.250454,41.385508],[44.250625,41.385448],[44.250797,41.385391],[44.250971,41.385335],[44.251146,41.385282],[44.251296,41.385239],[44.251451,41.385198],[44.25161,41.385158],[44.251774,41.38512],[44.251942,41.385084],[44.252117,41.385049],[44.252297,41.385015],[44.252484,41.384983],[44.252671,41.384953],[44.252867,41.384924],[44.253072,41.384896],[44.253289,41.384867],[44.253757,41.384812],[44.254402,41.384742],[44.254759,41.384706],[44.255122,41.384675],[44.255488,41.384649],[44.255858,41.384627],[44.256233,41.384611],[44.256611,41.384599],[44.256992,41.384592],[44.257376,41.384589],[44.257764,41.384592],[44.258154,41.384599],[44.258546,41.384611],[44.25894,41.384627],[44.259335,41.384649],[44.259732,41.384675],[44.26013,41.384705],[44.260528,41.384741],[44.260819,41.384771],[44.261115,41.384807],[44.261417,41.384848],[44.261726,41.384895],[44.262042,41.384947],[44.262366,41.385006],[44.262701,41.385071],[44.263049,41.385143],[44.263328,41.385203],[44.263619,41.385269],[44.263924,41.38534],[44.272367,41.387523],[44.272698,41.387609],[44.272976,41.387678],[44.27331,41.387759],[44.273632,41.387833],[44.273944,41.387901],[44.274248,41.387964],[44.274546,41.388022],[44.274837,41.388075],[44.275124,41.388122],[44.275406,41.388166],[44.275718,41.38821],[44.27603,41.388252],[44.276342,41.388292],[44.276653,41.388329],[44.276963,41.388365],[44.277273,41.388398],[44.277581,41.388428],[44.277889,41.388456],[44.278195,41.388482],[44.2785,41.388506],[44.278804,41.388527],[44.279107,41.388546],[44.279408,41.388562],[44.279707,41.388576],[44.280005,41.388588],[44.280302,41.388597],[44.281021,41.388619],[44.281375,41.388627],[44.281722,41.388632],[44.282034,41.388632],[44.282346,41.388627],[44.282495,41.388621],[44.282639,41.388616],[44.282915,41.388599],[44.283049,41.388588],[44.283179,41.388575],[44.283357,41.388555],[44.283537,41.388531],[44.283721,41.388503],[44.283909,41.38847],[44.2841,41.388433],[44.284297,41.388392],[44.2845,41.388346],[44.284709,41.388294],[44.28489,41.388248],[44.285079,41.388198],[44.285489,41.388082],[44.285878,41.387966],[44.28679,41.387689],[44.287239,41.387557],[44.287495,41.387482],[44.287761,41.387399],[44.28804,41.387307],[44.288335,41.387205],[44.288597,41.387112],[44.288887,41.387006],[44.289879,41.386634],[44.290263,41.386492],[44.290654,41.386353],[44.291008,41.386232],[44.291208,41.386167],[44.291402,41.386107],[44.29159,41.386051],[44.291774,41.385998],[44.291954,41.38595],[44.292131,41.385905],[44.292306,41.385863],[44.292478,41.385824],[44.292752,41.385767],[44.293019,41.385713],[44.29328,41.385663],[44.293536,41.385615],[44.293788,41.385571],[44.294036,41.38553],[44.294279,41.385492],[44.294519,41.385457],[44.294755,41.385426],[44.294988,41.385397],[44.295218,41.385371],[44.295444,41.385348],[44.295668,41.385328],[44.295888,41.385311],[44.296105,41.385297],[44.29632,41.385286],[44.296563,41.385277],[44.296807,41.38527],[44.297052,41.385266],[44.297297,41.385265],[44.297541,41.385267],[44.297785,41.385272],[44.298029,41.385279],[44.298271,41.385289],[44.298513,41.385302],[44.298753,41.385318],[44.298991,41.385337],[44.299228,41.385358],[44.299463,41.385382],[44.299695,41.385409],[44.299926,41.385438],[44.300153,41.38547],[44.300338,41.385499],[44.300526,41.385531],[44.300717,41.385567],[44.300912,41.385606],[44.301111,41.385648],[44.301314,41.385694],[44.301523,41.385744],[44.301738,41.385799],[44.301947,41.385854],[44.302164,41.385913],[44.302632,41.386047],[44.302743,41.38608],[44.305929,41.38743],[44.306645,41.387745],[44.31289,41.390498],[44.314874,41.391373],[44.316838,41.390912],[44.317542,41.390772],[44.318206,41.390671],[44.31835,41.390654],[44.318629,41.390636],[44.319388,41.390588],[44.319865,41.390588],[44.320851,41.390611],[44.321891,41.390677],[44.322416,41.390741],[44.323008,41.390853],[44.323507,41.390955],[44.323722,41.391004],[44.324203,41.391136],[44.324504,41.391234],[44.325331,41.391517],[44.325769,41.391706],[44.32674,41.392216],[44.328225,41.393198],[44.3288,41.393635],[44.329531,41.394241],[44.330031,41.394687],[44.332303,41.396813],[44.333262,41.397798],[44.333951,41.398289],[44.334107,41.398036],[44.334675,41.396951],[44.334782,41.396716],[44.334898,41.396405],[44.335006,41.395968],[44.335053,41.395637],[44.335113,41.394847],[44.335105,41.3944],[44.335078,41.394041],[44.334938,41.393388],[44.334852,41.393136],[44.33473,41.392871],[44.33452,41.392467],[44.334404,41.392291],[44.334216,41.392043],[44.333345,41.391069],[44.332965,41.390683],[44.332624,41.39038],[44.332287,41.390121],[44.330913,41.389162],[44.329494,41.388241],[44.328427,41.387593],[44.327395,41.386967],[44.325011,41.38539],[44.324559,41.385071],[44.324124,41.384727],[44.323393,41.384058],[44.323132,41.38379],[44.322768,41.383388],[44.322645,41.383234],[44.322588,41.383152],[44.322453,41.382956],[44.322281,41.38264],[44.322056,41.382076],[44.321971,41.381791],[44.321938,41.381637],[44.321896,41.381281],[44.321863,41.380578],[44.321861,41.380175],[44.321878,41.379846],[44.321891,41.37976],[44.321968,41.379255],[44.321973,41.379224],[44.322148,41.378668],[44.322251,41.378429],[44.322282,41.378341],[44.322297,41.378324],[44.322397,41.378091],[44.322434,41.378025],[44.322641,41.377724],[44.322799,41.377497],[44.323001,41.377255],[44.323648,41.376546],[44.324329,41.375873],[44.325811,41.374557],[44.327189,41.373469],[44.329299,41.371883],[44.329735,41.371561],[44.33072,41.370846],[44.331155,41.370527],[44.331391,41.370351],[44.331609,41.370185],[44.331815,41.370026],[44.332009,41.369872],[44.33262,41.369387],[44.33294,41.36913],[44.333244,41.36888],[44.333514,41.368653],[44.333778,41.368423],[44.33402,41.368203],[44.334245,41.367989],[44.334454,41.36778],[44.334765,41.367459],[44.334993,41.367217],[44.335194,41.366996],[44.335372,41.366791],[44.335537,41.36659],[44.335685,41.366396],[44.335753,41.366301],[44.335818,41.366208],[44.335879,41.366115],[44.335936,41.366023],[44.336086,41.365772],[44.336154,41.36565],[44.336218,41.365531],[44.336278,41.365415],[44.336335,41.365301],[44.336387,41.365188],[44.336436,41.365077],[44.336482,41.364968],[44.336524,41.36486],[44.336562,41.364754],[44.336596,41.364649],[44.336628,41.364545],[44.336655,41.364443],[44.336679,41.364342],[44.3367,41.364243],[44.336756,41.363962],[44.33678,41.363831],[44.336799,41.3637],[44.336809,41.363583],[44.336812,41.363466],[44.33681,41.363411],[44.336805,41.363357],[44.336799,41.363305],[44.33679,41.363255],[44.336778,41.363207],[44.336764,41.36316],[44.336739,41.363087],[44.336708,41.363013],[44.336674,41.36294],[44.336635,41.362867],[44.336594,41.362796],[44.336548,41.362726],[44.336501,41.362659],[44.336451,41.362596],[44.336406,41.362546],[44.336356,41.362497],[44.336302,41.362449],[44.336242,41.362402],[44.336177,41.362356],[44.336107,41.362311],[44.336031,41.362266],[44.335948,41.362222],[44.335799,41.362149],[44.335625,41.362072],[44.335451,41.362002],[44.335023,41.361835],[44.334909,41.361788],[44.334808,41.361744],[44.334626,41.361665],[44.334437,41.361586],[44.334239,41.361507],[44.334033,41.361427],[44.333817,41.361347],[44.333589,41.361265],[44.333347,41.361181],[44.333084,41.361092],[44.332867,41.361021],[44.332646,41.360952],[44.332419,41.360884],[44.332188,41.360817],[44.331952,41.360751],[44.33171,41.360687],[44.331462,41.360624],[44.331208,41.360562],[44.33095,41.360501],[44.330684,41.360441],[44.33041,41.360381],[44.330128,41.360322],[44.329837,41.360263],[44.329535,41.360204],[44.329219,41.360145],[44.328888,41.360085],[44.328445,41.360009],[44.327989,41.359937],[44.327516,41.35987],[44.327026,41.359806],[44.326517,41.359746],[44.325984,41.359688],[44.325421,41.359633],[44.324819,41.35958],[44.324427,41.359547],[44.32405,41.359518],[44.323686,41.359491],[44.323332,41.359468],[44.322987,41.359447],[44.32265,41.359429],[44.32232,41.359413],[44.321998,41.3594],[44.321681,41.35939],[44.321369,41.359382],[44.321063,41.359376],[44.320762,41.359374],[44.320465,41.359374],[44.320173,41.359376],[44.319886,41.359381],[44.319603,41.359388],[44.319218,41.359403],[44.318831,41.359421],[44.318442,41.359444],[44.318052,41.359471],[44.31766,41.359502],[44.317266,41.359537],[44.316872,41.359576],[44.316476,41.35962],[44.31608,41.359667],[44.315684,41.359719],[44.315287,41.359775],[44.314891,41.359835],[44.314495,41.359899],[44.314099,41.359966],[44.313705,41.360038],[44.313312,41.360113],[44.312862,41.360204],[44.312424,41.360297],[44.311996,41.360391],[44.311579,41.360488],[44.311171,41.360587],[44.310772,41.360688],[44.310382,41.360792],[44.310001,41.360898],[44.309629,41.361007],[44.309264,41.361118],[44.308909,41.361232],[44.308561,41.361349],[44.308221,41.361468],[44.307889,41.36159],[44.307565,41.361715],[44.307249,41.361842],[44.30707,41.361918],[44.306888,41.361998],[44.306704,41.362082],[44.306517,41.362171],[44.306327,41.362264],[44.306133,41.362362],[44.305934,41.362466],[44.305728,41.362576],[44.305383,41.362767],[44.305001,41.362984],[44.304641,41.363193],[44.303802,41.363686],[44.303391,41.363923],[44.303015,41.364135],[44.30267,41.364322],[44.300064,41.365691],[44.299831,41.365812],[44.299082,41.366206],[44.298847,41.366331],[44.296197,41.367612],[44.294232,41.368505],[44.293644,41.368721],[44.293257,41.368851],[44.292677,41.36902],[44.292098,41.369169],[44.291748,41.369251],[44.291165,41.369368],[44.290728,41.369431],[44.290434,41.369463],[44.290037,41.36949],[44.289438,41.369513],[44.288989,41.369516],[44.288724,41.369506],[44.288129,41.369461],[44.287869,41.369434],[44.287256,41.369336],[44.286959,41.369276],[44.28666,41.369196],[44.286411,41.369111],[44.285097,41.368548],[44.284765,41.368363],[44.284478,41.368163],[44.28409,41.367852],[44.28362,41.367438],[44.283346,41.367155],[44.283154,41.366913],[44.282935,41.366587],[44.282629,41.365937],[44.282528,41.365649],[44.28248,41.365443],[44.282416,41.364968],[44.282346,41.364003],[44.282334,41.36326],[44.282359,41.362841],[44.28239,41.362574],[44.282506,41.3618],[44.282611,41.361253],[44.282667,41.361037],[44.282739,41.360832],[44.28328,41.359655],[44.283746,41.35879],[44.285991,41.355554],[44.286198,41.355262],[44.28643,41.354942],[44.286688,41.354593],[44.287448,41.353571],[44.287684,41.353248],[44.287893,41.352957],[44.28813,41.352617],[44.288344,41.352299],[44.288541,41.351994],[44.288722,41.351699],[44.289109,41.351051],[44.289237,41.35083],[44.28935,41.350629],[44.289459,41.350429],[44.289557,41.350239],[44.289646,41.350056],[44.289726,41.34988],[44.289847,41.349603],[44.289948,41.349359],[44.290036,41.349133],[44.290114,41.348919],[44.290182,41.348713],[44.290241,41.348515],[44.29029,41.348324],[44.290331,41.348139],[44.290369,41.34793],[44.290399,41.347716],[44.290422,41.347497],[44.290438,41.347274],[44.290447,41.347045],[44.290449,41.346813],[44.290443,41.346575],[44.290431,41.346334],[44.290404,41.345973],[44.29039,41.345837],[44.290374,41.345713],[44.290356,41.345592],[44.290334,41.345479],[44.29031,41.345372],[44.290282,41.34527],[44.290229,41.345102],[44.290165,41.344934],[44.290093,41.344765],[44.290012,41.344596],[44.289922,41.344428],[44.289823,41.344263],[44.289718,41.3441],[44.289605,41.343941],[44.289501,41.34381],[44.289385,41.343676],[44.289255,41.343538],[44.28911,41.343396],[44.288957,41.343255],[44.288781,41.343102],[44.288589,41.34294],[44.288261,41.342669],[44.287921,41.342388],[44.287713,41.34222],[44.287517,41.342068],[44.287335,41.341934],[44.287151,41.341806],[44.286973,41.341692],[44.286885,41.341639],[44.286797,41.341588],[44.28671,41.341541],[44.286623,41.341496],[44.286525,41.341447],[44.286424,41.3414],[44.286214,41.341307],[44.285994,41.341218],[44.285765,41.341134],[44.285526,41.341054],[44.28528,41.340978],[44.285027,41.340908],[44.284767,41.340842],[44.284653,41.340816],[44.284535,41.340791],[44.284414,41.340768],[44.28429,41.340747],[44.284162,41.340727],[44.284029,41.340708],[44.283892,41.34069],[44.283749,41.340674],[44.283465,41.340646],[44.283148,41.340621],[44.28281,41.340599],[44.282215,41.340566],[44.281927,41.34055],[44.281643,41.340538],[44.281364,41.340529],[44.28109,41.340524],[44.280819,41.340521],[44.280553,41.340522],[44.280291,41.340525],[44.280033,41.340532],[44.279589,41.340547],[44.279296,41.340559],[44.279029,41.340573],[44.278787,41.34059],[44.278552,41.340611],[44.278333,41.340636],[44.278125,41.340666],[44.277928,41.340699],[44.277764,41.340732],[44.277599,41.340769],[44.277431,41.340811],[44.277262,41.340857],[44.277091,41.340908],[44.276917,41.340963],[44.276741,41.341023],[44.276563,41.341088],[44.276383,41.341157],[44.2762,41.34123],[44.276014,41.341309],[44.275824,41.341393],[44.27563,41.341482],[44.275432,41.341576],[44.275227,41.341677],[44.275015,41.341784],[44.274828,41.341883],[44.274642,41.341985],[44.274457,41.342092],[44.274273,41.342204],[44.27409,41.342319],[44.273909,41.342439],[44.273728,41.342562],[44.27355,41.34269],[44.273372,41.342821],[44.273197,41.342956],[44.273024,41.343095],[44.272853,41.343236],[44.272685,41.343381],[44.272519,41.343529],[44.272357,41.34368],[44.272197,41.343833],[44.272045,41.343986],[44.271892,41.344148],[44.271738,41.344321],[44.271581,41.344505],[44.271422,41.344699],[44.271255,41.344912],[44.271073,41.345148],[44.270848,41.345449],[44.270618,41.345764],[44.270401,41.346073],[44.270197,41.346377],[44.270005,41.346675],[44.269825,41.346969],[44.269658,41.347259],[44.269502,41.347545],[44.269358,41.347827],[44.269278,41.347992],[44.269202,41.348162],[44.269127,41.348336],[44.269055,41.348516],[44.268985,41.348701],[44.268917,41.348892],[44.26885,41.349091],[44.268784,41.349298],[44.268726,41.34949],[44.268668,41.349692],[44.26861,41.349905],[44.268578,41.350026],[44.268032,41.352338],[44.267465,41.35474],[44.267255,41.355311],[44.267098,41.355657],[44.266893,41.356011],[44.266667,41.35635],[44.266135,41.356969],[44.265873,41.357233],[44.265573,41.35748],[44.265266,41.357711],[44.264609,41.358158],[44.264374,41.358301],[44.26393,41.358494],[44.263551,41.358624],[44.263226,41.358728],[44.263083,41.358766],[44.262873,41.358809],[44.262526,41.358872],[44.261741,41.358987],[44.261388,41.359023],[44.260981,41.359047],[44.260427,41.359043],[44.259425,41.358997],[44.259073,41.358962],[44.257964,41.358801],[44.256765,41.358526],[44.256296,41.358374],[44.255251,41.357963],[44.254309,41.357474],[44.252748,41.356536],[44.251956,41.355973],[44.25155,41.355617],[44.250367,41.354347],[44.250244,41.354167],[44.249724,41.35318],[44.249523,41.352647],[44.249296,41.351735],[44.249094,41.350464],[44.249092,41.350454],[44.249076,41.35029],[44.249067,41.350112],[44.249064,41.34993],[44.249067,41.349725],[44.249074,41.349512],[44.2491,41.348932],[44.249105,41.348758],[44.249106,41.348604],[44.249103,41.348431],[44.249093,41.348273],[44.249078,41.348128],[44.249057,41.347993],[44.249041,41.347913],[44.249022,41.347836],[44.249,41.347763],[44.248976,41.347693],[44.24895,41.347627],[44.24892,41.347563],[44.248888,41.347503],[44.248853,41.347446],[44.248815,41.347391],[44.248774,41.34734],[44.248731,41.347291],[44.248685,41.347246],[44.248635,41.347203],[44.248583,41.347163],[44.248528,41.347125],[44.248469,41.34709],[44.2484,41.347055],[44.248326,41.347021],[44.248245,41.34699],[44.248159,41.346962],[44.248066,41.346935],[44.247966,41.34691],[44.24786,41.346887],[44.247745,41.346866],[44.247544,41.346836],[44.247311,41.346808],[44.247084,41.346785],[44.246532,41.346734],[44.246257,41.346705],[44.246126,41.346688],[44.246055,41.346677],[44.245786,41.346632],[44.243688,41.346156],[44.236792,41.344065],[44.234649,41.342907],[44.224288,41.334493],[44.224075,41.334318],[44.223855,41.334134],[44.223387,41.333737],[44.222839,41.333261],[44.221671,41.332232],[44.221158,41.331784],[44.220875,41.331541],[44.220609,41.331315],[44.220355,41.331103],[44.22011,41.330901],[44.219811,41.33066],[44.21952,41.330432],[44.219234,41.330214],[44.218954,41.330005],[44.218676,41.329806],[44.218402,41.329614],[44.218129,41.32943],[44.217857,41.329254],[44.217649,41.329123],[44.21743,41.328989],[44.217197,41.328849],[44.216944,41.328702],[44.216479,41.328436],[44.215422,41.327841],[44.21495,41.327569],[44.214683,41.32741],[44.214049,41.327018],[44.213758,41.326843],[44.213596,41.326749],[44.213443,41.326664],[44.213296,41.326586],[44.213153,41.326513],[44.212952,41.326417],[44.212742,41.32632],[44.212522,41.326224],[44.212291,41.326127],[44.21205,41.326029],[44.211793,41.32593],[44.211519,41.325827],[44.21122,41.325718],[44.210997,41.325639],[44.210776,41.325563],[44.210556,41.32549],[44.210336,41.325419],[44.210118,41.325351],[44.209901,41.325286],[44.209685,41.325224],[44.20947,41.325164],[44.209161,41.325081],[44.208906,41.325015],[44.208673,41.324956],[44.208456,41.324905],[44.208247,41.324859],[44.208046,41.324818],[44.207853,41.324782],[44.207665,41.324751],[44.207467,41.324721],[44.207269,41.324694],[44.207074,41.324671],[44.206879,41.32465],[44.206687,41.324633],[44.206497,41.324619],[44.206309,41.324608],[44.206124,41.3246],[44.206,41.324596],[44.205871,41.324595],[44.205589,41.324598],[44.205302,41.324606],[44.204713,41.32463],[44.204393,41.324643],[44.204042,41.324661],[44.198806,41.324946],[44.197519,41.324967],[44.196722,41.324941],[44.195795,41.324845],[44.194917,41.324672],[44.194248,41.324505],[44.19341,41.324236],[44.192852,41.324009],[44.192322,41.323769],[44.191883,41.323529],[44.191624,41.323349],[44.191123,41.322919],[44.190822,41.32261],[44.19059,41.322285],[44.190429,41.321992],[44.19031,41.321688],[44.190195,41.321219],[44.190134,41.320585],[44.19014,41.320237],[44.190183,41.319901],[44.190328,41.319395],[44.190429,41.31913],[44.190555,41.318879],[44.191012,41.318235],[44.191343,41.317835],[44.191707,41.317454],[44.191824,41.317343],[44.193132,41.316215],[44.1938,41.315724],[44.196032,41.314259],[44.198498,41.312832],[44.201227,41.311567],[44.201914,41.311265],[44.20409,41.310427],[44.204729,41.310212],[44.205715,41.309947],[44.206758,41.309723],[44.207552,41.309587],[44.208798,41.30943],[44.2108,41.309396],[44.211606,41.309407],[44.213227,41.309497],[44.214221,41.30959],[44.214562,41.309642],[44.21703,41.310218],[44.220812,41.3113],[44.224258,41.312366],[44.229803,41.314285],[44.230658,41.314591],[44.231849,41.315012],[44.2325,41.315238],[44.23311,41.315446],[44.23369,41.315641],[44.234248,41.315823],[44.236256,41.316473],[44.237556,41.316889],[44.23875,41.317265],[44.239304,41.317437],[44.239837,41.3176],[44.240381,41.317764],[44.240909,41.31792],[44.241424,41.31807],[44.241926,41.318214],[44.242419,41.318352],[44.242902,41.318485],[44.243378,41.318612],[44.243846,41.318735],[44.245076,41.319056],[44.245627,41.319199],[44.246186,41.31934],[44.24669,41.319462],[44.247203,41.319582],[44.247687,41.319689],[44.24815,41.319784],[44.248596,41.31987],[44.249185,41.319975],[44.249741,41.320069],[44.250273,41.320153],[44.250784,41.320227],[44.25128,41.320293],[44.251761,41.32035],[44.25223,41.320398],[44.25246,41.320419],[44.252687,41.320438],[44.25311,41.320468],[44.25355,41.320492],[44.254008,41.320511],[44.254489,41.320524],[44.25499,41.320532],[44.25553,41.320534],[44.256123,41.320532],[44.256837,41.320525],[44.258244,41.320514],[44.25863,41.320507],[44.258975,41.320496],[44.259337,41.320478],[44.259508,41.320467],[44.259674,41.320454],[44.259836,41.32044],[44.259994,41.320424],[44.260148,41.320406],[44.260298,41.320387],[44.260513,41.320355],[44.260737,41.320319],[44.26097,41.320277],[44.261217,41.320229],[44.261467,41.320177],[44.261741,41.320117],[44.262511,41.31994],[44.262786,41.319874],[44.263065,41.319803],[44.263348,41.319727],[44.263637,41.319646],[44.263931,41.319559],[44.264233,41.319466],[44.264544,41.319367],[44.264866,41.31926],[44.265333,41.3191],[44.265841,41.31892],[44.266442,41.318701],[44.267728,41.318223],[44.268292,41.318016],[44.26889,41.317802],[44.269165,41.317706],[44.269429,41.317617],[44.275572,41.315549],[44.278133,41.314943],[44.280905,41.314499],[44.284497,41.314287],[44.284891,41.314275],[44.285274,41.314261],[44.285616,41.314245],[44.28601,41.314223],[44.286377,41.314198],[44.286724,41.314169],[44.287055,41.314136],[44.287533,41.314087],[44.288598,41.313982],[44.289046,41.313935],[44.289324,41.313903],[44.289583,41.313872],[44.289827,41.31384],[44.29006,41.313806],[44.290314,41.313767],[44.290558,41.313725],[44.290792,41.313682],[44.291018,41.313635],[44.291236,41.313587],[44.291448,41.313535],[44.291653,41.313481],[44.291852,41.313424],[44.292,41.313378],[44.29215,41.31333],[44.292302,41.313279],[44.292455,41.313226],[44.292611,41.313169],[44.292769,41.31311],[44.293093,41.312982],[44.293427,41.312843],[44.293779,41.312688],[44.294156,41.312516],[44.294578,41.312317],[44.295199,41.312026],[44.295408,41.311926],[44.29564,41.311811],[44.295844,41.311704],[44.295949,41.311646],[44.296049,41.311589],[44.296145,41.311532],[44.296235,41.311475],[44.296322,41.311418],[44.296404,41.311361],[44.296483,41.311304],[44.296558,41.311246],[44.296751,41.311089],[44.296924,41.310939],[44.29708,41.310795],[44.297152,41.310724],[44.297219,41.310654],[44.297284,41.310584],[44.297345,41.310515],[44.297402,41.310446],[44.297455,41.310378],[44.297505,41.31031],[44.297552,41.310243],[44.297595,41.310176],[44.297634,41.310109],[44.297695,41.31],[44.297745,41.309904],[44.297787,41.309815],[44.297823,41.309731],[44.297853,41.309651],[44.297877,41.309574],[44.297895,41.3095],[44.297908,41.309429],[44.297917,41.309331],[44.297918,41.309229],[44.297911,41.309124],[44.297896,41.309016],[44.297873,41.308905],[44.297842,41.308792],[44.297803,41.308679],[44.297757,41.308565],[44.297726,41.3085],[44.297691,41.308432],[44.297649,41.308362],[44.297602,41.30829],[44.297551,41.308215],[44.297492,41.308135],[44.297338,41.307941],[44.297284,41.307875],[44.297225,41.30781],[44.297163,41.307744],[44.297097,41.307678],[44.297028,41.307612],[44.296954,41.307544],[44.296876,41.307476],[44.296792,41.307407],[44.296625,41.307274],[44.296433,41.30713],[44.296237,41.30699],[44.295809,41.306688],[44.295647,41.306574],[44.295484,41.306462],[44.295319,41.306353],[44.295153,41.306245],[44.294985,41.306139],[44.294816,41.306035],[44.294646,41.305933],[44.294475,41.305834],[44.294304,41.305737],[44.294131,41.305642],[44.293958,41.30555],[44.293784,41.30546],[44.29361,41.305373],[44.293435,41.305288],[44.293261,41.305206],[44.293085,41.305126],[44.292902,41.305047],[44.292713,41.304968],[44.292519,41.304891],[44.292319,41.304815],[44.292112,41.30474],[44.291899,41.304666],[44.291679,41.304593],[44.291451,41.304521],[44.291219,41.30445],[44.290978,41.304379],[44.290727,41.304308],[44.290464,41.304236],[44.290189,41.304163],[44.289895,41.304087],[44.289215,41.303919],[44.288913,41.303847],[44.288621,41.30378],[44.288337,41.303717],[44.28806,41.303659],[44.28779,41.303604],[44.287525,41.303554],[44.287266,41.303507],[44.287012,41.303464],[44.286729,41.303421],[44.28644,41.303383],[44.286143,41.303349],[44.285838,41.303319],[44.285524,41.303294],[44.280513,41.303253],[44.266452,41.303135],[44.264256,41.303095],[44.263418,41.303051],[44.262266,41.302916],[44.261174,41.302728],[44.259937,41.302457],[44.258256,41.302008],[44.257092,41.301637],[44.255595,41.301079],[44.252906,41.299927],[44.250993,41.298986],[44.249758,41.298292],[44.246184,41.295972],[44.242333,41.293108],[44.238978,41.289987],[44.237182,41.287819],[44.235991,41.286156],[44.23549,41.28528],[44.235276,41.28488],[44.235126,41.28461],[44.235053,41.284485],[44.234983,41.284368],[44.234913,41.284258],[44.234844,41.284152],[44.234634,41.283841],[44.234468,41.2836],[44.234313,41.283383],[44.234166,41.283186],[44.234019,41.282997],[44.233875,41.282821],[44.233731,41.282655],[44.233587,41.282499],[44.233375,41.282278],[44.233191,41.282093],[44.233018,41.281927],[44.232853,41.281777],[44.232689,41.281636],[44.232527,41.281506],[44.232366,41.281386],[44.232205,41.281276],[44.232002,41.281145],[44.231819,41.281032],[44.231648,41.280933],[44.231483,41.280844],[44.231322,41.280763],[44.231165,41.280692],[44.23101,41.280629],[44.230857,41.280575],[44.230777,41.280549],[44.230693,41.280525],[44.230508,41.280476],[44.2303,41.280429],[44.230009,41.280369],[44.229874,41.280343],[44.229733,41.280318],[44.229584,41.280294],[44.229426,41.280271],[44.229088,41.280228],[44.228562,41.280168],[44.228358,41.280147],[44.228151,41.280128],[44.227938,41.280111],[44.22772,41.280096],[44.227495,41.280084],[44.227264,41.280074],[44.227024,41.280066],[44.226773,41.28006],[44.22635,41.280054],[44.225877,41.280054],[44.225429,41.280056],[44.224399,41.280067],[44.223915,41.280069],[44.223502,41.280067],[44.223125,41.280062],[44.218496,41.279957],[44.212286,41.279753],[44.211819,41.279723],[44.211426,41.27967],[44.211247,41.27963],[44.210937,41.279528],[44.210659,41.279405],[44.210381,41.279219],[44.210186,41.279063],[44.210082,41.278959],[44.209506,41.278273],[44.209301,41.277982],[44.209113,41.277626],[44.208998,41.277279],[44.208908,41.276906],[44.208787,41.275904],[44.208793,41.2751],[44.208827,41.274751],[44.208883,41.274499],[44.209,41.274156],[44.209321,41.273444],[44.209581,41.272965],[44.209696,41.272794],[44.209944,41.272477],[44.21049,41.271876],[44.211946,41.2705],[44.212268,41.270235],[44.213015,41.269725],[44.217565,41.266844],[44.224637,41.262359],[44.228789,41.259745],[44.230483,41.258721],[44.230758,41.258571],[44.231496,41.258213],[44.232817,41.257629],[44.233371,41.257409],[44.233798,41.257259],[44.234093,41.257168],[44.234503,41.257077],[44.234858,41.257016],[44.234986,41.257001],[44.235347,41.256985],[44.23557,41.256982],[44.236306,41.257012],[44.236655,41.25704],[44.236997,41.257082],[44.237333,41.257135],[44.237769,41.257218],[44.238131,41.2573],[44.238451,41.257393],[44.238663,41.257468],[44.238866,41.257554],[44.239071,41.25766],[44.239318,41.25782],[44.239659,41.258081],[44.240452,41.258853],[44.240908,41.259365],[44.2413,41.259926],[44.241586,41.260439],[44.241752,41.26088],[44.241825,41.261229],[44.242008,41.262612],[44.242015,41.263162],[44.241835,41.265185],[44.241269,41.26855],[44.241036,41.269935],[44.241032,41.270034],[44.24103,41.270131],[44.241031,41.270279],[44.241035,41.270428],[44.241042,41.270579],[44.241052,41.270732],[44.241066,41.270886],[44.241083,41.271042],[44.241103,41.271198],[44.241126,41.271357],[44.241152,41.271516],[44.241182,41.271677],[44.241215,41.271838],[44.241251,41.272001],[44.24129,41.272165],[44.241332,41.27233],[44.241378,41.272495],[44.241426,41.272661],[44.241469,41.272798],[44.241515,41.272936],[44.241564,41.273076],[44.241618,41.273218],[44.241674,41.273362],[44.241734,41.273508],[44.241798,41.273657],[44.241866,41.273808],[44.241937,41.273961],[44.242013,41.274117],[44.242177,41.274441],[44.24236,41.274784],[44.242567,41.275156],[44.242692,41.275368],[44.242827,41.275587],[44.242975,41.275816],[44.243139,41.276058],[44.243298,41.276286],[44.243479,41.27654],[44.244153,41.277465],[44.244754,41.278311],[44.244899,41.278511],[44.245031,41.278689],[44.24518,41.278883],[44.245324,41.279063],[44.245464,41.279231],[44.245603,41.279389],[44.245713,41.279508],[44.245825,41.279627],[44.245941,41.279746],[44.24606,41.279865],[44.246182,41.279984],[44.246307,41.280102],[44.246435,41.280221],[44.246567,41.280339],[44.246702,41.280457],[44.246841,41.280575],[44.246982,41.280693],[44.247127,41.280811],[44.247276,41.28093],[44.247428,41.281048],[44.247583,41.281166],[44.247742,41.281284],[44.248069,41.28152],[44.248411,41.281757],[44.248768,41.281995],[44.249142,41.282236],[44.249532,41.282478],[44.249941,41.282725],[44.25037,41.282976],[44.250825,41.283234],[44.25105,41.283359],[44.251282,41.283483],[44.251521,41.283607],[44.251768,41.283731],[44.252022,41.283856],[44.252286,41.283981],[44.252558,41.284107],[44.252841,41.284235],[44.253126,41.284361],[44.253423,41.284489],[44.253734,41.284621],[44.254064,41.284759],[44.25478,41.285049],[44.255746,41.285433],[44.256181,41.285603],[44.256592,41.285762],[44.256985,41.285913],[44.257364,41.286055],[44.257733,41.286191],[44.258092,41.286321],[44.258443,41.286445],[44.258786,41.286563],[44.259125,41.286678],[44.259458,41.286788],[44.259786,41.286893],[44.260109,41.286994],[44.260428,41.28709],[44.260743,41.287182],[44.261055,41.28727],[44.261363,41.287354],[44.261702,41.287443],[44.262051,41.28753],[44.262407,41.287615],[44.262774,41.287697],[44.26315,41.287778],[44.263537,41.287858],[44.263937,41.287936],[44.26435,41.288014],[44.264761,41.288087],[44.265189,41.288161],[44.265638,41.288235],[44.266114,41.288311],[44.266599,41.288386],[44.267134,41.288466],[44.268635,41.288685],[44.269197,41.288765],[44.269759,41.288842],[44.270322,41.288915],[44.270885,41.288986],[44.271448,41.289053],[44.272011,41.289118],[44.272573,41.289179],[44.273136,41.289237],[44.273698,41.289291],[44.27426,41.289343],[44.274821,41.289391],[44.275381,41.289436],[44.275941,41.289478],[44.2765,41.289517],[44.277058,41.289552],[44.277614,41.289584],[44.279116,41.289664],[44.279679,41.289692],[44.280193,41.289715],[44.280694,41.289735],[44.281168,41.289751],[44.281622,41.289763],[44.282059,41.289772],[44.282498,41.289778],[44.282924,41.28978],[44.283338,41.289778],[44.283742,41.289772],[44.284137,41.289763],[44.284523,41.28975],[44.284902,41.289733],[44.285273,41.289712],[44.286337,41.289646],[44.286704,41.289621],[44.287035,41.289596],[44.287363,41.28957],[44.287672,41.289542],[44.287965,41.289513],[44.288247,41.289483],[44.288531,41.289449],[44.288804,41.289413],[44.289069,41.289374],[44.289325,41.289333],[44.289574,41.289289],[44.289815,41.289243],[44.290051,41.289193],[44.290279,41.289141],[44.290602,41.289061],[44.290926,41.288974],[44.291252,41.288881],[44.291579,41.28878],[44.291907,41.288673],[44.292235,41.288559],[44.292564,41.288438],[44.292892,41.288311],[44.29322,41.288178],[44.293547,41.288039],[44.293873,41.287893],[44.294196,41.287742],[44.294517,41.287586],[44.294835,41.287424],[44.29515,41.287258],[44.295461,41.287087],[44.295755,41.28692],[44.296029,41.286761],[44.296287,41.286606],[44.296532,41.286456],[44.296766,41.286307],[44.296989,41.286161],[44.297202,41.286017],[44.297406,41.285873],[44.297601,41.28573],[44.297788,41.285588],[44.297966,41.285446],[44.298135,41.285304],[44.298297,41.285163],[44.298449,41.285022],[44.298594,41.284881],[44.298731,41.28474],[44.298903,41.28455],[44.299071,41.284355],[44.299233,41.284155],[44.29939,41.283949],[44.29954,41.283739],[44.299684,41.283525],[44.29982,41.283308],[44.29995,41.283088],[44.300071,41.282865],[44.300185,41.282642],[44.30029,41.282417],[44.300387,41.282193],[44.300474,41.281968],[44.300553,41.281744],[44.300622,41.281522],[44.300682,41.281301],[44.300732,41.281087],[44.300775,41.28087],[44.300811,41.280651],[44.300839,41.280429],[44.300861,41.280205],[44.300875,41.279981],[44.300881,41.279756],[44.300881,41.279532],[44.300872,41.279308],[44.300857,41.279086],[44.300834,41.278866],[44.300804,41.278648],[44.300767,41.278433],[44.300723,41.278222],[44.300671,41.278014],[44.300613,41.27781],[44.300562,41.277651],[44.300505,41.277491],[44.300442,41.277329],[44.300374,41.277166],[44.3003,41.277002],[44.300221,41.276837],[44.300136,41.276672],[44.300046,41.276506],[44.29995,41.27634],[44.29985,41.276174],[44.299745,41.276008],[44.299635,41.275842],[44.29952,41.275678],[44.299401,41.275515],[44.299279,41.275353],[44.299152,41.275193],[44.299012,41.275026],[44.298862,41.274858],[44.298703,41.274691],[44.298534,41.274522],[44.298355,41.274354],[44.298166,41.274184],[44.297967,41.274013],[44.297756,41.273841],[44.297537,41.273669],[44.297306,41.273495],[44.297062,41.273318],[44.296804,41.273136],[44.296531,41.272949],[44.296239,41.272755],[44.295922,41.272549],[44.295567,41.272323],[44.295297,41.272157],[44.295011,41.271989],[44.294705,41.271818],[44.294375,41.27164],[44.294043,41.271467],[44.293905,41.271397],[44.288593,41.269015],[44.285688,41.267713],[44.282249,41.266076],[44.280246,41.264996],[44.279477,41.264516],[44.278198,41.263529],[44.276606,41.262117],[44.275669,41.261129],[44.275065,41.26044],[44.272605,41.257014],[44.27172,41.255663],[44.271411,41.255095],[44.270279,41.252541],[44.270018,41.251815],[44.269791,41.250849],[44.269733,41.250477],[44.269691,41.250063],[44.269684,41.249681],[44.269725,41.249262],[44.26979,41.248987],[44.26991,41.248587],[44.270019,41.248337],[44.270159,41.248094],[44.270444,41.247731],[44.270723,41.247452],[44.271239,41.247063],[44.27145,41.246938],[44.271642,41.24685],[44.271993,41.246727],[44.272486,41.24661],[44.273123,41.246488],[44.2733,41.246467],[44.273937,41.246428],[44.276037,41.246466],[44.276553,41.24651],[44.276949,41.246562],[44.277195,41.246609],[44.278127,41.246835],[44.278668,41.246996],[44.279214,41.247193],[44.279785,41.247437],[44.281352,41.248267],[44.282686,41.249054],[44.28502,41.250546],[44.285932,41.251145],[44.286604,41.25158],[44.286911,41.251774],[44.287202,41.251957],[44.287483,41.25213],[44.287754,41.252295],[44.288156,41.252535],[44.288963,41.253012],[44.289339,41.253239],[44.290147,41.253737],[44.290466,41.253929],[44.290674,41.254051],[44.29087,41.254163],[44.291059,41.254266],[44.291241,41.254362],[44.291503,41.254498],[44.291755,41.254625],[44.291998,41.254745],[44.292234,41.254859],[44.292465,41.254967],[44.292691,41.255071],[44.292912,41.255169],[44.29313,41.255263],[44.293345,41.255353],[44.293558,41.255439],[44.293768,41.255521],[44.293976,41.255598],[44.294181,41.255672],[44.294385,41.255741],[44.294587,41.255807],[44.294786,41.255869],[44.29496,41.25592],[44.295139,41.255969],[44.295323,41.256017],[44.295512,41.256063],[44.295707,41.256108],[44.295909,41.256152],[44.296118,41.256196],[44.296336,41.256238],[44.296546,41.256277],[44.296766,41.256316],[44.297248,41.256395],[44.297748,41.256472],[44.298713,41.256615],[44.298889,41.25664],[44.29907,41.256663],[44.299883,41.256738],[44.305242,41.257235],[44.305683,41.257295],[44.306025,41.257365],[44.306547,41.257488],[44.307729,41.257858],[44.308431,41.258112],[44.30879,41.258262],[44.309104,41.258414],[44.30953,41.25868],[44.309883,41.258943],[44.310955,41.259924],[44.31147,41.260457],[44.311717,41.260748],[44.311886,41.260981],[44.312274,41.261585],[44.312418,41.261832],[44.312649,41.262298],[44.313033,41.263192],[44.314578,41.266756],[44.314608,41.266819],[44.314713,41.26702],[44.314816,41.267207],[44.31492,41.267381],[44.315027,41.267546],[44.315257,41.267884],[44.315427,41.268125],[44.315509,41.268236],[44.315589,41.268339],[44.315667,41.268438],[44.315744,41.268531],[44.315824,41.268623],[44.315903,41.268711],[44.315983,41.268794],[44.316064,41.268874],[44.316145,41.26895],[44.316226,41.269023],[44.316309,41.269093],[44.316393,41.269159],[44.316561,41.269283],[44.316735,41.269402],[44.316913,41.269516],[44.317093,41.269622],[44.317275,41.269722],[44.317457,41.269813],[44.317639,41.269896],[44.31773,41.269934],[44.31782,41.26997],[44.31798,41.270029],[44.318146,41.270084],[44.318316,41.270136],[44.318491,41.270183],[44.318668,41.270227],[44.318848,41.270266],[44.31903,41.2703],[44.319213,41.270329],[44.319396,41.270354],[44.319578,41.270374],[44.31976,41.270389],[44.31994,41.270399],[44.320118,41.270403],[44.320293,41.270403],[44.320466,41.270398],[44.320634,41.270387],[44.320754,41.270376],[44.320879,41.270361],[44.321011,41.270342],[44.32115,41.270318],[44.321289,41.270291],[44.321444,41.270259],[44.321913,41.270154],[44.322107,41.27011],[44.322297,41.270065],[44.322482,41.270019],[44.322663,41.269972],[44.32284,41.269924],[44.323013,41.269875],[44.323182,41.269825],[44.323346,41.269774],[44.323507,41.269721],[44.323664,41.269668],[44.323818,41.269614],[44.323967,41.269559],[44.324113,41.269503],[44.324255,41.269445],[44.324393,41.269387],[44.324527,41.269327],[44.32468,41.269255],[44.324832,41.269177],[44.324984,41.269094],[44.325137,41.269005],[44.32529,41.268909],[44.325445,41.268808],[44.325602,41.268699],[44.325763,41.268582],[44.325886,41.268489],[44.326013,41.26839],[44.326145,41.268285],[44.326283,41.268172],[44.326562,41.267937],[44.327105,41.267468],[44.327334,41.267274],[44.327575,41.267074],[44.327796,41.266899],[44.328133,41.266632],[44.328501,41.266331],[44.328716,41.26615],[44.330277,41.264879],[44.331313,41.264079],[44.331758,41.263766],[44.332211,41.263469],[44.333772,41.262501],[44.334357,41.262177],[44.335596,41.261574],[44.336063,41.261377],[44.336247,41.261312],[44.336503,41.261237],[44.336975,41.261143],[44.337815,41.261056],[44.338436,41.261033],[44.338932,41.261047],[44.339334,41.261086],[44.339843,41.261171],[44.340077,41.26122],[44.340317,41.261275],[44.340586,41.261359],[44.340805,41.261436],[44.340925,41.261482],[44.341076,41.261555],[44.34154,41.26181],[44.342063,41.262132],[44.342247,41.262242],[44.342377,41.262342],[44.342455,41.262411],[44.342694,41.262682],[44.343544,41.263775],[44.344825,41.265633],[44.345171,41.266206],[44.345372,41.266633],[44.345867,41.267881],[44.346141,41.268755],[44.346338,41.269601],[44.3464,41.27006],[44.346444,41.27067],[44.346413,41.271413],[44.346159,41.272525],[44.345915,41.27324],[44.345524,41.274114],[44.345202,41.27465],[44.344961,41.274987],[44.344199,41.275877],[44.343564,41.276492],[44.342398,41.277525],[44.341689,41.278046],[44.340281,41.278987],[44.338294,41.280146],[44.336368,41.281134],[44.333441,41.282568],[44.331401,41.283567],[44.331114,41.283726],[44.330839,41.283885],[44.330576,41.284044],[44.330323,41.284203],[44.330081,41.284363],[44.329849,41.284524],[44.329577,41.284719],[44.32931,41.284916],[44.329048,41.285115],[44.328789,41.285315],[44.328536,41.285516],[44.328287,41.285719],[44.328043,41.285923],[44.327804,41.286128],[44.327571,41.286334],[44.327343,41.28654],[44.32712,41.286747],[44.326903,41.286955],[44.326692,41.287164],[44.326486,41.287373],[44.326286,41.287582],[44.326092,41.287792],[44.325756,41.288166],[44.325603,41.288341],[44.325458,41.288509],[44.32532,41.288673],[44.325188,41.288833],[44.325063,41.28899],[44.324943,41.289143],[44.324827,41.289295],[44.324716,41.289445],[44.324611,41.289593],[44.32451,41.289739],[44.324413,41.289883],[44.324322,41.290026],[44.324234,41.290168],[44.324151,41.290308],[44.323949,41.290664],[44.323861,41.290825],[44.32378,41.290978],[44.323704,41.291125],[44.323634,41.291268],[44.323569,41.291407],[44.323508,41.291542],[44.323451,41.291676],[44.323398,41.291807],[44.32335,41.291936],[44.323306,41.292062],[44.323266,41.292187],[44.32323,41.292309],[44.323198,41.29243],[44.32317,41.292549],[44.323119,41.292797],[44.32308,41.293023],[44.32305,41.293234],[44.323031,41.293434],[44.32302,41.293626],[44.323019,41.293718],[44.32302,41.293809],[44.323023,41.293898],[44.323029,41.293985],[44.323037,41.29407],[44.323047,41.294153],[44.323071,41.294292],[44.323103,41.294435],[44.323144,41.294585],[44.323194,41.294742],[44.323252,41.294904],[44.323321,41.295079],[44.323403,41.295273],[44.323512,41.29552],[44.323641,41.295803],[44.32375,41.29603],[44.323854,41.296234],[44.323958,41.29642],[44.324064,41.296595],[44.324173,41.296757],[44.324228,41.296834],[44.324285,41.296909],[44.324342,41.29698],[44.324401,41.29705],[44.324483,41.297141],[44.32457,41.297233],[44.324663,41.297324],[44.324761,41.297415],[44.324864,41.297507],[44.324974,41.297598],[44.325088,41.29769],[44.325209,41.297782],[44.325335,41.297873],[44.325466,41.297966],[44.325604,41.298059],[44.325749,41.298153],[44.325901,41.298248],[44.32606,41.298345],[44.326228,41.298444],[44.326407,41.298546],[44.326595,41.298648],[44.326796,41.298749],[44.327013,41.298851],[44.327249,41.298956],[44.327476,41.299051],[44.327732,41.299154],[44.328684,41.299522],[44.32886,41.29959],[44.329041,41.299658],[44.329226,41.299725],[44.329417,41.299793],[44.329816,41.299928],[44.330247,41.300065],[44.330644,41.300187],[44.331089,41.300319],[44.331531,41.300446],[44.332686,41.300776],[44.332834,41.300819],[44.334571,41.301362],[44.336921,41.302218],[44.337907,41.30277],[44.339329,41.303644],[44.339709,41.303928],[44.33988,41.304135],[44.340038,41.304421],[44.340227,41.304941],[44.340413,41.305456],[44.344953,41.303283],[44.349791,41.300967],[44.351237,41.302888],[44.352214,41.304539],[44.3527,41.305549],[44.353371,41.307078],[44.354079,41.308917],[44.355498,41.312842],[44.355725,41.313488],[44.355789,41.31368],[44.356103,41.314612],[44.356278,41.315115],[44.356445,41.315584],[44.356608,41.316029],[44.356768,41.316453],[44.356899,41.316801],[44.357039,41.317191],[44.357488,41.318478],[44.357656,41.318949],[44.357825,41.319407],[44.357987,41.319819],[44.358091,41.320071],[44.358195,41.320313],[44.358299,41.320545],[44.358405,41.320769],[44.358512,41.320986],[44.358621,41.321196],[44.358732,41.321401],[44.358846,41.3216],[44.359242,41.322282],[44.359433,41.322604],[44.359534,41.322768],[44.35963,41.322921],[44.359724,41.323064],[44.359817,41.323201],[44.359917,41.323342],[44.360017,41.323477],[44.360116,41.323606],[44.360217,41.323729],[44.360318,41.323848],[44.360421,41.323962],[44.360525,41.324072],[44.36063,41.324177],[44.360939,41.324475],[44.361061,41.324588],[44.361173,41.324691],[44.361285,41.324789],[44.361393,41.324881],[44.361497,41.324967],[44.3616,41.325047],[44.361706,41.325126],[44.36181,41.325199],[44.361913,41.325269],[44.362016,41.325333],[44.362119,41.325394],[44.362221,41.325451],[44.362324,41.325503],[44.362427,41.325551],[44.362521,41.325593],[44.362618,41.325633],[44.362717,41.325672],[44.362819,41.32571],[44.362924,41.325746],[44.363031,41.325781],[44.36314,41.325814],[44.36325,41.325847],[44.363363,41.325877],[44.363477,41.325906],[44.363592,41.325933],[44.363709,41.325959],[44.363826,41.325983],[44.363943,41.326005],[44.364061,41.326025],[44.364178,41.326043],[44.364288,41.326058],[44.364401,41.326071],[44.364516,41.326082],[44.364634,41.326091],[44.364754,41.326098],[44.364877,41.326104],[44.365002,41.326107],[44.36513,41.326109],[44.36526,41.326109],[44.365393,41.326107],[44.365668,41.326097],[44.365954,41.326079],[44.366254,41.326054],[44.366438,41.326035],[44.36662,41.326014],[44.366801,41.32599],[44.366978,41.325963],[44.367153,41.325934],[44.367325,41.325903],[44.367493,41.325869],[44.367657,41.325833],[44.367817,41.325795],[44.367973,41.325754],[44.368124,41.325711],[44.368272,41.325666],[44.368414,41.325619],[44.368552,41.32557],[44.368686,41.325519],[44.368814,41.325466],[44.368934,41.325413],[44.369053,41.325354],[44.369172,41.32529],[44.369291,41.325221],[44.369411,41.325147],[44.369532,41.325068],[44.369654,41.324982],[44.369778,41.32489],[44.369889,41.324804],[44.370003,41.324712],[44.370121,41.324613],[44.370246,41.324504],[44.370443,41.324328],[44.370909,41.323902],[44.371119,41.323714],[44.371254,41.323594],[44.371388,41.32347],[44.371523,41.323342],[44.371659,41.32321],[44.371796,41.323074],[44.371935,41.322932],[44.372075,41.322785],[44.372219,41.322631],[44.372494,41.322327],[44.372794,41.321985],[44.373095,41.321635],[44.373701,41.320919],[44.373886,41.3207],[44.374071,41.320474],[44.374258,41.320242],[44.374447,41.320004],[44.374638,41.319758],[44.374831,41.319504],[44.375028,41.31924],[44.375231,41.318966],[44.375596,41.31846],[44.375997,41.317892],[44.376371,41.317354],[44.377186,41.316173],[44.377522,41.315689],[44.37777,41.31534],[44.378391,41.314473],[44.378562,41.31423],[44.378714,41.314011],[44.378889,41.313751],[44.379049,41.313508],[44.379195,41.313275],[44.37933,41.313051],[44.379474,41.312804],[44.379612,41.312562],[44.379744,41.312326],[44.37987,41.312094],[44.379991,41.311867],[44.380106,41.311643],[44.380216,41.311422],[44.380322,41.311204],[44.380422,41.310989],[44.380518,41.310776],[44.38061,41.310566],[44.380696,41.310358],[44.380779,41.310152],[44.380856,41.309949],[44.38093,41.309747],[44.380998,41.309547],[44.381073,41.309317],[44.381145,41.309082],[44.381214,41.308842],[44.38128,41.308597],[44.381313,41.308465],[44.381443,41.30742],[44.381493,41.306782],[44.381524,41.304599],[44.3815,41.302066],[44.381526,41.301598],[44.381834,41.299748],[44.38207,41.29866],[44.382609,41.296613],[44.382625,41.296563],[44.382988,41.295566],[44.383147,41.29518],[44.38337,41.294739],[44.383726,41.294076],[44.384437,41.293082],[44.384541,41.292946],[44.384905,41.292506],[44.385051,41.292341],[44.385211,41.292175],[44.385294,41.292099],[44.38541,41.292009],[44.385587,41.29189],[44.386179,41.291551],[44.386446,41.291405],[44.386766,41.291261],[44.387011,41.291169],[44.387476,41.291017],[44.387739,41.290947],[44.3884,41.290812],[44.388791,41.290764],[44.389751,41.290759],[44.390473,41.290794],[44.39113,41.290878],[44.391393,41.290917],[44.393682,41.291454],[44.394069,41.291561],[44.394396,41.291671],[44.394806,41.291835],[44.396444,41.292576],[44.397223,41.292969],[44.397782,41.293304],[44.39927,41.294284],[44.399497,41.294482],[44.399811,41.294815],[44.399949,41.295002],[44.400072,41.295268],[44.400129,41.295417],[44.400161,41.295544],[44.400222,41.295852],[44.40023,41.296402],[44.400219,41.296532],[44.400185,41.296723],[44.400147,41.296854],[44.400058,41.297083],[44.399888,41.29734],[44.399838,41.297399],[44.399694,41.297549],[44.399501,41.29772],[44.398479,41.298598],[44.398069,41.29895],[44.397782,41.299204],[44.397638,41.299334],[44.397472,41.299491],[44.397332,41.299634],[44.39726,41.299713],[44.397194,41.299789],[44.397133,41.299864],[44.397078,41.299938],[44.397027,41.300011],[44.396981,41.300083],[44.396939,41.300154],[44.396902,41.300226],[44.396849,41.300345],[44.396802,41.300472],[44.396761,41.300608],[44.396726,41.300755],[44.396697,41.300907],[44.396672,41.301076],[44.39665,41.301263],[44.396624,41.301528],[44.396613,41.301669],[44.396605,41.301813],[44.396601,41.30196],[44.396601,41.302109],[44.396605,41.30226],[44.396613,41.302415],[44.396624,41.302572],[44.39664,41.302732],[44.396666,41.302968],[44.396689,41.303148],[44.396713,41.30331],[44.396741,41.303457],[44.396773,41.303599],[44.396809,41.303732],[44.396849,41.303858],[44.396894,41.303977],[44.396945,41.304091],[44.397005,41.304208],[44.397075,41.30433],[44.397157,41.304459],[44.397236,41.304574],[44.397327,41.304702],[44.397631,41.305105],[44.397734,41.305245],[44.397879,41.305442],[44.398031,41.305642],[44.398191,41.305843],[44.398359,41.306047],[44.398535,41.306254],[44.398719,41.306464],[44.398913,41.306679],[44.399118,41.3069],[44.399319,41.307113],[44.399533,41.307333],[44.39976,41.307562],[44.400004,41.307806],[44.400514,41.308303],[44.401422,41.309176],[44.401624,41.309368],[44.401838,41.309566],[44.402064,41.30977],[44.402308,41.309985],[44.402562,41.310207],[44.402846,41.310449],[44.407787,41.3152],[44.408973,41.316464],[44.409861,41.317475],[44.410389,41.318163],[44.411195,41.319528],[44.41147,41.320093],[44.411586,41.320423],[44.411668,41.321028],[44.411755,41.322022],[44.411763,41.322869],[44.411639,41.323781],[44.411556,41.324105],[44.411309,41.324737],[44.411019,41.325303],[44.410828,41.325611],[44.410621,41.325888],[44.409802,41.326871],[44.409147,41.327423],[44.408378,41.327995],[44.407143,41.328844],[44.40243,41.331815],[44.402136,41.331997],[44.401858,41.332175],[44.401594,41.332351],[44.401344,41.332525],[44.401105,41.332699],[44.400879,41.332873],[44.400663,41.333048],[44.400457,41.333223],[44.399956,41.333662],[44.399666,41.33392],[44.399398,41.334164],[44.399161,41.334387],[44.398933,41.334611],[44.398726,41.334826],[44.398629,41.334931],[44.398536,41.335035],[44.398447,41.335137],[44.398362,41.335238],[44.398219,41.335414],[44.398088,41.335579],[44.397966,41.335735],[44.397852,41.335886],[44.397745,41.336032],[44.397645,41.336174],[44.39755,41.336313],[44.397461,41.336449],[44.397377,41.336584],[44.397298,41.336717],[44.397224,41.336848],[44.397156,41.336977],[44.397092,41.337104],[44.397034,41.33723],[44.39698,41.337354],[44.396931,41.337478],[44.396875,41.337633],[44.396823,41.337793],[44.396775,41.337956],[44.396731,41.338122],[44.396692,41.338292],[44.396657,41.338466],[44.396626,41.338642],[44.396599,41.33882],[44.39657,41.339073],[44.39655,41.339323],[44.396544,41.339446],[44.39654,41.339569],[44.396538,41.33969],[44.396539,41.339811],[44.396543,41.33993],[44.396549,41.340047],[44.396557,41.340164],[44.396568,41.340279],[44.396581,41.340393],[44.396597,41.340505],[44.396615,41.340616],[44.396635,41.340726],[44.396684,41.340963],[44.396729,41.341157],[44.396776,41.341333],[44.396826,41.341495],[44.396881,41.341648],[44.39694,41.341791],[44.397005,41.341926],[44.397075,41.342052],[44.397147,41.342166],[44.397229,41.342282],[44.397321,41.342401],[44.397424,41.342524],[44.397537,41.342649],[44.397663,41.342781],[44.397805,41.342921],[44.397971,41.34308],[44.398186,41.343279],[44.398368,41.343441],[44.39854,41.343584],[44.398704,41.343712],[44.398786,41.343772],[44.398867,41.343829],[44.398947,41.343883],[44.399027,41.343934],[44.399107,41.343982],[44.399187,41.344027],[44.399266,41.34407],[44.399345,41.34411],[44.399428,41.344149],[44.399513,41.344187],[44.399602,41.344224],[44.399693,41.344259],[44.399788,41.344294],[44.399887,41.344328],[44.399988,41.344361],[44.400093,41.344393],[44.400313,41.344454],[44.400548,41.344512],[44.400799,41.344567],[44.401071,41.344621],[44.401233,41.344649],[44.401392,41.344676],[44.401549,41.344699],[44.401703,41.34472],[44.401855,41.344737],[44.402005,41.344753],[44.402152,41.344765],[44.402296,41.344775],[44.402438,41.344781],[44.402578,41.344786],[44.402714,41.344787],[44.402849,41.344786],[44.40298,41.344782],[44.403109,41.344775],[44.403236,41.344765],[44.403359,41.344753],[44.403483,41.344737],[44.403612,41.344717],[44.403747,41.344693],[44.40389,41.344664],[44.404035,41.344631],[44.404194,41.344593],[44.404639,41.344479],[44.404814,41.344432],[44.404988,41.344384],[44.405161,41.344333],[44.405332,41.344281],[44.405501,41.344227],[44.40567,41.344171],[44.405836,41.344114],[44.406,41.344055],[44.406162,41.343994],[44.406322,41.343932],[44.40648,41.343868],[44.406635,41.343803],[44.406788,41.343737],[44.406938,41.343669],[44.407085,41.3436],[44.40723,41.343529],[44.407349,41.343468],[44.407469,41.343404],[44.40759,41.343337],[44.407712,41.343266],[44.407836,41.343191],[44.407962,41.343113],[44.40809,41.34303],[44.408221,41.342942],[44.408461,41.342775],[44.408724,41.342585],[44.408935,41.342427],[44.409455,41.342035],[44.409694,41.341857],[44.409915,41.34169],[44.410142,41.341514],[44.410377,41.341325],[44.410623,41.341122],[44.410849,41.340931],[44.411098,41.340717],[44.411991,41.339934],[44.412011,41.339917],[44.412832,41.33923],[44.41566,41.337239],[44.416523,41.336699],[44.41773,41.336025],[44.418547,41.335659],[44.419243,41.335382],[44.419834,41.335199],[44.42065,41.335053],[44.422137,41.334933],[44.422951,41.334918],[44.423848,41.334962],[44.424703,41.33507],[44.425396,41.335231],[44.425954,41.335433],[44.426724,41.335773],[44.426931,41.335878],[44.427815,41.336389],[44.431306,41.339037],[44.433449,41.340884],[44.43372,41.341121],[44.434075,41.341427],[44.434397,41.3417],[44.434627,41.341896],[44.434879,41.342118],[44.435118,41.342332],[44.435683,41.342845],[44.43597,41.343101],[44.436246,41.34334],[44.436501,41.343552],[44.436665,41.343683],[44.436826,41.343806],[44.436983,41.343923],[44.437139,41.344034],[44.437293,41.344139],[44.437447,41.344239],[44.437601,41.344334],[44.437754,41.344425],[44.43798,41.344553],[44.4382,41.344674],[44.438414,41.344788],[44.438624,41.344897],[44.43883,41.345],[44.439033,41.345097],[44.439232,41.34519],[44.43943,41.345277],[44.439625,41.34536],[44.439818,41.345438],[44.440009,41.34551],[44.440198,41.345579],[44.440385,41.345642],[44.44057,41.345701],[44.440754,41.345755],[44.440936,41.345804],[44.44112,41.34585],[44.441304,41.345894],[44.44149,41.345935],[44.441676,41.345973],[44.441863,41.346008],[44.442049,41.34604],[44.442235,41.34607],[44.442421,41.346096],[44.442606,41.34612],[44.44279,41.34614],[44.442973,41.346158],[44.443154,41.346172],[44.443333,41.346184],[44.443511,41.346192],[44.443687,41.346197],[44.443861,41.346199],[44.444083,41.346198],[44.44431,41.346191],[44.444542,41.346179],[44.444777,41.346163],[44.445017,41.346141],[44.445259,41.346115],[44.445505,41.346084],[44.445752,41.346048],[44.445909,41.346023],[44.446068,41.345995],[44.446228,41.345964],[44.446389,41.345931],[44.446551,41.345895],[44.446714,41.345857],[44.446879,41.345816],[44.447044,41.345773],[44.447211,41.345727],[44.447378,41.345679],[44.447546,41.345628],[44.447715,41.345575],[44.447884,41.345519],[44.448054,41.345461],[44.448224,41.345401],[44.448394,41.345339],[44.448614,41.345253],[44.448836,41.34516],[44.449058,41.345061],[44.449281,41.344954],[44.449507,41.34484],[44.449734,41.344719],[44.449964,41.344589],[44.450197,41.344452],[44.450428,41.34431],[44.450665,41.344159],[44.450907,41.343998],[44.451158,41.343826],[44.451415,41.343645],[44.451688,41.343447],[44.451982,41.343229],[44.452327,41.34297],[44.452555,41.342793],[44.452783,41.342609],[44.453011,41.342418],[44.453238,41.342219],[44.453466,41.342011],[44.453694,41.341796],[44.453924,41.341571],[44.454156,41.341337],[44.454384,41.341099],[44.454616,41.34085],[44.454854,41.340587],[44.4551,41.340309],[44.455352,41.340019],[44.45562,41.339703],[44.455912,41.339354],[44.456273,41.338917],[44.456544,41.338583],[44.456811,41.338243],[44.457074,41.337896],[44.457335,41.337543],[44.457592,41.337183],[44.457845,41.336817],[44.458096,41.336444],[44.458343,41.336065],[44.458587,41.335679],[44.458827,41.335286],[44.459065,41.334886],[44.4593,41.334479],[44.459531,41.334064],[44.45976,41.333643],[44.459986,41.333214],[44.46021,41.332777],[44.460672,41.331878],[44.460826,41.331574],[44.460993,41.33123],[44.461136,41.33092],[44.461207,41.330755],[44.461273,41.330596],[44.461334,41.330441],[44.461389,41.33029],[44.46144,41.330142],[44.461487,41.329997],[44.461528,41.329854],[44.461566,41.329714],[44.46163,41.329444],[44.461685,41.329167],[44.461733,41.328885],[44.461773,41.328596],[44.461804,41.328302],[44.461828,41.328002],[44.461844,41.327698],[44.461851,41.327388],[44.461853,41.32714],[44.461851,41.326916],[44.461848,41.326707],[44.461841,41.32651],[44.461831,41.32632],[44.461818,41.326138],[44.461802,41.325962],[44.461783,41.325793],[44.46176,41.325626],[44.461734,41.325464],[44.461704,41.325307],[44.461671,41.325153],[44.461634,41.325004],[44.461594,41.324859],[44.46155,41.324717],[44.461502,41.324578],[44.461452,41.324446],[44.461399,41.324314],[44.461344,41.324183],[44.461287,41.324054],[44.461227,41.323926],[44.461165,41.323799],[44.4611,41.323675],[44.461033,41.323552],[44.460964,41.323431],[44.460893,41.323312],[44.46082,41.323195],[44.460745,41.323081],[44.460668,41.322969],[44.46059,41.322859],[44.460509,41.322752],[44.460427,41.322647],[44.460341,41.322543],[44.460251,41.322439],[44.460156,41.322335],[44.460057,41.322231],[44.459954,41.322126],[44.459847,41.322021],[44.459735,41.321916],[44.459618,41.32181],[44.459498,41.321704],[44.459372,41.321598],[44.459243,41.321492],[44.459108,41.321385],[44.45897,41.321278],[44.458826,41.32117],[44.458678,41.321062],[44.458525,41.320953],[44.458416,41.320879],[44.458303,41.320804],[44.458186,41.320729],[44.458065,41.320654],[44.457939,41.320578],[44.457809,41.320502],[44.457531,41.320347],[44.457241,41.320193],[44.456917,41.320029],[44.45656,41.319853],[44.456008,41.319587],[44.455813,41.319495],[44.455612,41.319404],[44.455404,41.319314],[44.45519,41.319223],[44.454968,41.319133],[44.454737,41.319043],[44.454497,41.318951],[44.454245,41.318859],[44.453811,41.318705],[44.453324,41.318539],[44.452854,41.318383],[44.451709,41.318009],[44.451119,41.317811],[44.450936,41.317748],[44.450039,41.317423],[44.446908,41.316182],[44.445858,41.315617],[44.445158,41.315191],[44.444998,41.315076],[44.443953,41.314232],[44.443041,41.313442],[44.442794,41.313167],[44.441826,41.311786],[44.439536,41.307235],[44.439474,41.307106],[44.439367,41.306893],[44.439262,41.306689],[44.438997,41.306175],[44.438285,41.304782],[44.438067,41.304362],[44.437867,41.303986],[44.437636,41.303563],[44.437415,41.303169],[44.437198,41.302798],[44.436984,41.302445],[44.436746,41.302066],[44.436501,41.301686],[44.436249,41.301305],[44.43599,41.300924],[44.435723,41.300541],[44.435449,41.300157],[44.435168,41.299772],[44.43488,41.299386],[44.434585,41.298999],[44.434282,41.298612],[44.433973,41.298223],[44.433656,41.297833],[44.433332,41.297442],[44.433,41.29705],[44.432662,41.296657],[44.432316,41.296263],[44.432037,41.295951],[44.431754,41.29564],[44.431467,41.295329],[44.431175,41.295019],[44.43088,41.294709],[44.43058,41.2944],[44.430276,41.294092],[44.429969,41.293785],[44.429657,41.293478],[44.429341,41.293173],[44.429022,41.292869],[44.428699,41.292565],[44.428372,41.292263],[44.428042,41.291962],[44.427708,41.291662],[44.427371,41.291364],[44.427051,41.291085],[44.42673,41.290808],[44.426405,41.290534],[44.426079,41.290261],[44.425751,41.28999],[44.425421,41.289722],[44.425089,41.289455],[44.424755,41.289191],[44.424419,41.28893],[44.424081,41.28867],[44.423742,41.288413],[44.423401,41.288158],[44.423059,41.287906],[44.422715,41.287657],[44.422369,41.287409],[44.422022,41.287165],[44.421582,41.28686],[44.421138,41.286557],[44.420688,41.286256],[44.420234,41.285958],[44.419775,41.285662],[44.419312,41.285368],[44.418844,41.285077],[44.418373,41.284789],[44.417947,41.284535],[44.417498,41.284274],[44.417019,41.284003],[44.416502,41.283717],[44.416074,41.283485],[44.415599,41.28323],[44.413755,41.282252],[44.412974,41.281833],[44.411533,41.281059],[44.410242,41.280284],[44.406857,41.277851],[44.4061,41.277194],[44.405576,41.276681],[44.404391,41.275229],[44.402367,41.271706],[44.402304,41.271592],[44.402114,41.271266],[44.401902,41.270905],[44.401363,41.269978],[44.401204,41.26971],[44.40106,41.269471],[44.40089,41.269195],[44.400727,41.268939],[44.400568,41.268698],[44.400412,41.268468],[44.400238,41.268223],[44.397833,41.265295],[44.397105,41.264409],[44.396649,41.263813],[44.395965,41.262613],[44.395701,41.262043],[44.395555,41.261643],[44.395276,41.260547],[44.395139,41.259746],[44.395097,41.2592],[44.3951,41.258919],[44.395125,41.258626],[44.395177,41.258355],[44.395331,41.257883],[44.3955,41.257539],[44.395809,41.257073],[44.396186,41.256705],[44.39666,41.256336],[44.396955,41.25615],[44.397107,41.256086],[44.397379,41.25599],[44.397701,41.25592],[44.398245,41.255838],[44.398665,41.255793],[44.399055,41.255771],[44.39961,41.255766],[44.403362,41.255863],[44.404601,41.255943],[44.405877,41.256063],[44.406146,41.256096],[44.406889,41.256207],[44.407416,41.256322],[44.408013,41.256483],[44.409355,41.256906],[44.409832,41.257086],[44.410399,41.257341],[44.411125,41.257712],[44.412491,41.258504],[44.413072,41.258853],[44.413373,41.259047],[44.414151,41.259637],[44.417799,41.26264],[44.421133,41.265766],[44.421723,41.266341],[44.422212,41.266815],[44.422675,41.267258],[44.423098,41.267658],[44.423488,41.26802],[44.423861,41.268361],[44.424223,41.268684],[44.424575,41.268993],[44.425711,41.269987],[44.425985,41.270223],[44.426232,41.270432],[44.426508,41.270661],[44.426769,41.270871],[44.427022,41.271068],[44.427268,41.271253],[44.427534,41.271448],[44.427798,41.271637],[44.42806,41.271821],[44.428321,41.272],[44.42858,41.272175],[44.428837,41.272345],[44.429094,41.27251],[44.429349,41.272671],[44.429604,41.272827],[44.429858,41.272979],[44.430111,41.273127],[44.430363,41.27327],[44.430615,41.273409],[44.430866,41.273544],[44.431117,41.273675],[44.431367,41.273801],[44.431895,41.27406],[44.43235,41.274277],[44.432565,41.274376],[44.432772,41.274469],[44.432973,41.274558],[44.43317,41.274642],[44.433365,41.274722],[44.433557,41.274799],[44.433746,41.274872],[44.433931,41.274941],[44.434115,41.275006],[44.434296,41.275068],[44.434475,41.275126],[44.434652,41.275181],[44.435016,41.275287],[44.435379,41.275385],[44.43556,41.275431],[44.43574,41.275475],[44.435919,41.275517],[44.436098,41.275557],[44.436276,41.275594],[44.436453,41.27563],[44.436629,41.275663],[44.436803,41.275694],[44.436977,41.275723],[44.43715,41.27575],[44.437322,41.275775],[44.437492,41.275797],[44.43797,41.275857],[44.438291,41.275893],[44.438585,41.275921],[44.438851,41.27594],[44.438983,41.275946],[44.439111,41.27595],[44.439234,41.275952],[44.439354,41.275952],[44.439471,41.27595],[44.439585,41.275945],[44.439696,41.275938],[44.439804,41.275929],[44.439907,41.275918],[44.440012,41.275905],[44.440118,41.27589],[44.440225,41.275872],[44.440446,41.275832],[44.440673,41.275782],[44.440908,41.275724],[44.441152,41.275658],[44.441405,41.275582],[44.44167,41.275496],[44.441806,41.275449],[44.441942,41.275396],[44.442079,41.275339],[44.442217,41.275277],[44.442356,41.27521],[44.442497,41.275138],[44.442641,41.275059],[44.442789,41.274975],[44.443,41.274847],[44.443227,41.274702],[44.443494,41.274524],[44.444062,41.274135],[44.444312,41.273967],[44.444579,41.273795],[44.444703,41.273718],[44.446644,41.272639],[44.447122,41.272385],[44.447475,41.272236],[44.448366,41.271885],[44.448942,41.271708],[44.449469,41.271608],[44.450547,41.271521],[44.450763,41.271516],[44.451031,41.271516],[44.45148,41.271542],[44.451927,41.271591],[44.452133,41.271638],[44.45241,41.271722],[44.452819,41.271886],[44.452912,41.271926],[44.453112,41.272035],[44.453413,41.272231],[44.453558,41.272349],[44.453656,41.272456],[44.454225,41.273206],[44.454593,41.27387],[44.454689,41.274067],[44.454757,41.274238],[44.454898,41.274667],[44.455086,41.275389],[44.455236,41.276053],[44.455497,41.277571],[44.455934,41.280628],[44.455963,41.280851],[44.456033,41.281323],[44.456117,41.28186],[44.456335,41.28331],[44.456404,41.283746],[44.456469,41.284137],[44.456548,41.28458],[44.456628,41.284994],[44.456709,41.285385],[44.456794,41.285759],[44.45697,41.286496],[44.457088,41.286976],[44.457202,41.287414],[44.457313,41.28781],[44.45743,41.288197],[44.457489,41.288381],[44.457549,41.28856],[44.457611,41.288735],[44.457673,41.288905],[44.457737,41.289072],[44.457803,41.289235],[44.458039,41.289808],[44.458195,41.290173],[44.458272,41.290345],[44.458346,41.290507],[44.45842,41.29066],[44.458493,41.290806],[44.45857,41.290953],[44.458648,41.291095],[44.458726,41.291231],[44.458805,41.291363],[44.458886,41.291491],[44.458968,41.291614],[44.459052,41.291733],[44.459138,41.291849],[44.459271,41.292018],[44.459418,41.292192],[44.459577,41.29237],[44.459752,41.292556],[44.459938,41.292745],[44.460147,41.292948],[44.460382,41.293171],[44.460694,41.293461],[44.46106,41.293794],[44.461236,41.29395],[44.461407,41.294099],[44.461576,41.294242],[44.461742,41.294381],[44.461906,41.294515],[44.462068,41.294644],[44.46223,41.29477],[44.462391,41.294891],[44.46255,41.295008],[44.462708,41.295122],[44.462866,41.295232],[44.463023,41.295338],[44.46318,41.29544],[44.463337,41.295539],[44.463533,41.295659],[44.463738,41.295777],[44.463951,41.295893],[44.464173,41.296009],[44.464405,41.296124],[44.464647,41.296239],[44.4649,41.296354],[44.465166,41.29647],[44.465414,41.296574],[44.465676,41.29668],[44.465954,41.29679],[44.466254,41.296906],[44.466769,41.297098],[44.467854,41.297496],[44.46832,41.297669],[44.468551,41.297754],[44.468794,41.29784],[44.469051,41.297929],[44.469329,41.298022],[44.469841,41.298187],[44.470163,41.298288],[44.472617,41.299113],[44.477812,41.301524],[44.480722,41.303583],[44.483393,41.305751],[44.483415,41.305769],[44.483749,41.306042],[44.484052,41.306286],[44.484504,41.306651],[44.485558,41.307518],[44.485834,41.30774],[44.486085,41.307939],[44.486395,41.308177],[44.486689,41.308396],[44.486974,41.308599],[44.487252,41.308788],[44.48778,41.309136],[44.488202,41.309408],[44.4884,41.309532],[44.48859,41.309649],[44.488774,41.30976],[44.488953,41.309865],[44.489133,41.309967],[44.48931,41.310065],[44.489483,41.310159],[44.489655,41.310248],[44.489824,41.310334],[44.489992,41.310415],[44.490159,41.310493],[44.490324,41.310567],[44.490706,41.310732],[44.491032,41.310868],[44.491332,41.310986],[44.491615,41.311091],[44.491753,41.311139],[44.491889,41.311185],[44.492022,41.311227],[44.492153,41.311267],[44.492282,41.311304],[44.492409,41.311339],[44.492535,41.311371],[44.492659,41.3114],[44.492796,41.31143],[44.492937,41.311458],[44.493081,41.311484],[44.493229,41.311508],[44.493381,41.311531],[44.493537,41.311551],[44.493697,41.311571],[44.493861,41.311588],[44.494029,41.311604],[44.494202,41.311618],[44.49438,41.31163],[44.494565,41.311641],[44.494958,41.311659],[44.495397,41.311673],[44.495999,41.311685],[44.496216,41.311688],[44.496414,41.311689],[44.496608,41.311687],[44.496791,41.311684],[44.496965,41.311678],[44.497132,41.31167],[44.4973,41.311659],[44.497461,41.311645],[44.497617,41.311628],[44.497767,41.311609],[44.497913,41.311588],[44.498055,41.311563],[44.498192,41.311535],[44.498325,41.311505],[44.498463,41.31147],[44.498604,41.31143],[44.49875,41.311385],[44.498902,41.311335],[44.499058,41.31128],[44.499224,41.311219],[44.499403,41.31115],[44.499605,41.311069],[44.499844,41.310971],[44.500062,41.310877],[44.500263,41.310786],[44.500451,41.310696],[44.500629,41.310606],[44.500796,41.310516],[44.500953,41.310425],[44.501101,41.310333],[44.501272,41.310221],[44.501434,41.310107],[44.501588,41.309993],[44.501733,41.309878],[44.50187,41.309762],[44.501997,41.309647],[44.502116,41.309531],[44.502225,41.309415],[44.502329,41.309295],[44.502429,41.309168],[44.502526,41.309032],[44.50262,41.308889],[44.502712,41.308736],[44.502802,41.308575],[44.50289,41.308402],[44.502979,41.308215],[44.503023,41.308117],[44.503065,41.308017],[44.503105,41.307917],[44.503143,41.307815],[44.503178,41.307712],[44.503212,41.307609],[44.503272,41.3074],[44.503322,41.307189],[44.503364,41.306976],[44.503381,41.30687],[44.503396,41.306764],[44.503408,41.306658],[44.503418,41.306552],[44.503425,41.306446],[44.50343,41.306338],[44.503432,41.306229],[44.503431,41.306119],[44.503428,41.306008],[44.503422,41.305896],[44.503413,41.305783],[44.503402,41.30567],[44.503388,41.305556],[44.503371,41.305441],[44.503352,41.305325],[44.503331,41.305209],[44.503306,41.305093],[44.50328,41.304977],[44.50325,41.304861],[44.503219,41.304746],[44.503189,41.304647],[44.503156,41.304546],[44.50312,41.304445],[44.50308,41.304341],[44.503037,41.304236],[44.50299,41.304129],[44.50294,41.304019],[44.502886,41.303907],[44.502768,41.303678],[44.502632,41.303433],[44.502475,41.303164],[44.502275,41.302836],[44.50215,41.302639],[44.502014,41.302437],[44.501867,41.302228],[44.501707,41.302012],[44.501536,41.301789],[44.501347,41.301551],[44.501136,41.301292],[44.50088,41.300984],[44.500743,41.300823],[44.500602,41.300661],[44.500457,41.300498],[44.500307,41.300333],[44.500153,41.300167],[44.499994,41.3],[44.499831,41.29983],[44.499662,41.299658],[44.499309,41.299309],[44.498932,41.298947],[44.498526,41.298568],[44.498081,41.298164],[44.497978,41.298069],[44.497865,41.297962],[44.49749,41.297596],[44.497347,41.297458],[44.497201,41.297324],[44.497066,41.297206],[44.496982,41.297136],[44.4969,41.297071],[44.496819,41.29701],[44.496739,41.296952],[44.496658,41.296897],[44.496578,41.296846],[44.496497,41.296798],[44.496417,41.296752],[44.496246,41.296662],[44.496083,41.29658],[44.495926,41.296507],[44.495773,41.29644],[44.495624,41.296381],[44.495478,41.296329],[44.495336,41.296284],[44.495197,41.296245],[44.495125,41.296228],[44.495052,41.296213],[44.494976,41.296198],[44.494897,41.296186],[44.494731,41.296164],[44.49455,41.296148],[44.494384,41.296139],[44.494196,41.296132],[44.492745,41.296128],[44.490978,41.296123],[44.490684,41.296107],[44.490204,41.296058],[44.48945,41.295939],[44.48903,41.295844],[44.488647,41.29573],[44.487473,41.295308],[44.487087,41.295144],[44.486901,41.295054],[44.486679,41.29492],[44.485788,41.294234],[44.484977,41.293572],[44.484143,41.292795],[44.48316,41.291775],[44.482786,41.291319],[44.482096,41.29031],[44.481797,41.289817],[44.481325,41.288916],[44.481014,41.28824],[44.480573,41.287114],[44.480424,41.286619],[44.480229,41.285728],[44.480138,41.285142],[44.480064,41.28451],[44.479999,41.283355],[44.480015,41.282859],[44.480057,41.282474],[44.480135,41.282164],[44.480468,41.281337],[44.480626,41.280999],[44.48088,41.28058],[44.481564,41.279612],[44.4818,41.279313],[44.482697,41.278344],[44.482965,41.278079],[44.483108,41.277949],[44.483201,41.277879],[44.483403,41.277749],[44.483629,41.277631],[44.483896,41.277528],[44.484502,41.277353],[44.484977,41.277254],[44.48524,41.277204],[44.485853,41.277114],[44.48622,41.277072],[44.487656,41.276889],[44.488329,41.276791],[44.488609,41.276743],[44.48897,41.276667],[44.490013,41.276416],[44.490379,41.27632],[44.491158,41.276087],[44.491604,41.275928],[44.491878,41.275827],[44.492148,41.275724],[44.492413,41.27562],[44.492672,41.275514],[44.492927,41.275407],[44.493177,41.275299],[44.493421,41.275189],[44.493661,41.275078],[44.493896,41.274965],[44.494125,41.274851],[44.494349,41.274736],[44.494569,41.274619],[44.494783,41.274501],[44.494992,41.274382],[44.495195,41.274261],[44.495394,41.27414],[44.495915,41.273815],[44.496213,41.273624],[44.496354,41.27353],[44.496486,41.27344],[44.496608,41.273354],[44.496724,41.273269],[44.496839,41.273181],[44.496948,41.273094],[44.497051,41.273008],[44.497148,41.272923],[44.497239,41.272838],[44.497325,41.272753],[44.497405,41.272669],[44.49748,41.272584],[44.497554,41.272496],[44.497625,41.272406],[44.497695,41.272315],[44.497762,41.272223],[44.497827,41.27213],[44.497889,41.272037],[44.497948,41.271943],[44.498005,41.271848],[44.498058,41.271754],[44.498108,41.27166],[44.498155,41.271566],[44.498199,41.271472],[44.49824,41.271379],[44.498277,41.271286],[44.498311,41.271194],[44.498342,41.271103],[44.498378,41.270983],[44.49841,41.270862],[44.498438,41.270739],[44.498462,41.270616],[44.498481,41.270492],[44.498497,41.270369],[44.498507,41.270246],[44.498514,41.270124],[44.498516,41.270004],[44.498514,41.269885],[44.498507,41.269768],[44.498496,41.269653],[44.498481,41.26954],[44.498462,41.26943],[44.498438,41.269323],[44.49841,41.269218],[44.49838,41.269125],[44.498344,41.26903],[44.498304,41.268935],[44.498257,41.268837],[44.498205,41.268739],[44.498148,41.268638],[44.498084,41.268535],[44.498015,41.268431],[44.497941,41.268326],[44.497861,41.268218],[44.497775,41.268107],[44.497681,41.267991],[44.49758,41.267872],[44.49747,41.267745],[44.4972,41.267447],[44.497119,41.267361],[44.497034,41.267274],[44.496946,41.267187],[44.496855,41.2671],[44.496662,41.266924],[44.496454,41.266746],[44.496232,41.266566],[44.495993,41.266382],[44.495736,41.266192],[44.495456,41.265995],[44.495317,41.2659],[44.495173,41.265806],[44.495024,41.265711],[44.49487,41.265617],[44.494711,41.265523],[44.494546,41.265429],[44.494376,41.265334],[44.494199,41.265239],[44.494019,41.265144],[44.493831,41.265048],[44.493636,41.264951],[44.493432,41.264852],[44.492993,41.264645],[44.492491,41.264418],[44.492285,41.264327],[44.492075,41.264237],[44.491859,41.264148],[44.491639,41.26406],[44.491414,41.263972],[44.491182,41.263884],[44.490945,41.263797],[44.490702,41.26371],[44.490454,41.263624],[44.490198,41.263537],[44.489935,41.26345],[44.489663,41.263362],[44.489382,41.263274],[44.489089,41.263183],[44.488461,41.262995],[44.488257,41.262937],[44.488048,41.262878],[44.487834,41.262821],[44.487613,41.262763],[44.487151,41.262649],[44.486653,41.262532],[44.48622,41.262436],[44.485736,41.262332],[44.484066,41.261987],[44.483419,41.26185],[44.483303,41.261825],[44.478464,41.260773],[44.477988,41.260643],[44.475841,41.259964],[44.475469,41.259828],[44.475188,41.259712],[44.475,41.259618],[44.474733,41.259465],[44.47401,41.259013],[44.473759,41.258848],[44.472999,41.258307],[44.472785,41.258144],[44.472694,41.258055],[44.472467,41.257813],[44.47229,41.257568],[44.47204,41.257177],[44.471601,41.256359],[44.47143,41.255999],[44.471373,41.255837],[44.471285,41.255537],[44.47122,41.255166],[44.471195,41.254908],[44.471194,41.254767],[44.471221,41.254383],[44.471275,41.254026],[44.471313,41.253843],[44.471356,41.253696],[44.471426,41.253503],[44.4718,41.252766],[44.471946,41.252553],[44.472068,41.252406],[44.472199,41.252284],[44.472251,41.252243],[44.47323,41.251593],[44.473423,41.251484],[44.473582,41.251408],[44.473697,41.251364],[44.473813,41.251325],[44.474263,41.251187],[44.474763,41.251064],[44.47515,41.250987],[44.475526,41.250942],[44.477879,41.250799],[44.478349,41.250771],[44.478509,41.250754],[44.478767,41.250727],[44.479311,41.250679],[44.479546,41.250656],[44.47979,41.250627],[44.4799,41.250611],[44.480004,41.250594],[44.480121,41.250573],[44.480233,41.250549],[44.480339,41.250524],[44.48044,41.250496],[44.480536,41.250466],[44.480627,41.250434],[44.480715,41.2504],[44.480798,41.250363],[44.480949,41.250288],[44.481097,41.250207],[44.48124,41.25012],[44.481375,41.250028],[44.481502,41.249934],[44.481618,41.249839],[44.481671,41.249791],[44.481722,41.249742],[44.481769,41.249694],[44.481814,41.249646],[44.481865,41.249584],[44.481914,41.249518],[44.481959,41.249449],[44.482001,41.249376],[44.48204,41.249299],[44.482076,41.249218],[44.482109,41.249133],[44.482139,41.249044],[44.482165,41.248953],[44.482189,41.248858],[44.482211,41.248757],[44.482232,41.248649],[44.482249,41.248539],[44.482266,41.248417],[44.482304,41.248083],[44.482314,41.247979],[44.48232,41.247874],[44.482323,41.247766],[44.482323,41.247657],[44.482319,41.247545],[44.482312,41.247432],[44.482301,41.247316],[44.482288,41.247197],[44.48227,41.247077],[44.48225,41.246954],[44.482226,41.246829],[44.482199,41.246701],[44.482168,41.24657],[44.482133,41.246436],[44.482096,41.246298],[44.482054,41.246156],[44.482014,41.246033],[44.481969,41.245905],[44.481917,41.245771],[44.481857,41.24563],[44.481796,41.24549],[44.481724,41.245336],[44.481489,41.244846],[44.481389,41.244643],[44.481285,41.244438],[44.481176,41.244231],[44.481063,41.244023],[44.480945,41.243813],[44.480822,41.243602],[44.480695,41.243388],[44.480563,41.243173],[44.480426,41.242956],[44.480283,41.242736],[44.480136,41.242514],[44.479983,41.242288],[44.479825,41.24206],[44.479661,41.241829],[44.479491,41.241593],[44.479314,41.241353],[44.479118,41.241091],[44.478927,41.240841],[44.478739,41.240602],[44.478555,41.240372],[44.478371,41.240149],[44.478189,41.239934],[44.478008,41.239726],[44.477828,41.239524],[44.477602,41.23928],[44.477362,41.239029],[44.477108,41.238769],[44.476836,41.238499],[44.476637,41.238307],[44.476431,41.238111],[44.476216,41.237913],[44.475992,41.23771],[44.475759,41.237502],[44.475514,41.237288],[44.475257,41.237067],[44.474983,41.236836],[44.47468,41.236582],[44.474397,41.236348],[44.474129,41.236129],[44.473871,41.235921],[44.47362,41.235723],[44.473376,41.235533],[44.473137,41.23535],[44.472902,41.235174],[44.472669,41.235002],[44.472438,41.234837],[44.47221,41.234676],[44.471984,41.234522],[44.47176,41.234372],[44.471537,41.234226],[44.471316,41.234086],[44.471095,41.23395],[44.470775,41.233759],[44.470441,41.233567],[44.470091,41.233373],[44.469724,41.233175],[44.469339,41.232975],[44.46893,41.232768],[44.468492,41.232553],[44.468013,41.232322],[44.467721,41.232184],[44.467439,41.232052],[44.467163,41.231926],[44.466894,41.231805],[44.46663,41.231689],[44.466371,41.231577],[44.466116,41.23147],[44.465865,41.231367],[44.465558,41.231244],[44.465243,41.231124],[44.464919,41.231005],[44.464585,41.230887],[44.464241,41.23077],[44.463885,41.230653],[44.463516,41.230537],[44.463131,41.230419],[44.46276,41.23031],[44.462372,41.230198],[44.461961,41.230083],[44.461522,41.229963],[44.460641,41.229729],[44.460194,41.229613],[44.455994,41.228594],[44.449365,41.226985],[44.44852,41.226739],[44.447886,41.226529],[44.447084,41.226204],[44.445783,41.225618],[44.445261,41.225352],[44.444874,41.225111],[44.444201,41.224585],[44.443094,41.223585],[44.442545,41.22304],[44.442144,41.222593],[44.440918,41.22084],[44.440758,41.220485],[44.440673,41.220179],[44.4406,41.219806],[44.440508,41.219237],[44.440449,41.21854],[44.440435,41.217894],[44.44044,41.217801],[44.440492,41.217364],[44.440525,41.217112],[44.440571,41.216858],[44.440635,41.216661],[44.440744,41.216434],[44.440969,41.216077],[44.441349,41.215548],[44.441618,41.215214],[44.44185,41.214972],[44.442082,41.214745],[44.4424,41.214477],[44.442594,41.214343],[44.442944,41.214143],[44.443888,41.213674],[44.44419,41.213537],[44.444397,41.213457],[44.444914,41.213272],[44.445255,41.21318],[44.445974,41.213045],[44.447149,41.212899],[44.447534,41.212866],[44.448388,41.212836],[44.449068,41.212858],[44.449923,41.212924],[44.450579,41.213009],[44.451711,41.213171],[44.45241,41.213286],[44.454504,41.21363],[44.454611,41.213649],[44.463381,41.215418],[44.469593,41.216704],[44.474142,41.217846],[44.477472,41.218753],[44.478112,41.218966],[44.478856,41.219247],[44.479823,41.219634],[44.480913,41.220114],[44.481208,41.220267],[44.482722,41.221165],[44.484672,41.222432],[44.488273,41.22461],[44.489766,41.225454],[44.490628,41.225842],[44.491543,41.226167],[44.492316,41.226394],[44.49291,41.226534],[44.493612,41.226661],[44.494257,41.226739],[44.494852,41.226791],[44.495223,41.226812],[44.496159,41.226832],[44.496392,41.226821],[44.496615,41.226807],[44.496831,41.226789],[44.497039,41.226769],[44.497239,41.226745],[44.497432,41.226717],[44.497619,41.226686],[44.497735,41.226664],[44.497853,41.226638],[44.497972,41.226609],[44.498094,41.226577],[44.498217,41.226541],[44.498343,41.226501],[44.498472,41.226458],[44.498606,41.22641],[44.49883,41.226325],[44.49899,41.226261],[44.502359,41.224981],[44.5025,41.224931],[44.503351,41.224726],[44.50359,41.224698],[44.503826,41.224685],[44.504368,41.224691],[44.505151,41.22474],[44.505658,41.224797],[44.506049,41.224881],[44.506222,41.224952],[44.506391,41.225062],[44.507026,41.225629],[44.507217,41.225832],[44.507363,41.226012],[44.50763,41.226395],[44.507736,41.226623],[44.507937,41.227159],[44.50797,41.227284],[44.508061,41.227809],[44.508176,41.229042],[44.50817,41.229901],[44.508049,41.230632],[44.507644,41.232422],[44.507339,41.233364],[44.506389,41.235941],[44.505918,41.237186],[44.505722,41.237715],[44.50562,41.238003],[44.505527,41.238272],[44.505442,41.238528],[44.505364,41.238773],[44.505275,41.239069],[44.505196,41.239355],[44.505126,41.239631],[44.505064,41.2399],[44.50501,41.240163],[44.504965,41.24042],[44.504928,41.240673],[44.504898,41.240921],[44.50488,41.241118],[44.504865,41.241325],[44.504854,41.241543],[44.504845,41.241778],[44.504837,41.242207],[44.504832,41.243137],[44.504824,41.243501],[44.504816,41.243668],[44.504801,41.243851],[44.504777,41.244071],[44.504715,41.244546],[44.504691,41.244754],[44.504671,41.244972],[44.504661,41.245167],[44.50466,41.245282],[44.504662,41.245391],[44.504668,41.245496],[44.504677,41.245598],[44.504691,41.245696],[44.504708,41.245792],[44.504729,41.245885],[44.504754,41.245975],[44.504787,41.246079],[44.504823,41.246184],[44.504863,41.246289],[44.504906,41.246394],[44.504953,41.246498],[44.505002,41.246603],[44.505055,41.246707],[44.50511,41.24681],[44.505169,41.246912],[44.50523,41.247013],[44.505293,41.247113],[44.505359,41.247211],[44.505428,41.247307],[44.505498,41.247401],[44.505571,41.247494],[44.505645,41.247584],[44.505712,41.247661],[44.505782,41.247738],[44.505855,41.247815],[44.505931,41.247892],[44.506009,41.247968],[44.50609,41.248043],[44.506173,41.248118],[44.506259,41.248193],[44.506438,41.248339],[44.506625,41.248482],[44.506819,41.248621],[44.507019,41.248753],[44.507134,41.248825],[44.507252,41.248896],[44.507373,41.248966],[44.507496,41.249034],[44.507622,41.2491],[44.50775,41.249164],[44.507879,41.249227],[44.50801,41.249287],[44.508142,41.249346],[44.508276,41.249402],[44.50841,41.249455],[44.508544,41.249506],[44.50868,41.249555],[44.508815,41.249601],[44.50895,41.249644],[44.509085,41.249685],[44.50924,41.249728],[44.5094,41.249768],[44.509566,41.249804],[44.509736,41.249838],[44.509912,41.249869],[44.510093,41.249897],[44.51028,41.249921],[44.510472,41.249943],[44.51067,41.249962],[44.510873,41.249979],[44.511084,41.249992],[44.511302,41.250003],[44.511528,41.250011],[44.511764,41.250016],[44.512011,41.250019],[44.512272,41.250019],[44.51256,41.250015],[44.512855,41.250004],[44.513159,41.249985],[44.513472,41.24996],[44.513794,41.249928],[44.514126,41.249889],[44.514469,41.249843],[44.514826,41.249789],[44.514998,41.249761],[44.515172,41.249731],[44.515347,41.249698],[44.515524,41.249664],[44.515881,41.249588],[44.516244,41.249504],[44.516613,41.249411],[44.516987,41.249309],[44.517368,41.249199],[44.517755,41.24908],[44.517977,41.249007],[44.5182,41.248932],[44.518425,41.248853],[44.518649,41.248771],[44.518875,41.248685],[44.5191,41.248597],[44.519327,41.248504],[44.519554,41.248409],[44.519781,41.24831],[44.520009,41.248208],[44.520237,41.248103],[44.520466,41.247995],[44.520694,41.247883],[44.520923,41.247768],[44.521152,41.247651],[44.521381,41.24753],[44.521658,41.24738],[44.521914,41.24724],[44.522155,41.247105],[44.522382,41.246974],[44.5226,41.246845],[44.522808,41.246719],[44.523007,41.246595],[44.523197,41.246472],[44.523382,41.246348],[44.523559,41.246226],[44.523729,41.246104],[44.523892,41.245982],[44.524048,41.245861],[44.524198,41.24574],[44.524342,41.245618],[44.524479,41.245497],[44.524631,41.245356],[44.52478,41.245211],[44.524927,41.245062],[44.525072,41.244909],[44.525214,41.244752],[44.525353,41.244592],[44.52549,41.244428],[44.525623,41.244261],[44.525754,41.24409],[44.525881,41.243916],[44.526005,41.243739],[44.526126,41.24356],[44.526243,41.243377],[44.526356,41.243193],[44.526466,41.243006],[44.526571,41.242817],[44.526629,41.242709],[44.526691,41.242586],[44.526916,41.24212],[44.52819,41.239544],[44.529477,41.237944],[44.530868,41.236626],[44.532361,41.23591],[44.533851,41.235675],[44.537732,41.235611],[44.538211,41.235621],[44.538322,41.235625],[44.538542,41.235636],[44.538757,41.235649],[44.538995,41.235666],[44.539899,41.235737],[44.540279,41.235764],[44.540484,41.235777],[44.540676,41.235786],[44.540858,41.235794],[44.541031,41.235798],[44.54124,41.235801],[44.54144,41.2358],[44.541632,41.235794],[44.541819,41.235785],[44.542,41.235773],[44.542176,41.235756],[44.542347,41.235735],[44.542514,41.23571],[44.542711,41.235677],[44.542891,41.235645],[44.54306,41.235612],[44.54322,41.235579],[44.543373,41.235545],[44.543518,41.235509],[44.543658,41.235472],[44.543792,41.235434],[44.544005,41.235369],[44.544188,41.23531],[44.544354,41.235253],[44.544506,41.235196],[44.544649,41.235139],[44.544781,41.23508],[44.544904,41.235019],[44.545018,41.234958],[44.545111,41.234903],[44.545203,41.234846],[44.545292,41.234787],[44.545379,41.234727],[44.545463,41.234666],[44.545544,41.234603],[44.545622,41.23454],[44.545696,41.234477],[44.545766,41.234412],[44.545832,41.234348],[44.545894,41.234283],[44.545952,41.234218],[44.546005,41.234153],[44.546055,41.234088],[44.5461,41.234024],[44.546141,41.233959],[44.546188,41.233871],[44.546231,41.233775],[44.546267,41.233672],[44.546299,41.233559],[44.546324,41.233449],[44.546347,41.233325],[44.546414,41.232877],[44.546451,41.232635],[44.546478,41.232423],[44.546497,41.232228],[44.546508,41.232045],[44.546512,41.23187],[44.546508,41.231704],[44.546497,41.231545],[44.546477,41.231393],[44.54645,41.231249],[44.546412,41.2311],[44.546363,41.230943],[44.546302,41.230777],[44.546239,41.230624],[44.546164,41.230453],[44.545851,41.229785],[44.54565,41.229349],[44.545461,41.228961],[44.545369,41.228778],[44.545277,41.228602],[44.545185,41.228432],[44.545094,41.228267],[44.545001,41.228106],[44.544908,41.227949],[44.544814,41.227796],[44.544719,41.227648],[44.544623,41.227503],[44.544526,41.227362],[44.544428,41.227225],[44.544328,41.227091],[44.544235,41.226963],[44.544133,41.226814],[44.544032,41.226659],[44.54375,41.22622],[44.543661,41.226087],[44.54358,41.225969],[44.543486,41.22584],[44.543395,41.225722],[44.543305,41.225615],[44.543216,41.225518],[44.543163,41.225463],[44.543109,41.225411],[44.543055,41.225362],[44.543001,41.225316],[44.542947,41.225273],[44.542892,41.225232],[44.542836,41.225194],[44.54278,41.225159],[44.542724,41.225126],[44.542667,41.225096],[44.542609,41.225068],[44.54255,41.225043],[44.542491,41.225021],[44.542431,41.225001],[44.542371,41.224983],[44.542309,41.224968],[44.54063,41.224992],[44.539268,41.225439],[44.537224,41.226246],[44.535223,41.22657],[44.533666,41.226382],[44.53236,41.225898],[44.53235,41.225894],[44.53235,41.225895],[44.532273,41.225874],[44.531079,41.225206],[44.530206,41.224327],[44.529572,41.22357],[44.52926,41.222482],[44.529508,41.221276],[44.530197,41.219981],[44.530287,41.218593],[44.529897,41.217204],[44.529229,41.215692],[44.528359,41.214361],[44.526846,41.213509],[44.524413,41.212866],[44.523017,41.212558],[44.521741,41.212161],[44.520627,41.211522],[44.519596,41.210401],[44.517845,41.208406],[44.517416,41.207918],[44.515712,41.205979],[44.514406,41.204314],[44.5137,41.20247],[44.513115,41.200596],[44.51193,41.19866],[44.511138,41.197782],[44.510903,41.197056],[44.51123,41.196122],[44.511196,41.195277],[44.510323,41.194458],[44.508653,41.193456],[44.506222,41.19257],[44.503751,41.191865],[44.500718,41.191369],[44.498843,41.191059],[44.497608,41.190632],[44.495898,41.189628],[44.493507,41.188773],[44.491195,41.188129],[44.487925,41.18742],[44.484375,41.18671],[44.481261,41.186425],[44.479626,41.186085],[44.478474,41.185296],[44.47788,41.184689],[44.477605,41.184024],[44.477252,41.183238],[44.477017,41.182603],[44.475984,41.181965],[44.475027,41.181689],[44.473749,41.181683],[44.472072,41.181615],[44.470397,41.181275],[44.467923,41.180992],[44.466044,41.181165],[44.464083,41.181638],[44.462758,41.182537],[44.461749,41.18374],[44.461181,41.184793],[44.460849,41.186331],[44.460282,41.187324],[44.45815,41.189095],[44.456061,41.190533],[44.454215,41.19146],[44.453092,41.192058],[44.451452,41.192232],[44.450295,41.192075],[44.44918,41.191617],[44.447544,41.191398],[44.445864,41.191632],[44.444502,41.192048],[44.443022,41.192252],[44.441624,41.192245],[44.440105,41.192388],[44.437782,41.193041],[44.435133,41.194416],[44.43016,41.196595],[44.427272,41.197908],[44.425269,41.198562],[44.423349,41.198794],[44.420828,41.199204],[44.418786,41.199737],[44.416466,41.200027],[44.414305,41.200378],[44.413183,41.200734],[44.412296,41.201605],[44.411728,41.202598],[44.411079,41.203681],[44.409945,41.205426],[44.408612,41.206928],[44.407805,41.207889],[44.406679,41.208668],[44.404951,41.209655],[44.402944,41.210641],[44.401578,41.211509],[44.40025,41.212437],[44.397954,41.214447],[44.395302,41.216033],[44.392692,41.217347],[44.390716,41.219238],[44.388984,41.220677],[44.387738,41.221425],[44.386697,41.221661],[44.385777,41.221656],[44.384579,41.221559],[44.383021,41.221551],[44.3819,41.221665],[44.381057,41.222053],[44.379731,41.222891],[44.378407,41.223336],[44.377007,41.22351],[44.375648,41.223533],[44.374487,41.223647],[44.373806,41.223855],[44.373041,41.224424],[44.371955,41.225112],[44.370952,41.225499],[44.365474,41.225771],[44.363832,41.226094],[44.363148,41.226542],[44.362342,41.227232],[44.361696,41.227892],[44.361088,41.228674],[44.360638,41.229818],[44.360033,41.230297],[44.359028,41.230865],[44.35678,41.231879],[44.355739,41.232054],[44.354939,41.23205],[44.354462,41.231775],[44.353709,41.231137],[44.352841,41.230016],[44.351891,41.229045],[44.350897,41.228526],[44.348187,41.227666],[44.346433,41.227203],[44.345399,41.226684],[44.344885,41.226078],[44.344415,41.22517],[44.344436,41.223058],[44.344374,41.221277],[44.344385,41.22013],[44.344716,41.219046],[44.345651,41.217391],[44.346144,41.216096],[44.346276,41.21486],[44.346045,41.213983],[44.344987,41.211865],[44.344637,41.210927],[44.344687,41.209932],[44.345182,41.208365],[44.34608,41.206439],[44.34661,41.205386],[44.346782,41.20421],[44.346391,41.203272],[44.345677,41.202785],[44.344599,41.202689],[44.342118,41.203006],[44.338636,41.20365],[44.336032,41.204269],[44.333674,41.204376],[44.331116,41.204392],[44.329318,41.204381],[44.327275,41.204912],[44.325749,41.205598],[44.323619,41.206822],[44.321201,41.20877],[44.319463,41.210721],[44.318046,41.212433],[44.316517,41.21348],[44.31403,41.21434],[44.310546,41.215014],[44.305828,41.215196],[44.300594,41.215074],[44.296481,41.214778],[44.294527,41.214343],[44.291463,41.213178],[44.289237,41.212078],[44.288165,41.211407],[44.287337,41.210406],[44.28663,41.209255],[44.286035,41.208799],[44.285436,41.208795],[44.284353,41.20912],[44.282868,41.209745],[44.2803,41.210694],[44.278495,41.211347],[44.27669,41.211909],[44.274807,41.21232],[44.273007,41.212519],[44.272004,41.212815],[44.270236,41.213709],[44.268946,41.214697],[44.266808,41.216464],[44.263095,41.21976],[44.258407,41.224347],[44.253676,41.229084],[44.251529,41.231635],[44.249915,41.232892],[44.24883,41.233368],[44.247549,41.233541],[44.246027,41.233833],[44.245501,41.234372],[44.244851,41.235304],[44.24432,41.236266],[44.243635,41.236684],[44.242873,41.23689],[44.241591,41.237123],[44.239947,41.237595],[44.238702,41.23807],[44.237613,41.238877],[44.236849,41.239264],[44.236254,41.238868],[44.235342,41.238259],[44.234113,41.237345],[44.232922,41.236643],[44.231527,41.236302],[44.230286,41.236444],[44.229002,41.236828],[44.227199,41.237178],[44.225644,41.236775],[44.224772,41.236196],[44.222629,41.234824],[44.22028,41.233993],[44.217169,41.233399],[44.214894,41.233112],[44.213093,41.233311],[44.211813,41.233392],[44.210689,41.233777],[44.20912,41.234581],[44.207875,41.235085],[44.205791,41.235494],[44.202263,41.236284],[44.19897,41.237498],[44.195789,41.238829],[44.19402,41.239662],[44.192299,41.240897],[44.190854,41.24137],[44.188124,41.242276],[44.185871,41.243347],[44.183507,41.244859],[44.180064,41.247369],[44.178347,41.248242],[44.178352,41.2478],[44.178363,41.246955],[44.178377,41.245828],[44.178713,41.244583],[44.178994,41.243378],[44.179435,41.242214],[44.180744,41.23985],[44.181991,41.238209],[44.182702,41.236765],[44.182991,41.234957],[44.182954,41.233589],[44.18261,41.231252],[44.18003,41.224474],[44.177248,41.216809],[44.174817,41.210998],[44.171074,41.203608],[44.167114,41.196538],[44.163927,41.191646],[44.16315,41.18987],[44.162414,41.1891],[44.161408,41.18865],[44.160131,41.18856],[44.15864,41.188549],[44.15667,41.188495],[44.155494,41.188768],[44.153575,41.188915],[44.149466,41.189488],[44.147492,41.189715],[44.145206,41.189376],[44.142068,41.189031],[44.138826,41.188524],[44.136864,41.187865],[44.134842,41.187689],[44.131647,41.187625],[44.129176,41.187144],[44.126467,41.1866],[44.124499,41.186384],[44.121671,41.186805],[44.118629,41.187264],[44.115744,41.187926],[44.111421,41.188497],[44.107201,41.18943],[44.103786,41.189886],[44.100537,41.189861],[44.097611,41.189556],[44.095059,41.189255],[44.093143,41.189159],[44.091704,41.189228],[44.09074,41.189542],[44.089986,41.19018],[44.089499,41.19074],[44.089219,41.191703],[44.089191,41.193755],[44.089031,41.201399],[44.088849,41.203047],[44.087836,41.203079],[44.086613,41.202909],[44.085712,41.202539],[44.085189,41.201891],[44.084616,41.200921],[44.083614,41.200229],[44.082553,41.199859],[44.081439,41.199568],[44.080273,41.199116],[44.079535,41.198547],[44.078694,41.197776],[44.07753,41.197163],[44.075728,41.196505],[44.073869,41.196128],[44.072378,41.196075],[44.071051,41.195743],[44.069456,41.195569],[44.067277,41.195189],[44.064887,41.194647],[44.063402,41.194232],[44.062075,41.1939],[44.061069,41.193489],[44.060225,41.192879],[44.059115,41.192266],[44.058325,41.191616],[44.056948,41.191122],[44.054664,41.19066],[44.051101,41.190269],[44.049238,41.190133],[44.0478,41.190121],[44.046894,41.190194],[44.046146,41.190308],[44.044976,41.190218],[44.043437,41.189843],[44.041623,41.189989],[44.04029,41.190139],[44.039016,41.189807],[44.037738,41.189756],[44.036515,41.189665],[44.035667,41.189376],[44.034712,41.189087],[44.033221,41.189074],[44.031352,41.189421],[44.029273,41.189484],[44.027148,41.189144],[44.024652,41.18864],[44.022901,41.188182],[44.019768,41.187512],[44.017113,41.187006],[44.014669,41.186583],[44.011647,41.185632],[44.008362,41.184517],[44.005613,41.183125],[44.002439,41.18169],[44.00016,41.180986],[43.99898,41.180926],[43.997988,41.180992],[43.996901,41.180795],[43.995073,41.180405],[43.993593,41.17998],[43.991529,41.178839],[43.989172,41.177433],[43.987207,41.176368],[43.985535,41.175492],[43.983706,41.175214],[43.981727,41.175046],[43.97995,41.174581],[43.977926,41.174114],[43.976746,41.173505],[43.976512,41.172641],[43.976431,41.17148],[43.975854,41.170352],[43.974871,41.169819],[43.973638,41.169471],[43.969927,41.169138],[43.967656,41.168594],[43.966232,41.167795],[43.965359,41.166626],[43.964927,41.165686],[43.963503,41.164925],[43.962018,41.164837],[43.959736,41.165041],[43.956905,41.165427],[43.954527,41.165443],[43.952486,41.166061],[43.95034,41.167052],[43.949191,41.167641],[43.94874,41.167973],[43.948732,41.168423],[43.948873,41.168948],[43.949306,41.169738],[43.950121,41.171468],[43.950633,41.173494],[43.957495,41.178375],[43.962614,41.182048],[43.966795,41.185499],[43.968739,41.187579],[43.968245,41.189068],[43.966214,41.192534],[43.963808,41.195855],[43.961604,41.198324],[43.960625,41.200662],[43.959352,41.203779],[43.958065,41.20775],[43.957546,41.210732],[43.956661,41.213142],[43.955599,41.214768],[43.954073,41.215963],[43.952265,41.217155],[43.949979,41.21877],[43.948344,41.220888],[43.947,41.222441],[43.946411,41.223929],[43.946199,41.22542],[43.946364,41.226844],[43.946718,41.228269],[43.947622,41.230624],[43.947772,41.233043],[43.947164,41.23574],[43.946178,41.238433],[43.945199,41.240771],[43.942688,41.244588],[43.94094,41.247772],[43.93966,41.251174],[43.938383,41.254433],[43.937959,41.257345],[43.937177,41.259044],[43.935652,41.260097],[43.932805,41.261351],[43.931009,41.26169],[43.929311,41.261745],[43.92629,41.262072],[43.925065,41.262061],[43.924867,41.262628],[43.926465,41.262927],[43.928434,41.263515],[43.929365,41.264234],[43.929905,41.265804],[43.929975,41.267298],[43.929562,41.269498],[43.928723,41.274682],[43.928889,41.276035],[43.928774,41.277313],[43.927906,41.278514],[43.927043,41.279431],[43.926936,41.280212],[43.927581,41.281071],[43.928415,41.282003],[43.928965,41.282933],[43.929498,41.284929],[43.929688,41.29062],[43.929724,41.294176],[43.929707,41.295242],[43.930719,41.296745],[43.932007,41.298748],[43.934489,41.302682],[43.939228,41.312824],[43.943541,41.320259],[43.945764,41.322768],[43.949032,41.324861],[43.950716,41.325729],[43.951833,41.326664],[43.952289,41.327664],[43.952267,41.329014],[43.952295,41.33321],[43.951823,41.333863],[43.950856,41.334825],[43.950058,41.335746],[43.949819,41.33663],[43.950068,41.338573],[43.950595,41.340603],[43.951176,41.342802],[43.950924,41.34453],[43.950453,41.34596],[43.949588,41.347556],[43.948275,41.349105],[43.945718,41.351402],[43.943392,41.353322],[43.941239,41.354821],[43.940436,41.356037],[43.939684,41.357507],[43.939323,41.359023],[43.939298,41.360584],[43.939424,41.363159],[43.939885,41.365821],[43.940832,41.369585],[43.940975,41.371105],[43.940569,41.371988],[43.940165,41.372701],[43.936105,41.377811],[43.930092,41.385857],[43.924486,41.392851],[43.920771,41.397246],[43.919187,41.39816],[43.918725,41.398999],[43.918651,41.400095],[43.918804,41.400983],[43.918789,41.401869],[43.917884,41.402409],[43.912461,41.404974],[43.902642,41.409015],[43.893432,41.413442],[43.89179,41.414397],[43.891833,41.415156],[43.892938,41.416095],[43.894875,41.417591],[43.896637,41.419464],[43.900491,41.423594],[43.904708,41.429499],[43.907063,41.432812],[43.908639,41.435781],[43.909546,41.438574],[43.909884,41.441826],[43.909885,41.445117],[43.909023,41.449708],[43.907425,41.454714],[43.906087,41.45757],[43.904127,41.460716],[43.902119,41.463397],[43.900917,41.46482],[43.899725,41.465611],[43.897578,41.466518],[43.891258,41.468736],[43.887822,41.469547],[43.884778,41.470445],[43.883197,41.471021],[43.882622,41.471859],[43.882206,41.473205],[43.882168,41.475441],[43.881971,41.480333],[43.881763,41.482652],[43.881011,41.483953],[43.880155,41.484788],[43.878956,41.486],[43.878155,41.48692],[43.877627,41.488223],[43.87692,41.490199],[43.875823,41.49521],[43.873594,41.500757],[43.871572,41.504113],[43.868835,41.506575],[43.864471,41.508979],[43.855939,41.512186],[43.84934,41.513977],[43.841745,41.514871],[43.83264,41.515496],[43.822697,41.515901],[43.809786,41.515895],[43.806921,41.515992],[43.805791,41.516402],[43.80522,41.516902],[43.804923,41.517785],[43.804573,41.521537],[43.804213,41.525836],[43.80342,41.529288],[43.802314,41.531428],[43.801224,41.532683],[43.799528,41.533298],[43.79784,41.533491],[43.79329,41.53357],[43.785369,41.53374],[43.780922,41.534368],[43.777606,41.534501],[43.775421,41.534225],[43.773642,41.53332],[43.769791,41.532055],[43.765545,41.530955],[43.75877,41.529954],[43.753172,41.529049],[43.750545,41.52843],[43.748936,41.527442],[43.746949,41.525649],[43.745749,41.523821],[43.744756,41.522924],[43.743699,41.522449],[43.742915,41.522314],[43.741846,41.522429],[43.740138,41.523676],[43.735851,41.527595],[43.731519,41.53088],[43.729414,41.532291],[43.727094,41.533236],[43.725629,41.533473],[43.723782,41.533157],[43.721371,41.533004],[43.718168,41.533137],[43.714351,41.533052],[43.71133,41.532512],[43.709368,41.532321],[43.708127,41.532603],[43.705923,41.533295],[43.704287,41.533699],[43.702832,41.533471],[43.701776,41.532911],[43.700723,41.532224],[43.698903,41.530558],[43.697195,41.528935],[43.695423,41.527734],[43.69298,41.526356],[43.690303,41.525482],[43.687895,41.525159],[43.68693,41.524742],[43.685544,41.526608],[43.684076,41.527749],[43.682427,41.528381],[43.679809,41.52922],[43.674852,41.531478],[43.671741,41.53289],[43.670857,41.533748],[43.670442,41.53519],[43.670509,41.536638],[43.671582,41.540703],[43.673228,41.544992],[43.676496,41.550022],[43.677886,41.552716],[43.678734,41.553666],[43.680171,41.554045],[43.682092,41.554356],[43.687281,41.554994],[43.688816,41.555301],[43.690541,41.555755],[43.69149,41.55649],[43.693014,41.557375],[43.693961,41.558182],[43.694804,41.559349],[43.694873,41.560725],[43.694552,41.562314],[43.694048,41.563393],[43.692951,41.565262],[43.690534,41.570445],[43.690019,41.572103],[43.689894,41.573477],[43.690248,41.575073],[43.691443,41.577909],[43.692176,41.579799],[43.693195,41.581836],[43.694616,41.583083],[43.69614,41.583968],[43.697575,41.584491],[43.698523,41.585298],[43.699647,41.586903],[43.70057,41.588939],[43.701299,41.591046],[43.702219,41.593227],[43.704224,41.599039],[43.705865,41.603761],[43.706935,41.608115],[43.707075,41.610722],[43.707118,41.613399],[43.70622,41.61641],[43.704782,41.620464],[43.703997,41.624485],[43.703402,41.627083],[43.703428,41.628508],[43.703611,41.630179],[43.704064,41.631975],[43.704973,41.635323],[43.705986,41.638957],[43.707083,41.643773],[43.708165,41.649402],[43.708773,41.651525],[43.709496,41.653406],[43.711221,41.656682],[43.713363,41.660898],[43.715357,41.66434],[43.716961,41.666622],[43.717456,41.669135],[43.717823,41.671378],[43.718642,41.674205],[43.719817,41.677267],[43.720851,41.679672],[43.722056,41.681229],[43.723019,41.682012],[43.724336,41.683069],[43.726971,41.68526],[43.728997,41.686942],[43.730802,41.689432],[43.732153,41.691454],[43.730739,41.692635],[43.729004,41.69443],[43.727792,41.695845],[43.726992,41.697264],[43.726079,41.699145],[43.725894,41.700687],[43.725965,41.702309],[43.726181,41.704396],[43.727013,41.706644],[43.728348,41.709438],[43.729184,41.711493],[43.729202,41.713191],[43.728959,41.715041],[43.728716,41.71693],[43.728794,41.718205],[43.729297,41.718828],[43.72992,41.718565],[43.731169,41.717922],[43.732416,41.717396],[43.733347,41.717213],[43.734997,41.717115],[43.735873,41.717125],[43.739162,41.717547],[43.741376,41.717571],[43.744415,41.717604],[43.748072,41.717683],[43.752306,41.71715],[43.755399,41.717068],[43.758706,41.716525],[43.763009,41.715143],[43.765291,41.714357],[43.766803,41.713408],[43.768471,41.712345],[43.770089,41.711282],[43.771072,41.711022],[43.772667,41.711116],[43.774364,41.711289],[43.776367,41.71158],[43.778369,41.711949],[43.779862,41.712003],[43.78095,41.711706],[43.782297,41.711296],[43.784366,41.710855],[43.788595,41.710552],[43.79061,41.710226],[43.792371,41.709704],[43.79409,41.708718],[43.796691,41.707356],[43.800223,41.705733],[43.8037,41.70438],[43.806655,41.70333],[43.810496,41.70171],[43.813718,41.700161],[43.816101,41.699413],[43.818013,41.699086],[43.82002,41.699145],[43.821718,41.699239],[43.823978,41.699571],[43.825472,41.699548],[43.828052,41.699304],[43.83064,41.698597],[43.833547,41.697314],[43.834636,41.696901],[43.835142,41.697408],[43.834924,41.698062],[43.83465,41.698947],[43.833647,41.700326],[43.832797,41.701746],[43.831104,41.704237],[43.830393,41.706546],[43.830547,41.709404],[43.831261,41.712615],[43.832213,41.714091],[43.833682,41.715496],[43.835357,41.716864],[43.8373,41.717694],[43.839144,41.718292],[43.841403,41.7187],[43.843201,41.719027],[43.845046,41.719548],[43.846886,41.720377],[43.850313,41.721762],[43.853992,41.723497],[43.857159,41.725034],[43.85998,41.725757],[43.862294,41.726011],[43.864561,41.726034],[43.867035,41.725942],[43.868937,41.726193],[43.872583,41.726923],[43.875771,41.727302],[43.878041,41.727131],[43.880359,41.727154],[43.881655,41.726703],[43.882475,41.726981],[43.882615,41.727832],[43.881976,41.729022],[43.881439,41.730252],[43.881477,41.731024],[43.88203,41.731802],[43.882894,41.732505],[43.885303,41.733262],[43.889563,41.734229],[43.895056,41.735479],[43.895715,41.736103],[43.895155,41.738684],[43.894797,41.741575],[43.894708,41.743736],[43.894018,41.744887],[43.893128,41.745689],[43.892436,41.746995],[43.892204,41.748498],[43.892265,41.75093],[43.893041,41.753794],[43.893781,41.755731],[43.894887,41.757324],[43.896155,41.758572],[43.896906,41.759853],[43.901423,41.759666],[43.904457,41.759242],[43.906735,41.758754],[43.908638,41.758092],[43.909869,41.756914],[43.910568,41.755844],[43.911739,41.753702],[43.912902,41.752014],[43.914214,41.750496],[43.915137,41.749599],[43.916055,41.748984],[43.917266,41.748939],[43.919458,41.749073],[43.922483,41.749158],[43.924304,41.748835],[43.926665,41.747894],[43.92872,41.747176],[43.931376,41.746691],[43.934703,41.746779],[43.937878,41.746921],[43.939991,41.747224],[43.941499,41.747521],[43.943237,41.747651],[43.94498,41.747497],[43.946806,41.74689],[43.950376,41.746002],[43.953063,41.744752],[43.95581,41.74329],[43.95792,41.742629],[43.95934,41.742515],[43.960872,41.742528],[43.962624,41.742927],[43.964429,41.743623],[43.969167,41.745365],[43.971424,41.74615],[43.972726,41.746289],[43.974769,41.746265],[43.977609,41.746078],[43.980794,41.745639],[43.983524,41.745196],[43.988303,41.744388],[43.991029,41.744199],[43.992277,41.74421],[43.993467,41.744306],[43.994819,41.744955],[43.996395,41.745776],[43.997809,41.746043],[43.999682,41.746017],[44.001905,41.745357],[44.00333,41.744944],[44.004697,41.744573],[44.005718,41.744582],[44.006622,41.744845],[44.008085,41.745623],[44.009547,41.746528],[44.011687,41.747566],[44.013377,41.748345],[44.015073,41.748785],[44.016777,41.748672],[44.019109,41.748309],[44.022124,41.747783],[44.024399,41.747419],[44.026726,41.747354],[44.028258,41.747367],[44.02984,41.747848],[44.03221,41.748718],[44.03413,41.749329],[44.037012,41.750075],[44.03973,41.750481],[44.044947,41.750736],[44.049767,41.750946],[44.052324,41.75067],[44.057391,41.749564],[44.063367,41.748296],[44.06946,41.746816],[44.074536,41.744987],[44.077899,41.743867],[44.081601,41.742877],[44.083821,41.742385],[44.08581,41.742188],[44.088929,41.742298],[44.091648,41.742617],[44.094081,41.743061],[44.095499,41.743114],[44.096295,41.742993],[44.097208,41.742618],[44.098528,41.741523],[44.099793,41.740344],[44.101046,41.739971],[44.102919,41.739943],[44.106206,41.740139],[44.109491,41.740547],[44.112372,41.741504],[44.11768,41.743329],[44.123442,41.745158],[44.127287,41.746122],[44.130739,41.746786],[44.1334,41.747231],[44.133226,41.745586],[44.133408,41.744737],[44.134602,41.744534],[44.1392,41.744356],[44.143227,41.744471],[44.147928,41.745143],[44.151946,41.745895],[44.15585,41.746774],[44.158626,41.747092],[44.161066,41.74711],[44.163677,41.747001],[44.166577,41.746555],[44.169138,41.745893],[44.171874,41.744978],[44.174326,41.744019],[44.176716,41.743441],[44.180694,41.742917],[44.186084,41.742913],[44.18994,41.74311],[44.193454,41.743432],[44.198785,41.743554],[44.20429,41.743465],[44.2124,41.743733],[44.216422,41.744271],[44.221126,41.744728],[44.223792,41.744788],[44.226684,41.744893],[44.228447,41.744607],[44.230611,41.743942],[44.233175,41.743024],[44.235109,41.742612],[44.236758,41.742241],[44.238917,41.742],[44.240789,41.742055],[44.242826,41.742536],[44.244347,41.743438],[44.246256,41.74515],[44.24715,41.746346],[44.248381,41.747841],[44.249336,41.748612],[44.251036,41.748836],[44.253534,41.748767],[44.256601,41.74849],[44.259096,41.748633],[44.261535,41.748691],[44.263241,41.748362],[44.266431,41.747235],[44.27031,41.745475],[44.272358,41.744979],[44.2744,41.745034],[44.276839,41.745134],[44.279558,41.745491],[44.281535,41.746269],[44.283564,41.747514],[44.285921,41.749908],[44.289343,41.753456],[44.290685,41.755249],[44.291358,41.756018],[44.292656,41.756621],[44.294635,41.757313],[44.296104,41.757874],[44.297295,41.758009],[44.299282,41.757894],[44.301044,41.757649],[44.303146,41.75745],[44.305245,41.757462],[44.306997,41.758195],[44.308974,41.759015],[44.312027,41.760138],[44.314629,41.760961],[44.316269,41.761523],[44.31683,41.762121],[44.317436,41.763824],[44.317809,41.766079],[44.317797,41.767268],[44.317845,41.768076],[44.319317,41.768467],[44.325825,41.770248],[44.328878,41.771413],[44.33584,41.773365],[44.341276,41.774714],[44.34581,41.775377],[44.347228,41.775513],[44.34933,41.775355],[44.351607,41.774688],[44.353945,41.773639],[44.356404,41.771868],[44.358635,41.770096],[44.360352,41.768618],[44.361159,41.76739],[44.361178,41.765478],[44.361248,41.764204],[44.361825,41.763229],[44.362746,41.761917],[44.364116,41.761075],[44.36617,41.760024],[44.368106,41.759312],[44.370331,41.758177]]]}},{"type":"Feature","properties":{"Zone":"სხვა ტერიტორია","Color":"#EDE8DC","isBg":true,"Area_km2":29.01},"geometry":{"type":"Polygon","coordinates":[[[45.304267,41.470547],[45.297383,41.467217],[45.291647,41.464362],[45.289162,41.463268],[45.288079,41.46284],[45.286298,41.462653],[45.28471,41.462896],[45.281915,41.463573],[45.27086,41.4658],[45.266222,41.466911],[45.262408,41.46735],[45.261009,41.467353],[45.259865,41.467308],[45.259291,41.466927],[45.258461,41.466211],[45.256926,41.463918],[45.254748,41.459905],[45.253401,41.456704],[45.252947,41.4546],[45.251536,41.451255],[45.249872,41.448389],[45.247957,41.446336],[45.24564,41.455084],[45.245551,41.455421],[45.243765,41.461127],[45.242898,41.463894],[45.242001,41.466776],[45.240791,41.471272],[45.240241,41.473566],[45.239749,41.475811],[45.239602,41.476783],[45.239287,41.47979],[45.239097,41.483018],[45.239161,41.484511],[45.239295,41.486062],[45.239619,41.488808],[45.239709,41.489403],[45.239991,41.490632],[45.240574,41.492508],[45.241511,41.494778],[45.24195,41.495637],[45.242254,41.496098],[45.24387,41.498219],[45.244757,41.499172],[45.245549,41.499904],[45.24672,41.500886],[45.247533,41.501504],[45.24912,41.502569],[45.251378,41.503863],[45.253217,41.504777],[45.256235,41.506125],[45.263828,41.509014],[45.268344,41.510475],[45.271432,41.511413],[45.273958,41.512123],[45.285039,41.515129],[45.287911,41.515908],[45.297123,41.518482],[45.299673,41.519061],[45.302322,41.517236],[45.30708,41.514162],[45.31127,41.512094],[45.313871,41.51046],[45.315392,41.509069],[45.316087,41.508158],[45.316528,41.507105],[45.316077,41.506054],[45.315181,41.504908],[45.31403,41.503764],[45.312754,41.50305],[45.310904,41.502146],[45.307783,41.501437],[45.304344,41.500728],[45.301796,41.500018],[45.299246,41.498972],[45.296887,41.497735],[45.295995,41.49745],[45.295419,41.49683],[45.295734,41.496111],[45.299405,41.492084],[45.305661,41.483171],[45.307624,41.481252],[45.308953,41.479862],[45.310281,41.47828],[45.310596,41.477657],[45.310719,41.476652],[45.310651,41.475744],[45.310455,41.474644],[45.310192,41.472971],[45.308983,41.472687],[45.306944,41.471879],[45.304267,41.470547]]]}},{"type":"Feature","properties":{"Zone":"სხვა ტერიტორია","Color":"#EDE8DC","isBg":true,"Area_km2":4.15},"geometry":{"type":"Polygon","coordinates":[[[44.705442,41.642209],[44.70591,41.6421],[44.706336,41.641971],[44.706622,41.641861],[44.707524,41.641798],[44.708036,41.641644],[44.708826,41.641477],[44.709165,41.641295],[44.709538,41.64127],[44.709772,41.641264],[44.710006,41.641291],[44.710257,41.641331],[44.71056,41.641377],[44.710586,41.641375],[44.710724,41.641366],[44.710803,41.641361],[44.711115,41.64124],[44.711345,41.6412],[44.711521,41.641281],[44.711968,41.641364],[44.71274,41.641315],[44.713702,41.641206],[44.714892,41.639743],[44.716176,41.638014],[44.716543,41.637473],[44.717093,41.636515],[44.717304,41.636084],[44.717369,41.6359],[44.717576,41.635133],[44.717658,41.634663],[44.717678,41.634261],[44.71766,41.633831],[44.717583,41.633298],[44.71752,41.633016],[44.71745,41.632774],[44.717348,41.632547],[44.717141,41.6322],[44.717004,41.632026],[44.716784,41.631805],[44.716398,41.631506],[44.716245,41.6314],[44.715966,41.631237],[44.71568,41.631099],[44.71516,41.630878],[44.714643,41.630685],[44.71397,41.630476],[44.713658,41.63039],[44.713187,41.63027],[44.71245,41.630109],[44.7113,41.629898],[44.710699,41.629799],[44.710596,41.629783],[44.70825,41.629483],[44.706581,41.629285],[44.702139,41.628868],[44.69987,41.628685],[44.698471,41.628608],[44.693774,41.628458],[44.692502,41.62847],[44.691981,41.628496],[44.691067,41.628571],[44.690758,41.628607],[44.690217,41.628701],[44.689829,41.628776],[44.689505,41.628846],[44.688605,41.629057],[44.688285,41.629141],[44.687465,41.629408],[44.686607,41.629751],[44.686439,41.629827],[44.685611,41.630271],[44.684605,41.630995],[44.683315,41.632048],[44.682008,41.633226],[44.680392,41.63482],[44.679178,41.636086],[44.678626,41.636782],[44.678089,41.637589],[44.677558,41.638705],[44.676826,41.640617],[44.676537,41.641416],[44.678,41.6414],[44.678851,41.641429],[44.679887,41.641466],[44.680719,41.641495],[44.680844,41.641499],[44.68137,41.641501],[44.682104,41.641503],[44.684325,41.64156],[44.684986,41.641476],[44.685735,41.64138],[44.686765,41.641272],[44.687916,41.641315],[44.689889,41.641294],[44.690205,41.641291],[44.69164,41.641437],[44.692249,41.641503],[44.692317,41.64151],[44.693015,41.641628],[44.696177,41.6422],[44.696472,41.642232],[44.697487,41.642255],[44.698246,41.642166],[44.6991,41.642168],[44.700589,41.642263],[44.701333,41.642438],[44.702154,41.642656],[44.702691,41.642775],[44.703411,41.642802],[44.703827,41.642771],[44.704148,41.642674],[44.704409,41.642473],[44.704774,41.642286],[44.705104,41.642215],[44.705442,41.642209]]]}},{"type":"Feature","properties":{"Zone":"სხვა ტერიტორია","Color":"#EDE8DC","isBg":true,"Area_km2":0.39},"geometry":{"type":"Polygon","coordinates":[[[44.622295,41.635168],[44.62265,41.635013],[44.623054,41.634876],[44.623594,41.634732],[44.624221,41.634613],[44.624839,41.63455],[44.625441,41.63453],[44.625839,41.634484],[44.626185,41.634409],[44.627176,41.634226],[44.627707,41.634086],[44.628268,41.633937],[44.628871,41.633777],[44.629375,41.633683],[44.629769,41.633609],[44.630118,41.633544],[44.630595,41.63353],[44.631192,41.633513],[44.631964,41.633491],[44.63246,41.633514],[44.632848,41.633588],[44.633308,41.633834],[44.633747,41.634273],[44.634199,41.635057],[44.634592,41.635739],[44.6351,41.636295],[44.63553,41.636697],[44.636016,41.63683],[44.636562,41.636791],[44.637101,41.636542],[44.63804,41.636242],[44.638088,41.636122],[44.638639,41.635776],[44.6399,41.635645],[44.640391,41.635684],[44.640865,41.635796],[44.641127,41.635907],[44.641339,41.635957],[44.641536,41.635958],[44.641716,41.635872],[44.641913,41.635897],[44.642174,41.636009],[44.642517,41.636218],[44.642876,41.636379],[44.643268,41.63654],[44.643167,41.636127],[44.642875,41.635003],[44.642806,41.634812],[44.64272,41.634641],[44.642637,41.634524],[44.64257,41.634452],[44.642361,41.634261],[44.642002,41.633966],[44.641774,41.633802],[44.641302,41.63352],[44.64099,41.633352],[44.640499,41.633118],[44.640068,41.632936],[44.639959,41.632897],[44.639584,41.632775],[44.63915,41.63265],[44.638464,41.632489],[44.637932,41.632377],[44.637732,41.632342],[44.637482,41.632305],[44.637172,41.632272],[44.636983,41.632258],[44.636617,41.632234],[44.635961,41.632207],[44.63524,41.6322],[44.63339,41.6322],[44.632271,41.632236],[44.63153,41.632277],[44.630958,41.632327],[44.630373,41.632398],[44.629731,41.632489],[44.629405,41.632536],[44.62802,41.63275],[44.627527,41.632843],[44.626792,41.633011],[44.626639,41.633049],[44.626398,41.633115],[44.62618,41.633194],[44.626065,41.633237],[44.625187,41.633625],[44.622295,41.635168]]]}},{"type":"Feature","properties":{"Zone":"სამრეწველო მევენახეობის ზონა","Color":"#48A851","isBg":false,"Area_km2":1363.25},"geometry":{"type":"Polygon","coordinates":[[[44.839394,41.664512],[44.839288,41.663546],[44.839288,41.663546],[44.839268,41.663373],[44.839268,41.663373],[44.83925,41.663269],[44.839215,41.663066],[44.839215,41.663066],[44.839096,41.662795],[44.839096,41.662795],[44.839024,41.662659],[44.838807,41.662485],[44.838117,41.661933],[44.838117,41.661933],[44.838334,41.661379],[44.83843,41.661158],[44.838599,41.660902],[44.83864,41.660454],[44.838638,41.660272],[44.838745,41.660151],[44.83902,41.660181],[44.83918,41.660049],[44.83918,41.660049],[44.839171,41.661671],[44.839475,41.662097],[44.839565,41.66208],[44.840145,41.661972],[44.840271,41.661913],[44.840218,41.661756],[44.840218,41.661756],[44.840099,41.66158],[44.840176,41.661484],[44.840141,41.661265],[44.840313,41.661132],[44.840516,41.661184],[44.840602,41.661389],[44.840888,41.66164],[44.841416,41.661917],[44.841711,41.661129],[44.841398,41.660768],[44.841398,41.660768],[44.84193,41.660377],[44.841929,41.660266],[44.842049,41.660183],[44.84216,41.660272],[44.842401,41.660182],[44.842613,41.65985],[44.84261,41.659618],[44.84273,41.659617],[44.84273,41.659617],[44.842851,41.659785],[44.842961,41.659885],[44.842961,41.659885],[44.8432,41.660257],[44.8432,41.660257],[44.843401,41.660513],[44.843486,41.660743],[44.843528,41.660856],[44.843528,41.660856],[44.843647,41.661138],[44.843647,41.661138],[44.843763,41.661446],[44.843929,41.661466],[44.843929,41.661466],[44.843985,41.661154],[44.843985,41.661154],[44.84383,41.660735],[44.84383,41.660735],[44.84381,41.660621],[44.843831,41.660543],[44.843903,41.660543],[44.843985,41.660577],[44.84405,41.660611],[44.844192,41.660604],[44.844339,41.660312],[44.844437,41.660195],[44.844493,41.660176],[44.844565,41.660169],[44.844658,41.660119],[44.844698,41.660054],[44.84474,41.66002],[44.844828,41.659952],[44.845059,41.660085],[44.845372,41.660244],[44.845285,41.660429],[44.845084,41.660644],[44.845105,41.660913],[44.845189,41.661948],[44.845189,41.661948],[44.845217,41.662074],[44.845218,41.662114],[44.845257,41.66212],[44.845446,41.662151],[44.845699,41.662073],[44.845834,41.66188],[44.845778,41.661597],[44.845779,41.661344],[44.845817,41.661096],[44.845869,41.660853],[44.84606,41.660649],[44.846289,41.66063],[44.846441,41.660849],[44.846441,41.660849],[44.846471,41.661593],[44.84658,41.662166],[44.84658,41.662166],[44.846642,41.662567],[44.846676,41.662781],[44.846775,41.662821],[44.846918,41.662766],[44.846925,41.662657],[44.846953,41.662235],[44.846783,41.661985],[44.846783,41.661985],[44.846929,41.661379],[44.846923,41.660751],[44.847575,41.660614],[44.848104,41.660793],[44.848104,41.660793],[44.848233,41.661368],[44.84821,41.661593],[44.848195,41.662197],[44.848196,41.662197],[44.848445,41.662594],[44.848445,41.662594],[44.848538,41.662904],[44.848538,41.662904],[44.848646,41.663113],[44.848725,41.663267],[44.849137,41.663265],[44.849148,41.663195],[44.849265,41.662512],[44.84957,41.662803],[44.849808,41.662826],[44.849939,41.662522],[44.849762,41.66226],[44.849362,41.661883],[44.849223,41.661568],[44.848957,41.661353],[44.848557,41.661005],[44.848557,41.661004],[44.848323,41.660599],[44.84814,41.660431],[44.847497,41.6599],[44.847497,41.6599],[44.847842,41.659777],[44.848087,41.65969],[44.848154,41.659666],[44.84818,41.659619],[44.848179,41.659465],[44.848179,41.659465],[44.848027,41.659227],[44.848027,41.659227],[44.847567,41.658209],[44.847604,41.658064],[44.848074,41.657927],[44.848133,41.658027],[44.848133,41.658027],[44.848152,41.658297],[44.848206,41.658522],[44.848935,41.658991],[44.849272,41.65926],[44.849272,41.659261],[44.849334,41.659374],[44.849334,41.659374],[44.849489,41.659397],[44.849754,41.658669],[44.850083,41.658722],[44.850588,41.65884],[44.85065,41.659101],[44.850764,41.659194],[44.850764,41.659194],[44.850765,41.659356],[44.850765,41.659356],[44.850806,41.659509],[44.850931,41.659984],[44.850931,41.659984],[44.851455,41.660296],[44.85186,41.660294],[44.85186,41.660294],[44.851081,41.659377],[44.851027,41.659314],[44.851013,41.65915],[44.851013,41.65915],[44.851013,41.65915],[44.850939,41.659076],[44.850622,41.658784],[44.849746,41.658606],[44.849496,41.657874],[44.849671,41.657757],[44.849917,41.657756],[44.85005,41.657856],[44.85005,41.657856],[44.850052,41.658054],[44.850054,41.658248],[44.850299,41.658528],[44.85049,41.658465],[44.85049,41.658371],[44.85037,41.658146],[44.850573,41.657618],[44.851363,41.657794],[44.851428,41.658246],[44.851563,41.658638],[44.851612,41.658699],[44.851766,41.658699],[44.851835,41.658549],[44.851883,41.658417],[44.851976,41.658316],[44.852228,41.658298],[44.85253,41.658281],[44.852743,41.658295],[44.852743,41.658295],[44.852845,41.658528],[44.852845,41.658529],[44.853208,41.658662],[44.853492,41.658688],[44.853492,41.658688],[44.85352,41.658747],[44.853554,41.658913],[44.853554,41.658913],[44.85378,41.659406],[44.854114,41.659849],[44.854114,41.659849],[44.854306,41.66027],[44.854321,41.660379],[44.854179,41.660719],[44.853919,41.661202],[44.853873,41.661387],[44.853799,41.661608],[44.853802,41.661879],[44.853802,41.661879],[44.854244,41.661925],[44.85448,41.662062],[44.854725,41.662125],[44.854824,41.662589],[44.854959,41.662759],[44.855043,41.662831],[44.855043,41.662831],[44.855116,41.663457],[44.855116,41.663457],[44.855052,41.663527],[44.855237,41.663619],[44.855444,41.663465],[44.855566,41.663325],[44.855562,41.662884],[44.85556,41.662718],[44.855851,41.662545],[44.855983,41.662387],[44.855982,41.662277],[44.85586,41.662173],[44.855462,41.662063],[44.855324,41.662025],[44.854797,41.661421],[44.854797,41.661421],[44.854796,41.661331],[44.854795,41.661248],[44.854795,41.661248],[44.854723,41.661112],[44.854723,41.661112],[44.854527,41.660748],[44.854527,41.660748],[44.854454,41.660592],[44.854568,41.660315],[44.854568,41.660315],[44.854446,41.659993],[44.854709,41.659773],[44.854762,41.659794],[44.854854,41.659786],[44.854879,41.659734],[44.854879,41.659734],[44.854879,41.659734],[44.85478,41.659693],[44.854586,41.659492],[44.854407,41.659134],[44.854407,41.659134],[44.854348,41.659025],[44.854348,41.659025],[44.854323,41.658942],[44.854323,41.658942],[44.854322,41.658863],[44.853888,41.658332],[44.853888,41.658332],[44.853827,41.658224],[44.853854,41.657927],[44.854172,41.657728],[44.854172,41.657728],[44.853894,41.657304],[44.853893,41.657303],[44.853931,41.657223],[44.85393,41.657114],[44.853984,41.656849],[44.854064,41.656849],[44.854065,41.656984],[44.854065,41.656984],[44.85415,41.657132],[44.85415,41.657132],[44.854223,41.657231],[44.854363,41.65723],[44.8546,41.657159],[44.854784,41.656747],[44.854885,41.656747],[44.854941,41.656926],[44.855038,41.657236],[44.855038,41.657236],[44.855221,41.657563],[44.855222,41.657563],[44.855744,41.657747],[44.855744,41.657748],[44.856015,41.657885],[44.856217,41.658158],[44.856364,41.65853],[44.856364,41.65853],[44.856554,41.658734],[44.856745,41.658995],[44.856901,41.659314],[44.856901,41.659314],[44.857119,41.659718],[44.857119,41.659718],[44.857291,41.660118],[44.85726,41.660548],[44.857279,41.660694],[44.857279,41.660694],[44.857374,41.66093],[44.857526,41.661131],[44.85767,41.661219],[44.858017,41.661188],[44.858089,41.66102],[44.85797,41.660749],[44.85797,41.660749],[44.85769,41.660366],[44.857576,41.660051],[44.857576,41.660051],[44.857458,41.659733],[44.857458,41.659733],[44.857268,41.659336],[44.857268,41.659336],[44.857116,41.65911],[44.856964,41.658746],[44.856964,41.658746],[44.856736,41.658534],[44.856654,41.658324],[44.856998,41.658191],[44.858159,41.658712],[44.858908,41.660143],[44.858908,41.660143],[44.859029,41.660266],[44.859016,41.660348],[44.859016,41.660348],[44.859089,41.66055],[44.859089,41.66055],[44.859354,41.660138],[44.859354,41.660138],[44.859328,41.660009],[44.859328,41.660009],[44.859305,41.659922],[44.859305,41.659922],[44.859103,41.659029],[44.859103,41.659029],[44.859071,41.658889],[44.859132,41.658676],[44.859265,41.658775],[44.859511,41.658958],[44.859562,41.659044],[44.859562,41.659045],[44.859669,41.659229],[44.859911,41.659145],[44.859908,41.658906],[44.859823,41.65852],[44.859823,41.65852],[44.859599,41.65835],[44.859489,41.657752],[44.859443,41.657501],[44.859443,41.657501],[44.859263,41.657337],[44.859612,41.657325],[44.859821,41.657658],[44.860374,41.658537],[44.860374,41.658537],[44.860374,41.658537],[44.860515,41.659112],[44.860561,41.659733],[44.86044,41.659917],[44.86044,41.659917],[44.860542,41.660252],[44.860796,41.660447],[44.861285,41.660444],[44.861561,41.660277],[44.861558,41.660009],[44.861558,41.660009],[44.86131,41.659643],[44.860853,41.659523],[44.860469,41.658536],[44.860436,41.657635],[44.860812,41.657269],[44.861241,41.657194],[44.861241,41.657194],[44.861426,41.657226],[44.861516,41.657204],[44.861583,41.657007],[44.861566,41.656801],[44.861551,41.656629],[44.861534,41.656423],[44.861812,41.656451],[44.86207,41.65641],[44.862178,41.65663],[44.862259,41.656797],[44.862516,41.657176],[44.862516,41.657177],[44.862587,41.657612],[44.862587,41.657613],[44.862827,41.658275],[44.862767,41.65835],[44.862712,41.65842],[44.862659,41.658486],[44.862637,41.658591],[44.862619,41.658678],[44.862586,41.658753],[44.862557,41.658817],[44.862558,41.658882],[44.862558,41.658882],[44.862639,41.658946],[44.862717,41.65895],[44.862811,41.658883],[44.862903,41.65886],[44.862985,41.658873],[44.862985,41.658873],[44.863003,41.65896],[44.863004,41.659031],[44.863004,41.659031],[44.863027,41.659126],[44.863142,41.659154],[44.863195,41.659147],[44.863195,41.659147],[44.863218,41.659098],[44.863166,41.659073],[44.863162,41.659027],[44.863191,41.658974],[44.863175,41.658913],[44.863159,41.658849],[44.863132,41.65872],[44.863132,41.65866],[44.863263,41.658464],[44.863351,41.658442],[44.863458,41.658467],[44.863506,41.658576],[44.863598,41.658625],[44.863793,41.658624],[44.863435,41.657461],[44.863341,41.657162],[44.863163,41.656598],[44.863086,41.656309],[44.863018,41.656014],[44.86302,41.655991],[44.863055,41.655507],[44.863059,41.655456],[44.863189,41.655357],[44.864565,41.655559],[44.864596,41.655564],[44.864597,41.655515],[44.864593,41.655492],[44.864592,41.65548],[44.864582,41.655353],[44.864585,41.655271],[44.86461,41.655185],[44.864683,41.655064],[44.864694,41.655048],[44.86478,41.654913],[44.8648,41.654858],[44.864809,41.654809],[44.864796,41.65477],[44.864759,41.654733],[44.864706,41.654694],[44.864673,41.654675],[44.864634,41.654638],[44.864628,41.654632],[44.864588,41.654594],[44.864558,41.65456],[44.864522,41.654504],[44.864513,41.654429],[44.86453,41.654354],[44.864537,41.6543],[44.864519,41.65422],[44.864495,41.654158],[44.864444,41.654017],[44.864428,41.653905],[44.86443,41.653838],[44.86443,41.653787],[44.86443,41.653724],[44.864442,41.653671],[44.864477,41.653602],[44.864514,41.653553],[44.864558,41.653517],[44.864606,41.653476],[44.864713,41.653394],[44.864825,41.6533],[44.86495,41.653163],[44.865116,41.653007],[44.865337,41.652823],[44.865521,41.651851],[44.865659,41.651687],[44.865688,41.651654],[44.865721,41.65162],[44.865793,41.651572],[44.865834,41.651548],[44.865903,41.651535],[44.865953,41.651529],[44.866024,41.65152],[44.866076,41.65152],[44.86613,41.651529],[44.866173,41.651547],[44.866218,41.65157],[44.866267,41.651579],[44.866308,41.651575],[44.866365,41.651563],[44.866432,41.651529],[44.866556,41.651426],[44.866698,41.65129],[44.866792,41.651119],[44.866851,41.650958],[44.866883,41.650857],[44.866893,41.65081],[44.866918,41.650781],[44.866984,41.650762],[44.867045,41.650764],[44.867162,41.650792],[44.867342,41.65086],[44.8678,41.651017],[44.86788,41.651029],[44.867926,41.651024],[44.867965,41.651],[44.867998,41.650968],[44.868038,41.650949],[44.868092,41.650901],[44.868249,41.650738],[44.868334,41.650616],[44.868376,41.650535],[44.868396,41.650464],[44.86842,41.650407],[44.868474,41.650259],[44.868489,41.650151],[44.868477,41.65006],[44.868454,41.649957],[44.868415,41.649828],[44.868399,41.649728],[44.868406,41.649606],[44.86844,41.64949],[44.868489,41.649392],[44.868608,41.649228],[44.868646,41.649181],[44.868662,41.64915],[44.868673,41.649108],[44.868667,41.649084],[44.868642,41.649064],[44.868588,41.64903],[44.868561,41.649001],[44.868557,41.648975],[44.868592,41.648879],[44.868726,41.648689],[44.868816,41.64857],[44.86898,41.648275],[44.869473,41.64855],[44.870276,41.648997],[44.870321,41.649006],[44.8704,41.649021],[44.87046,41.649036],[44.870558,41.649067],[44.870679,41.649129],[44.871101,41.649372],[44.87122,41.649436],[44.871323,41.649502],[44.871415,41.649579],[44.871476,41.649645],[44.871525,41.649719],[44.871569,41.649815],[44.871588,41.649887],[44.871597,41.649962],[44.871592,41.650039],[44.871563,41.650133],[44.871542,41.65017],[44.871501,41.650222],[44.871449,41.650275],[44.87139,41.65032],[44.871383,41.650326],[44.871354,41.650352],[44.871313,41.650387],[44.871292,41.650431],[44.871298,41.650465],[44.871328,41.650517],[44.871366,41.650578],[44.871411,41.650626],[44.871456,41.650674],[44.871553,41.65079],[44.87162,41.650873],[44.871679,41.650948],[44.871771,41.651071],[44.871837,41.65112],[44.871885,41.65115],[44.871941,41.651167],[44.871994,41.65117],[44.872059,41.651154],[44.872219,41.651077],[44.872461,41.650952],[44.872689,41.650825],[44.87275,41.65077],[44.872726,41.650752],[44.872709,41.650726],[44.872695,41.650692],[44.872692,41.650639],[44.872707,41.650615],[44.872765,41.650578],[44.872853,41.6505],[44.873069,41.650269],[44.873217,41.650337],[44.873248,41.65034],[44.873265,41.650321],[44.873286,41.650298],[44.8734,41.650156],[44.873549,41.649978],[44.873768,41.649751],[44.874156,41.649357],[44.874415,41.649131],[44.874551,41.649027],[44.874783,41.648856],[44.87506,41.648641],[44.875239,41.648494],[44.875509,41.648267],[44.875697,41.648093],[44.875946,41.647857],[44.876116,41.647721],[44.876197,41.647671],[44.876238,41.647652],[44.876315,41.647618],[44.876402,41.647596],[44.876615,41.647522],[44.876635,41.647505],[44.87682,41.647471],[44.877024,41.647435],[44.877342,41.647365],[44.877852,41.647249],[44.878235,41.647131],[44.878402,41.647075],[44.878636,41.647004],[44.878763,41.646986],[44.878963,41.646946],[44.879132,41.646905],[44.879235,41.646892],[44.879353,41.646847],[44.879538,41.646783],[44.879845,41.646667],[44.880213,41.646533],[44.880581,41.646407],[44.880924,41.646306],[44.881312,41.646207],[44.881593,41.646141],[44.881913,41.646067],[44.882014,41.646049],[44.882212,41.646029],[44.882497,41.645982],[44.882698,41.645945],[44.882792,41.645922],[44.883052,41.645846],[44.883309,41.645765],[44.883581,41.645682],[44.883813,41.645643],[44.884037,41.645614],[44.884357,41.64558],[44.884656,41.645554],[44.885054,41.645539],[44.885382,41.645523],[44.885464,41.645505],[44.88551,41.645494],[44.885557,41.645475],[44.885612,41.645432],[44.885664,41.645376],[44.885723,41.645301],[44.885795,41.645184],[44.885877,41.645083],[44.885967,41.644977],[44.886106,41.644848],[44.886341,41.644701],[44.88655,41.644606],[44.886891,41.644478],[44.887287,41.644366],[44.887625,41.644288],[44.887863,41.644236],[44.888143,41.644174],[44.888496,41.644052],[44.888818,41.643889],[44.888863,41.643865],[44.88896,41.643817],[44.889399,41.643565],[44.889689,41.643385],[44.889803,41.643255],[44.889908,41.643062],[44.889908,41.642983],[44.889775,41.642933],[44.889677,41.642896],[44.888721,41.64256],[44.887344,41.64209],[44.885629,41.641492],[44.885664,41.641416],[44.885713,41.641419],[44.88576,41.641412],[44.885821,41.641375],[44.885886,41.641314],[44.88593,41.641249],[44.885946,41.641143],[44.885959,41.641083],[44.885989,41.640997],[44.886095,41.640885],[44.88638,41.640564],[44.886521,41.640403],[44.88662,41.64037],[44.889015,41.639961],[44.889056,41.639954],[44.889076,41.639946],[44.88941,41.639817],[44.889722,41.639788],[44.891551,41.639623],[44.891646,41.639614],[44.893334,41.639461],[44.893727,41.639426],[44.895439,41.639271],[44.896005,41.639315],[44.896817,41.639474],[44.898376,41.63931],[44.89914,41.638656],[44.899173,41.638618],[44.899205,41.638583],[44.899188,41.638627],[44.899177,41.638659],[44.899221,41.638745],[44.899478,41.63898],[44.899691,41.639142],[44.89981,41.639222],[44.899921,41.639317],[44.900033,41.639393],[44.900039,41.639398],[44.900133,41.639434],[44.900216,41.639519],[44.90029,41.639665],[44.90038,41.639812],[44.90045,41.639896],[44.900481,41.639933],[44.900658,41.640064],[44.900854,41.640214],[44.902531,41.63874],[44.902534,41.638465],[44.902539,41.638269],[44.902947,41.636208],[44.902947,41.635822],[44.903782,41.634436],[44.903696,41.634225],[44.903085,41.63273],[44.903006,41.632536],[44.902457,41.63119],[44.90252,41.630647],[44.902577,41.630167],[44.902187,41.629624],[44.902124,41.629537],[44.902122,41.629492],[44.90207,41.627865],[44.902054,41.627804],[44.901924,41.627312],[44.901889,41.627187],[44.901878,41.627122],[44.90186,41.627051],[44.901839,41.62696],[44.901826,41.62691],[44.901823,41.626899],[44.901812,41.62686],[44.901785,41.626798],[44.901778,41.626781],[44.901741,41.626717],[44.901711,41.626645],[44.901695,41.626593],[44.901662,41.626507],[44.90166,41.626472],[44.901664,41.626439],[44.901683,41.626409],[44.901705,41.626378],[44.901718,41.626362],[44.901746,41.626299],[44.901746,41.626237],[44.901735,41.626136],[44.901687,41.625952],[44.901685,41.625944],[44.901646,41.625731],[44.901609,41.625518],[44.901571,41.625285],[44.901626,41.625094],[44.901853,41.62431],[44.902062,41.623589],[44.902128,41.623447],[44.902178,41.62334],[44.902182,41.623305],[44.902208,41.623124],[44.902358,41.623026],[44.90256,41.622883],[44.902686,41.62284],[44.902864,41.622788],[44.902911,41.622784],[44.903183,41.622803],[44.903338,41.622825],[44.90375,41.622837],[44.903759,41.622962],[44.903768,41.62306],[44.903778,41.623154],[44.903994,41.623212],[44.90425,41.623261],[44.905212,41.623449],[44.906218,41.623683],[44.906604,41.623773],[44.906889,41.623777],[44.906922,41.623398],[44.906923,41.623393],[44.906928,41.623391],[44.907283,41.62325],[44.907386,41.623226],[44.907604,41.623175],[44.907638,41.623167],[44.909989,41.62275],[44.910609,41.622641],[44.912043,41.622379],[44.913041,41.6222],[44.91351,41.622118],[44.914614,41.621919],[44.916008,41.621666],[44.916081,41.621656],[44.916122,41.621626],[44.916577,41.621549],[44.916749,41.621517],[44.916805,41.621531],[44.91688,41.621519],[44.916941,41.62148],[44.917021,41.621444],[44.91747,41.621352],[44.917604,41.621335],[44.917709,41.621308],[44.91792,41.62124],[44.918292,41.621074],[44.918674,41.620889],[44.918955,41.620769],[44.918968,41.620764],[44.918999,41.620756],[44.918968,41.620831],[44.918982,41.62088],[44.919018,41.62094],[44.919087,41.62097],[44.919168,41.621014],[44.919243,41.621064],[44.919331,41.621097],[44.919399,41.621111],[44.91946,41.621117],[44.919536,41.621122],[44.919629,41.621128],[44.919704,41.621139],[44.919722,41.621143],[44.9198,41.621148],[44.919931,41.621149],[44.919991,41.621149],[44.920068,41.621147],[44.920138,41.621131],[44.920257,41.621106],[44.92044,41.621078],[44.921121,41.621699],[44.920837,41.629111],[44.921932,41.631583],[44.923035,41.632886],[44.92385,41.633849],[44.927977,41.637249],[44.932215,41.639723],[44.937026,41.642162],[44.937026,41.642162],[44.937702,41.642505],[44.938103,41.642445],[44.942918,41.641717],[44.945527,41.639936],[44.949082,41.638905],[44.949195,41.638872],[44.949315,41.638882],[44.9499,41.638927],[44.950643,41.639353],[44.951964,41.639566],[44.952333,41.639545],[44.95238,41.639553],[44.95241,41.63954],[44.953044,41.639504],[44.953198,41.639547],[44.953525,41.639575],[44.953625,41.639564],[44.953753,41.639468],[44.954946,41.639423],[44.955207,41.639413],[44.956341,41.639422],[44.956485,41.639462],[44.960036,41.640454],[44.960078,41.640452],[44.960282,41.640443],[44.960462,41.640395],[44.960506,41.640425],[44.960557,41.640509],[44.960659,41.640657],[44.960673,41.640675],[44.960747,41.640769],[44.960843,41.640861],[44.960979,41.640953],[44.961081,41.640994],[44.961183,41.64104],[44.961244,41.641071],[44.961367,41.641148],[44.961442,41.641194],[44.961474,41.641209],[44.961537,41.64124],[44.961626,41.641296],[44.961673,41.641352],[44.961719,41.641442],[44.961728,41.641459],[44.961762,41.641577],[44.961768,41.6417],[44.961741,41.641883],[44.961727,41.642134],[44.961741,41.642226],[44.961768,41.642363],[44.961822,41.642522],[44.961877,41.642675],[44.961911,41.642782],[44.961911,41.643028],[44.961904,41.643222],[44.961897,41.643309],[44.961774,41.643498],[44.961706,41.643635],[44.961658,41.643768],[44.961679,41.643921],[44.96161,41.644121],[44.961597,41.644315],[44.96159,41.644499],[44.96161,41.644683],[44.961651,41.644805],[44.961662,41.644888],[44.961501,41.645671],[44.961487,41.645699],[44.961455,41.645836],[44.961186,41.646366],[44.961014,41.646577],[44.960942,41.646633],[44.960771,41.646751],[44.960701,41.646807],[44.960506,41.646915],[44.960444,41.646945],[44.960423,41.646961],[44.960384,41.646982],[44.960372,41.646999],[44.960369,41.647001],[44.960363,41.647011],[44.960152,41.647303],[44.960066,41.647328],[44.960033,41.64734],[44.960028,41.64734],[44.959939,41.647341],[44.959825,41.647343],[44.959669,41.647399],[44.959489,41.64756],[44.959194,41.647692],[44.959015,41.647936],[44.958946,41.648288],[44.958919,41.648315],[44.95891,41.648434],[44.95891,41.648436],[44.958989,41.648563],[44.958993,41.648569],[44.959014,41.648845],[44.959194,41.649014],[44.959343,41.649221],[44.959494,41.649362],[44.959626,41.649419],[44.959634,41.649426],[44.95976,41.649477],[44.959762,41.649477],[44.959765,41.649479],[44.960095,41.649611],[44.960252,41.649739],[44.96034,41.649916],[44.960428,41.649982],[44.960643,41.650031],[44.960872,41.650033],[44.961008,41.650038],[44.961153,41.650021],[44.961322,41.650002],[44.961344,41.649998],[44.961632,41.649965],[44.961831,41.650005],[44.961882,41.650029],[44.961948,41.650029],[44.962001,41.65004],[44.962341,41.650021],[44.962983,41.650047],[44.963034,41.650053],[44.963251,41.650059],[44.963258,41.650058],[44.963925,41.650085],[44.963947,41.6501],[44.964109,41.650262],[44.964171,41.650314],[44.964279,41.650349],[44.964403,41.650378],[44.964495,41.65039],[44.96458,41.650384],[44.964697,41.650395],[44.964789,41.650436],[44.964874,41.650488],[44.964936,41.650512],[44.965006,41.650535],[44.965024,41.650543],[44.965194,41.650651],[44.965199,41.650657],[44.965242,41.650689],[44.96541,41.650828],[44.965489,41.650864],[44.965852,41.650782],[44.965949,41.650779],[44.966077,41.650757],[44.966482,41.650762],[44.966595,41.650809],[44.966606,41.65082],[44.966668,41.65086],[44.96673,41.650907],[44.966823,41.650953],[44.966947,41.650982],[44.967013,41.650982],[44.967052,41.65099],[44.967409,41.651018],[44.967707,41.651156],[44.967855,41.651366],[44.967867,41.651388],[44.967877,41.651411],[44.967863,41.651639],[44.967739,41.651813],[44.967668,41.651862],[44.967658,41.65187],[44.967629,41.651968],[44.967549,41.652081],[44.967586,41.652332],[44.968303,41.653621],[44.96845,41.653735],[44.96938,41.653991],[44.970223,41.654223],[44.972334,41.65457],[44.972372,41.654576],[44.972379,41.654575],[44.972381,41.654574],[44.972385,41.654573],[44.972391,41.654572],[44.972397,41.65457],[44.972403,41.654568],[44.972409,41.654567],[44.972414,41.654565],[44.972633,41.654532],[44.972738,41.654539],[44.973124,41.654493],[44.973635,41.6544],[44.973627,41.654412],[44.973836,41.654377],[44.974138,41.654406],[44.974524,41.654464],[44.974787,41.654505],[44.975047,41.654594],[44.975099,41.654618],[44.975551,41.655075],[44.975952,41.655559],[44.976129,41.655806],[44.976243,41.656147],[44.976391,41.656344],[44.976542,41.656489],[44.976872,41.65706],[44.977427,41.65737],[44.977788,41.65765],[44.977864,41.657713],[44.978112,41.657951],[44.978228,41.658119],[44.978243,41.658305],[44.978251,41.658421],[44.978305,41.658624],[44.978312,41.658809],[44.978346,41.658914],[44.978288,41.659094],[44.97829,41.659325],[44.978404,41.659551],[44.978468,41.659609],[44.978451,41.659656],[44.978552,41.659778],[44.978676,41.659871],[44.978784,41.65994],[44.979039,41.660039],[44.979372,41.660132],[44.979557,41.660202],[44.979727,41.660254],[44.97988,41.660254],[44.980014,41.660308],[44.980294,41.660244],[44.980298,41.660243],[44.980568,41.660106],[44.980571,41.660105],[44.980772,41.66004],[44.980811,41.660027],[44.981383,41.659842],[44.981422,41.65983],[44.98194,41.659657],[44.981962,41.65965],[44.981979,41.659645],[44.982326,41.659541],[44.982328,41.65954],[44.982512,41.659431],[44.982547,41.659421],[44.982744,41.659367],[44.982767,41.659359],[44.982999,41.65928],[44.983216,41.659141],[44.983479,41.658978],[44.983874,41.658804],[44.984347,41.658663],[44.984981,41.658559],[44.985382,41.658544],[44.985714,41.658503],[44.985719,41.658503],[44.985733,41.658504],[44.985738,41.658504],[44.985866,41.658523],[44.986242,41.658719],[44.986247,41.658719],[44.986449,41.658733],[44.986704,41.658666],[44.986712,41.658666],[44.986742,41.658656],[44.98696,41.658598],[44.987065,41.658571],[44.987323,41.65855],[44.987328,41.65855],[44.987555,41.658573],[44.987996,41.658712],[44.988097,41.658743],[44.988881,41.659104],[44.988918,41.659132],[44.988978,41.659182],[44.989388,41.659548],[44.989547,41.659674],[44.990073,41.660234],[44.990643,41.660627],[44.99138,41.660901],[44.991614,41.660989],[44.991974,41.661229],[44.992022,41.661237],[45.014102,41.654982],[45.016529,41.654301],[45.018406,41.653725],[45.019686,41.653291],[45.021174,41.652758],[45.02224,41.652351],[45.023096,41.652003],[45.026293,41.650581],[45.02732,41.650112],[45.028514,41.649514],[45.030273,41.648439],[45.031073,41.647895],[45.03186,41.647284],[45.032501,41.646733],[45.033037,41.646215],[45.033692,41.645521],[45.035792,41.643238],[45.03641,41.642462],[45.037596,41.640749],[45.041414,41.635251],[45.045617,41.629424],[45.050424,41.622362],[45.052281,41.619601],[45.05276,41.618931],[45.056136,41.614516],[45.057527,41.61273],[45.060944,41.608475],[45.062077,41.607231],[45.064126,41.60505],[45.064877,41.604309],[45.065293,41.603931],[45.06589,41.60352],[45.067661,41.60244],[45.12621,41.569934],[45.12677,41.56958],[45.12804,41.568748],[45.132534,41.565775],[45.133207,41.565355],[45.134236,41.564768],[45.137375,41.563137],[45.137924,41.562887],[45.138285,41.562733],[45.140761,41.561784],[45.141676,41.561445],[45.144653,41.560377],[45.145258,41.56017],[45.154315,41.557276],[45.155616,41.556833],[45.159436,41.555387],[45.159844,41.555225],[45.161528,41.554519],[45.162418,41.554132],[45.162758,41.553976],[45.163919,41.553358],[45.166795,41.55169],[45.1674,41.551272],[45.168617,41.550302],[45.169574,41.549424],[45.171103,41.547858],[45.171973,41.546813],[45.172725,41.545819],[45.173103,41.545214],[45.175316,41.541078],[45.176418,41.538786],[45.17747,41.536604],[45.177944,41.535699],[45.178594,41.534623],[45.179782,41.532866],[45.180178,41.532357],[45.18112,41.531275],[45.18338,41.529017],[45.184067,41.528411],[45.186208,41.526727],[45.187415,41.525805],[45.187779,41.525544],[45.189219,41.524601],[45.19243,41.522695],[45.195115,41.521147],[45.196557,41.520355],[45.209563,41.51366],[45.212965,41.511692],[45.214578,41.510598],[45.215703,41.509797],[45.21613,41.509465],[45.218501,41.507394],[45.21937,41.506574],[45.220605,41.505257],[45.221596,41.503974],[45.222055,41.503337],[45.223014,41.501794],[45.223665,41.500644],[45.224,41.499977],[45.224832,41.498108],[45.225344,41.4969],[45.225577,41.496285],[45.226005,41.494901],[45.227024,41.490329],[45.22731,41.488873],[45.227845,41.48532],[45.228346,41.481769],[45.228944,41.477824],[45.22904,41.477313],[45.229334,41.47615],[45.230043,41.473592],[45.230215,41.473028],[45.230631,41.471848],[45.231081,41.47065],[45.232297,41.467679],[45.234097,41.463824],[45.235435,41.460605],[45.235792,41.459676],[45.236588,41.457411],[45.237529,41.454469],[45.237929,41.453097],[45.238488,41.450995],[45.238665,41.449942],[45.238765,41.449239],[45.23889,41.448371],[45.239198,41.446863],[45.239595,41.444999],[45.239678,41.444609],[45.239918,41.443313],[45.24032,41.440527],[45.239733,41.440088],[45.233615,41.435604],[45.221514,41.429412],[45.207273,41.423281],[45.20345,41.421045],[45.201617,41.419907],[45.199888,41.418651],[45.198578,41.417512],[45.197478,41.416767],[45.196902,41.416413],[45.196013,41.416376],[45.195021,41.416692],[45.190791,41.418155],[45.188755,41.419063],[45.188077,41.419458],[45.187504,41.420049],[45.186773,41.420483],[45.185781,41.420839],[45.184161,41.421117],[45.183012,41.421315],[45.18202,41.42171],[45.18108,41.422066],[45.180245,41.422736],[45.179671,41.423131],[45.17915,41.423604],[45.178732,41.423762],[45.177948,41.423684],[45.176901,41.42345],[45.175697,41.423106],[45.175048,41.42262],[45.174576,41.42178],[45.173808,41.420475],[45.173483,41.420033],[45.173012,41.419657],[45.172775,41.419237],[45.172685,41.418551],[45.172801,41.417754],[45.173034,41.417024],[45.173533,41.41658],[45.173766,41.415894],[45.173676,41.415341],[45.173351,41.414699],[45.172909,41.414169],[45.173083,41.413416],[45.173023,41.412752],[45.172521,41.412177],[45.170134,41.40999],[45.15962,41.400174],[45.138965,41.38158],[45.119225,41.364191],[45.10926,41.355142],[45.107436,41.353358],[45.101551,41.356937],[45.094689,41.361857],[45.086497,41.368544],[45.076283,41.378441],[45.069232,41.385587],[45.061728,41.393314],[45.059544,41.395668],[45.05899,41.396315],[45.057882,41.397762],[45.056513,41.399716],[45.055492,41.401408],[45.055168,41.402032],[45.054949,41.402591],[45.054692,41.403522],[45.054541,41.404513],[45.054482,41.405144],[45.054474,41.40545],[45.054499,41.406792],[45.054572,41.407415],[45.05487,41.408809],[45.055066,41.409455],[45.055226,41.40991],[45.056405,41.412671],[45.057655,41.415601],[45.057822,41.416044],[45.057874,41.416331],[45.057936,41.417284],[45.057946,41.417777],[45.05789,41.41893],[45.057751,41.420142],[45.05764,41.420736],[45.057244,41.422025],[45.057053,41.422521],[45.056544,41.423651],[45.055816,41.425018],[45.053741,41.428516],[45.052715,41.430424],[45.051627,41.432719],[45.051254,41.433601],[45.050896,41.434589],[45.050424,41.436152],[45.05021,41.437016],[45.050138,41.437454],[45.050056,41.438448],[45.050059,41.438607],[45.050065,41.438792],[45.050101,41.439801],[45.050126,41.439981],[45.050193,41.44036],[45.050391,41.441218],[45.050463,41.441433],[45.050702,41.441976],[45.050832,41.442196],[45.050927,41.442327],[45.051105,41.442548],[45.051493,41.442979],[45.052211,41.443676],[45.05409,41.445281],[45.054446,41.445547],[45.054935,41.445857],[45.055252,41.446023],[45.055847,41.446286],[45.058596,41.447367],[45.059558,41.447726],[45.061306,41.448341],[45.064648,41.449515],[45.065095,41.449701],[45.065939,41.450081],[45.066304,41.450275],[45.068017,41.451267],[45.068329,41.451468],[45.068632,41.451701],[45.069175,41.452186],[45.070209,41.453262],[45.070749,41.453863],[45.070898,41.454074],[45.071137,41.454521],[45.07151,41.455344],[45.071564,41.455476],[45.071999,41.456623],[45.072091,41.456956],[45.072138,41.457276],[45.072176,41.458171],[45.072104,41.459529],[45.072013,41.460327],[45.071876,41.461012],[45.071561,41.462214],[45.071084,41.463503],[45.070936,41.463838],[45.070464,41.464785],[45.0698,41.465968],[45.069301,41.466741],[45.068338,41.468041],[45.068259,41.468138],[45.067165,41.46935],[45.066136,41.470391],[45.064784,41.471639],[45.063866,41.472404],[45.06337,41.472773],[45.061693,41.473917],[45.058313,41.476083],[45.050368,41.480881],[45.046368,41.483722],[45.045556,41.484326],[45.044757,41.484999],[45.043998,41.485721],[45.043246,41.486491],[45.041496,41.488283],[45.041386,41.488413],[45.040849,41.489195],[45.039418,41.491619],[45.038913,41.492546],[45.038571,41.493305],[45.037795,41.495319],[45.037728,41.495502],[45.037533,41.49614],[45.037418,41.496788],[45.037132,41.499541],[45.036565,41.507125],[45.03612,41.515096],[45.035988,41.51692],[45.035882,41.517603],[45.035628,41.518818],[45.035365,41.519887],[45.03513,41.520676],[45.034706,41.521889],[45.034284,41.52303],[45.033941,41.523832],[45.033174,41.52529],[45.032514,41.526409],[45.031553,41.527893],[45.031111,41.528468],[45.030694,41.528968],[45.030035,41.529598],[45.028798,41.530679],[45.027677,41.531546],[45.026981,41.532006],[45.026267,41.532427],[45.024931,41.533167],[45.02389,41.533691],[45.02331,41.533926],[45.022342,41.534283],[45.021162,41.53469],[45.020179,41.534995],[45.019348,41.535185],[45.019223,41.535214],[45.018338,41.535383],[45.017625,41.535492],[45.015787,41.535724],[45.013256,41.535941],[45.005698,41.536534],[45.005149,41.536577],[44.992991,41.537552],[44.992514,41.53759],[44.981928,41.538327],[44.981427,41.538362],[44.980109,41.53846],[44.973312,41.539001],[44.96746,41.539412],[44.964369,41.539581],[44.961782,41.53967],[44.949989,41.539897],[44.949585,41.539903],[44.946765,41.539845],[44.945483,41.53976],[44.944088,41.539622],[44.942012,41.539406],[44.94097,41.53926],[44.939828,41.53908],[44.935264,41.538189],[44.933109,41.537693],[44.931941,41.537383],[44.930229,41.536834],[44.928863,41.536376],[44.926971,41.535662],[44.925909,41.535147],[44.923321,41.533779],[44.922992,41.533598],[44.921199,41.532563],[44.919402,41.531353],[44.914864,41.527921],[44.910595,41.523652],[44.909439,41.522358],[44.903139,41.514672],[44.897626,41.507185],[44.894883,41.503612],[44.890622,41.498914],[44.886972,41.49536],[44.884694,41.493272],[44.882589,41.491199],[44.882042,41.490598],[44.88142,41.489881],[44.881021,41.489384],[44.880448,41.488573],[44.880016,41.487768],[44.879588,41.486826],[44.879493,41.486565],[44.879278,41.485695],[44.879217,41.485365],[44.879182,41.485015],[44.879136,41.483831],[44.87913,41.483039],[44.879151,41.482662],[44.879215,41.482024],[44.879312,41.481383],[44.879343,41.481228],[44.879465,41.480799],[44.87958,41.480464],[44.879715,41.480142],[44.879849,41.47987],[44.880059,41.479486],[44.88035,41.478983],[44.880618,41.478586],[44.8814,41.477517],[44.881776,41.477041],[44.882442,41.476256],[44.882539,41.47615],[44.883427,41.475195],[44.883654,41.474961],[44.883872,41.474754],[44.885836,41.473353],[44.88622,41.473108],[44.886725,41.472822],[44.888971,41.471671],[44.889274,41.47152],[44.890182,41.47112],[44.890887,41.470843],[44.892768,41.470189],[44.895232,41.46937],[44.898558,41.468367],[44.899124,41.468211],[44.899414,41.46815],[44.901506,41.467776],[44.907877,41.466733],[44.91409,41.465558],[44.915315,41.465314],[44.915646,41.465243],[44.915714,41.465226],[44.916376,41.465026],[44.922679,41.462912],[44.923193,41.462723],[44.9237,41.462514],[44.926391,41.461253],[44.930661,41.459207],[44.939278,41.454939],[44.9461,41.451857],[44.946917,41.451526],[44.948072,41.451115],[44.950357,41.450329],[44.951268,41.45003],[44.951579,41.449943],[44.952803,41.449624],[44.955211,41.449053],[44.956127,41.448857],[44.956825,41.448719],[44.967439,41.446967],[44.983837,41.444162],[44.995327,41.442237],[44.997475,41.441891],[44.999116,41.4416],[44.999706,41.441484],[45.000105,41.441399],[45.00055,41.441289],[45.001198,41.441096],[45.003179,41.44047],[45.003577,41.440325],[45.004206,41.440065],[45.004932,41.439735],[45.005391,41.439492],[45.005463,41.439451],[45.005665,41.439316],[45.006201,41.438901],[45.00652,41.438626],[45.0068,41.438312],[45.007052,41.437981],[45.007244,41.437657],[45.007395,41.437343],[45.007538,41.436981],[45.00763,41.436673],[45.007692,41.436383],[45.007755,41.435834],[45.00778,41.435377],[45.007761,41.435063],[45.007736,41.434808],[45.007662,41.434201],[45.00758,41.43365],[45.007475,41.433193],[45.006653,41.430493],[45.006443,41.429801],[45.006341,41.429397],[45.00622,41.428859],[45.006087,41.428133],[45.006024,41.42769],[45.005989,41.42729],[45.00598,41.426374],[45.005983,41.426156],[45.005999,41.425867],[45.006023,41.425624],[45.006131,41.424815],[45.006168,41.424616],[45.006262,41.424246],[45.006432,41.423719],[45.00673,41.422928],[45.006853,41.422675],[45.007034,41.422347],[45.007444,41.421677],[45.008062,41.420801],[45.008345,41.420426],[45.009118,41.419469],[45.009435,41.419107],[45.010473,41.41805],[45.010695,41.417845],[45.012374,41.416429],[45.013929,41.415155],[45.019418,41.411122],[45.022961,41.408353],[45.025559,41.406149],[45.02597,41.405758],[45.026482,41.405217],[45.026969,41.404619],[45.027691,41.403657],[45.028237,41.402869],[45.028628,41.40224],[45.028815,41.401883],[45.029541,41.400118],[45.029737,41.399508],[45.029898,41.398934],[45.03019,41.397734],[45.031,41.393627],[45.03124,41.392272],[45.031683,41.390067],[45.031757,41.389754],[45.031956,41.388986],[45.032028,41.388737],[45.032306,41.38783],[45.032666,41.386825],[45.032782,41.386543],[45.033533,41.384828],[45.033842,41.384191],[45.034463,41.383139],[45.034802,41.382608],[45.035404,41.381729],[45.037536,41.379003],[45.038227,41.378212],[45.039206,41.377208],[45.042955,41.373803],[45.044243,41.372739],[45.050742,41.367624],[45.051131,41.367305],[45.051975,41.366586],[45.055082,41.363826],[45.0556,41.363328],[45.05754,41.361328],[45.061149,41.357467],[45.068994,41.349117],[45.073821,41.344571],[45.076994,41.341852],[45.074294,41.339757],[45.073137,41.338828],[45.072519,41.338073],[45.072441,41.336912],[45.072825,41.33575],[45.073758,41.334132],[45.074677,41.332601],[45.074594,41.33103],[45.074322,41.329744],[45.073725,41.328929],[45.072669,41.328623],[45.071397,41.328685],[45.070261,41.328931],[45.069378,41.329087],[45.06815,41.329048],[45.066869,41.328566],[45.065587,41.327842],[45.064466,41.327682],[45.063238,41.327884],[45.061691,41.328206],[45.060783,41.328086],[45.059822,41.327564],[45.058754,41.32692],[45.057471,41.325472],[45.056029,41.324065],[45.053893,41.322698],[45.051543,41.321613],[45.049301,41.320688],[45.047753,41.320045],[45.046685,41.319522],[45.044483,41.31961],[45.043244,41.319635],[45.042813,41.319632],[45.042573,41.319615],[45.042034,41.319526],[45.037455,41.318469],[45.03646,41.31828],[45.035423,41.318126],[45.035015,41.318077],[45.032854,41.317877],[45.031079,41.317732],[45.020627,41.316853],[45.01944,41.316741],[45.018176,41.316584],[45.016628,41.316347],[45.015836,41.316213],[45.013574,41.315768],[45.008201,41.314498],[45.004499,41.313551],[44.988004,41.308896],[44.942416,41.29488],[44.931088,41.291584],[44.913584,41.287002],[44.909635,41.286072],[44.904713,41.285047],[44.899361,41.283976],[44.892327,41.282568],[44.889777,41.282004],[44.883098,41.28028],[44.88008,41.279427],[44.879546,41.279259],[44.871602,41.276769],[44.870535,41.276849],[44.869575,41.276848],[44.868616,41.276444],[44.86771,41.276121],[44.866164,41.275677],[44.864617,41.275514],[44.863177,41.275553],[44.861737,41.275833],[44.86035,41.275831],[44.85891,41.275628],[44.857524,41.275184],[44.855712,41.274739],[44.854219,41.274375],[44.852779,41.274333],[44.851659,41.274372],[44.850645,41.274652],[44.849737,41.275295],[44.848829,41.276058],[44.8484,41.276943],[44.847971,41.277867],[44.847863,41.278511],[44.847861,41.279396],[44.847912,41.280402],[44.848283,41.281489],[44.8486,41.282817],[44.848651,41.283743],[44.848489,41.284547],[44.848007,41.285231],[44.847419,41.285753],[44.845924,41.286435],[44.843949,41.287157],[44.84272,41.287799],[44.841598,41.288522],[44.840689,41.289607],[44.840152,41.290733],[44.839349,41.291939],[44.83796,41.292983],[44.837265,41.293384],[44.836359,41.293142],[44.835398,41.29314],[44.83449,41.293541],[44.834329,41.294265],[44.833952,41.295633],[44.83272,41.297321],[44.83181,41.298527],[44.831116,41.298928],[44.830581,41.299289],[44.829887,41.299329],[44.829087,41.299167],[44.82802,41.299165],[44.827433,41.299406],[44.827112,41.299767],[44.826204,41.299846],[44.825085,41.299523],[44.823751,41.299521],[44.822737,41.299479],[44.821936,41.29984],[44.821188,41.300281],[44.820706,41.300965],[44.81937,41.301445],[44.818357,41.301444],[44.817397,41.301201],[44.816278,41.300555],[44.815481,41.299628],[44.814418,41.298098],[44.812078,41.295197],[44.811282,41.293787],[44.809313,41.292134],[44.808089,41.291167],[44.807132,41.290079],[44.806816,41.288469],[44.806874,41.287101],[44.807091,41.285934],[44.807628,41.284607],[44.808059,41.283159],[44.808064,41.28159],[44.807855,41.279819],[44.807378,41.278853],[44.807276,41.277163],[44.807977,41.27483],[44.808357,41.272296],[44.808151,41.269922],[44.807782,41.268352],[44.8072,41.266822],[44.806298,41.265372],[44.805234,41.264404],[44.804012,41.262954],[44.802363,41.261543],[44.80162,41.260254],[44.801624,41.259208],[44.801681,41.257719],[44.802219,41.256271],[44.80265,41.254662],[44.803455,41.253014],[44.804952,41.251649],[44.806502,41.250323],[44.808158,41.24936],[44.809494,41.247995],[44.810564,41.24687],[44.811901,41.245343],[44.812812,41.243614],[44.813297,41.241764],[44.814422,41.239875],[44.815491,41.238871],[44.817415,41.237264],[44.820621,41.234211],[44.82281,41.232846],[44.824998,41.231924],[44.82756,41.230801],[44.830653,41.230122],[44.832892,41.229924],[44.835398,41.229485],[44.837477,41.229126],[44.839289,41.229289],[44.841207,41.229694],[44.842858,41.230019],[44.845363,41.230304],[44.847335,41.230186],[44.849895,41.229706],[44.851869,41.228823],[44.85347,41.227578],[44.854485,41.226533],[44.855553,41.22569],[44.857047,41.224766],[44.85886,41.224607],[44.861311,41.224691],[44.862644,41.224612],[44.863284,41.22413],[44.863285,41.223607],[44.863291,41.222578],[44.864376,41.219833],[44.864938,41.218657],[44.865378,41.218235],[44.866058,41.217903],[44.867498,41.217784],[44.868935,41.218239],[44.870533,41.218784],[44.871132,41.218965],[44.872051,41.219087],[44.87305,41.219058],[44.87425,41.218848],[44.875329,41.218638],[44.876249,41.218579],[44.877288,41.218761],[44.878286,41.219124],[44.878685,41.219396],[44.879323,41.220212],[44.879802,41.220936],[44.88024,41.22145],[44.880719,41.221722],[44.881598,41.221904],[44.882877,41.222116],[44.884396,41.222239],[44.887513,41.222302],[44.889791,41.222304],[44.890871,41.222094],[44.891871,41.221733],[44.892472,41.221009],[44.892873,41.220014],[44.892874,41.219138],[44.892796,41.218233],[44.892797,41.217479],[44.893078,41.216875],[44.893518,41.216393],[44.894278,41.215881],[44.895718,41.215097],[44.896758,41.214585],[44.898318,41.214073],[44.899318,41.213591],[44.899878,41.21326],[44.900518,41.212566],[44.900999,41.211903],[44.900463,41.211738],[44.899584,41.211737],[44.897985,41.211857],[44.896746,41.211856],[44.895508,41.211523],[44.89447,41.210948],[44.893033,41.210011],[44.890877,41.208682],[44.888362,41.20705],[44.885888,41.205297],[44.88433,41.204601],[44.883172,41.204328],[44.881534,41.204327],[44.879256,41.204294],[44.877178,41.204564],[44.87522,41.204652],[44.870624,41.204858],[44.868506,41.204977],[44.866668,41.204974],[44.865029,41.205335],[44.864149,41.205816],[44.863348,41.206329],[44.862349,41.20678],[44.861469,41.207081],[44.85999,41.2072],[44.858472,41.207198],[44.857352,41.207317],[44.856512,41.207678],[44.855592,41.208251],[44.853592,41.208972],[44.852233,41.209333],[44.850475,41.20933],[44.849636,41.209148],[44.848676,41.209298],[44.848116,41.20969],[44.847915,41.210323],[44.847712,41.2115],[44.84711,41.212706],[44.846308,41.213882],[44.844946,41.215208],[44.843745,41.216172],[44.842625,41.216593],[44.841385,41.216802],[44.840506,41.216801],[44.839188,41.216347],[44.838071,41.215772],[44.836034,41.215135],[44.833637,41.214739],[44.83056,41.214463],[44.826963,41.21476],[44.822725,41.215236],[44.820727,41.215354],[44.819409,41.214899],[44.818372,41.214053],[44.817015,41.213688],[44.816415,41.213687],[44.815576,41.213746],[44.814576,41.214107],[44.812933,41.215402],[44.811773,41.215973],[44.811172,41.216244],[44.810534,41.216032],[44.809775,41.215698],[44.808897,41.215305],[44.808218,41.215304],[44.807617,41.215604],[44.807256,41.216117],[44.806693,41.217232],[44.80613,41.218529],[44.805087,41.219946],[44.804203,41.221363],[44.803158,41.223383],[44.801914,41.225071],[44.79975,41.226908],[44.797306,41.228775],[44.796584,41.229467],[44.795743,41.229949],[44.794903,41.230128],[44.794024,41.229915],[44.793506,41.229552],[44.792908,41.229008],[44.79215,41.228343],[44.791873,41.227648],[44.791875,41.226894],[44.792358,41.225929],[44.79296,41.225025],[44.793964,41.223487],[44.794447,41.222613],[44.794369,41.221798],[44.793932,41.221254],[44.792854,41.22089],[44.791614,41.220888],[44.787536,41.221454],[44.785616,41.221722],[44.784337,41.22184],[44.782898,41.221777],[44.7821,41.221564],[44.780701,41.221411],[44.780022,41.22144],[44.779142,41.221619],[44.778023,41.221617],[44.777625,41.221164],[44.777146,41.220861],[44.776587,41.220799],[44.776027,41.220919],[44.775386,41.22134],[44.774745,41.221792],[44.773983,41.222394],[44.773223,41.222513],[44.772584,41.222391],[44.772026,41.221998],[44.77143,41.221091],[44.771192,41.220336],[44.770715,41.219611],[44.770277,41.219339],[44.769277,41.219487],[44.768756,41.219758],[44.767915,41.22033],[44.767393,41.220932],[44.766512,41.221564],[44.765951,41.222016],[44.765351,41.222165],[44.764751,41.222043],[44.764234,41.221529],[44.763676,41.220955],[44.762918,41.220682],[44.762118,41.22068],[44.760839,41.220919],[44.759399,41.221097],[44.7574,41.221123],[44.754563,41.221026],[44.751487,41.220537],[44.749371,41.22008],[44.748014,41.219383],[44.74694,41.218083],[44.746425,41.217025],[44.746349,41.215878],[44.746115,41.214339],[44.745327,41.211651],[44.744494,41.209929],[44.743896,41.209566],[44.743256,41.209655],[44.742975,41.210167],[44.742932,41.210801],[44.743129,41.211556],[44.743484,41.212673],[44.743482,41.213367],[44.743279,41.214151],[44.742558,41.214482],[44.741439,41.214509],[44.740481,41.214266],[44.739563,41.213781],[44.738728,41.212783],[44.737655,41.211332],[44.736301,41.210092],[44.735066,41.209153],[44.73431,41.208397],[44.734073,41.207703],[44.734077,41.206767],[44.734121,41.205771],[44.734084,41.204926],[44.733207,41.204411],[44.731968,41.204438],[44.730209,41.204676],[44.72929,41.204734],[44.728572,41.20437],[44.727536,41.203704],[44.726458,41.20358],[44.725617,41.204031],[44.725336,41.204302],[44.725414,41.204785],[44.725732,41.205239],[44.726088,41.205964],[44.726086,41.206567],[44.725684,41.207049],[44.725203,41.20738],[44.724362,41.207951],[44.72352,41.208462],[44.723079,41.208944],[44.722997,41.209336],[44.723075,41.209819],[44.723273,41.210212],[44.72403,41.210878],[44.724426,41.211543],[44.725183,41.212178],[44.725579,41.212964],[44.725537,41.213537],[44.725335,41.21405],[44.724975,41.21426],[44.724174,41.21462],[44.723413,41.215011],[44.722971,41.215462],[44.722849,41.215915],[44.722967,41.216488],[44.723243,41.217334],[44.723718,41.218361],[44.724714,41.219118],[44.725752,41.219603],[44.72663,41.219847],[44.727187,41.220361],[44.727185,41.220814],[44.727183,41.221417],[44.727221,41.221961],[44.727777,41.222656],[44.728534,41.223352],[44.72853,41.224288],[44.728127,41.225132],[44.727165,41.225733],[44.726245,41.225851],[44.725366,41.225759],[44.724408,41.225455],[44.723411,41.224879],[44.721497,41.223818],[44.71978,41.223391],[44.717822,41.223266],[44.716024,41.223262],[44.715326,41.222832],[44.715011,41.221785],[44.713931,41.223324],[44.713727,41.223584],[44.713534,41.223788],[44.713288,41.224006],[44.712948,41.224281],[44.712204,41.224839],[44.711729,41.225147],[44.711248,41.225415],[44.710958,41.225552],[44.709743,41.226076],[44.709361,41.226212],[44.708767,41.22638],[44.708296,41.226497],[44.707749,41.226588],[44.706718,41.226724],[44.705053,41.226902],[44.704103,41.226953],[44.699346,41.226998],[44.699468,41.227952],[44.699593,41.228603],[44.699637,41.228781],[44.69975,41.229118],[44.699919,41.229559],[44.700044,41.229787],[44.700174,41.229965],[44.700656,41.230519],[44.701055,41.230899],[44.701375,41.231155],[44.702459,41.231888],[44.703892,41.2327],[44.704296,41.232896],[44.70623,41.233634],[44.709409,41.234727],[44.712193,41.235804],[44.712663,41.236042],[44.712834,41.236138],[44.712901,41.236187],[44.713796,41.236986],[44.715095,41.238188],[44.715527,41.238635],[44.716797,41.240104],[44.719314,41.243189],[44.720187,41.244182],[44.720671,41.244675],[44.721528,41.24543],[44.722366,41.246089],[44.722729,41.246349],[44.723432,41.246793],[44.724172,41.247195],[44.724423,41.247313],[44.72488,41.247481],[44.72605,41.247856],[44.72702,41.248089],[44.727563,41.248178],[44.72809,41.248239],[44.728813,41.248286],[44.72906,41.248281],[44.7299,41.248221],[44.730274,41.248172],[44.730438,41.248141],[44.730696,41.248072],[44.731038,41.247943],[44.731232,41.247853],[44.73206,41.247413],[44.732351,41.24723],[44.732771,41.246966],[44.73342,41.246471],[44.73358,41.246332],[44.733813,41.246102],[44.734027,41.245862],[44.73438,41.2454],[44.734469,41.245228],[44.734537,41.245024],[44.734632,41.244569],[44.734652,41.244428],[44.73468,41.243996],[44.734672,41.243832],[44.734663,41.243737],[44.734543,41.243146],[44.734514,41.243039],[44.734459,41.242902],[44.734401,41.242791],[44.734316,41.242703],[44.734208,41.242626],[44.732864,41.241847],[44.732653,41.241725],[44.731612,41.241058],[44.731138,41.240685],[44.730907,41.240474],[44.730694,41.240222],[44.730642,41.240142],[44.730429,41.239766],[44.730047,41.23892],[44.729781,41.238195],[44.729703,41.237922],[44.729608,41.237421],[44.729569,41.237028],[44.729559,41.236791],[44.729569,41.236592],[44.729624,41.236165],[44.72978,41.235488],[44.729873,41.23517],[44.72993,41.235023],[44.730567,41.233736],[44.741561,41.235727],[44.750454,41.237476],[44.756074,41.238679],[44.759141,41.239409],[44.760901,41.239873],[44.762946,41.240496],[44.763493,41.240689],[44.763956,41.240889],[44.764379,41.241111],[44.765481,41.241815],[44.766399,41.242512],[44.766774,41.24287],[44.767461,41.243652],[44.767848,41.244261],[44.767967,41.244611],[44.768065,41.245047],[44.76812,41.245952],[44.768122,41.246163],[44.768115,41.246373],[44.768084,41.246644],[44.767932,41.247495],[44.767787,41.247871],[44.767564,41.248297],[44.767333,41.248668],[44.766999,41.24914],[44.766735,41.249482],[44.766023,41.250297],[44.765312,41.251027],[44.76102,41.254973],[44.753035,41.261702],[44.751929,41.262591],[44.749289,41.265058],[44.749102,41.265256],[44.748492,41.266026],[44.747771,41.267106],[44.747556,41.267476],[44.747329,41.267963],[44.746945,41.269003],[44.746834,41.269461],[44.74679,41.269816],[44.746744,41.270612],[44.746788,41.271085],[44.746861,41.27146],[44.74693,41.271679],[44.74716,41.272239],[44.748045,41.274119],[44.749038,41.275989],[44.749588,41.27696],[44.75227,41.2817],[44.754683,41.286023],[44.755083,41.286791],[44.756775,41.289851],[44.757821,41.29169],[44.75802,41.292009],[44.758799,41.293153],[44.760176,41.29504],[44.760967,41.295947],[44.762376,41.297332],[44.763349,41.298181],[44.766251,41.300382],[44.768231,41.301902],[44.769022,41.302558],[44.769528,41.303061],[44.769678,41.303253],[44.769851,41.303511],[44.769929,41.303657],[44.770192,41.304306],[44.770296,41.304734],[44.77035,41.305258],[44.770346,41.306206],[44.770319,41.307102],[44.770284,41.307496],[44.770209,41.307824],[44.770129,41.308051],[44.769939,41.30843],[44.769084,41.30985],[44.768383,41.310796],[44.767887,41.311398],[44.767055,41.312287],[44.766177,41.313112],[44.765709,41.313493],[44.765026,41.313982],[44.764427,41.314368],[44.763946,41.31464],[44.763172,41.315026],[44.762014,41.315539],[44.760935,41.315934],[44.760336,41.31612],[44.759467,41.316352],[44.758347,41.316611],[44.754733,41.317311],[44.746454,41.31859],[44.744032,41.319006],[44.743435,41.31913],[44.738819,41.320315],[44.737904,41.320614],[44.73707,41.320966],[44.735801,41.321571],[44.734236,41.322396],[44.733671,41.322728],[44.732636,41.323405],[44.731044,41.324551],[44.729506,41.325944],[44.728765,41.326723],[44.727708,41.327971],[44.726342,41.329882],[44.725458,41.331475],[44.725119,41.332167],[44.724519,41.333647],[44.724319,41.334235],[44.723901,41.335764],[44.723674,41.336805],[44.723566,41.337629],[44.723495,41.338644],[44.723444,41.340175],[44.723537,41.341086],[44.723657,41.341802],[44.723968,41.343169],[44.724487,41.344773],[44.725238,41.346741],[44.725773,41.347781],[44.726202,41.348465],[44.726985,41.349575],[44.728027,41.350792],[44.72863,41.351411],[44.729913,41.352551],[44.732325,41.354531],[44.733138,41.355183],[44.736089,41.357549],[44.736727,41.358121],[44.737498,41.358893],[44.73793,41.359391],[44.739005,41.360771],[44.739163,41.361046],[44.739654,41.362134],[44.739769,41.362456],[44.739908,41.36298],[44.739944,41.363146],[44.73999,41.363606],[44.740025,41.364143],[44.740023,41.364585],[44.739978,41.365355],[44.739903,41.365973],[44.739867,41.366167],[44.739736,41.366648],[44.739545,41.367112],[44.739433,41.367296],[44.739183,41.367577],[44.739005,41.367748],[44.738837,41.36787],[44.738758,41.367922],[44.738416,41.36812],[44.738262,41.368179],[44.738094,41.368236],[44.737798,41.368299],[44.737627,41.368314],[44.737522,41.368321],[44.7372,41.368323],[44.737133,41.368321],[44.736842,41.368302],[44.736682,41.36828],[44.736437,41.368239],[44.736291,41.368207],[44.736172,41.368172],[44.735497,41.367951],[44.735076,41.367779],[44.734917,41.367709],[44.734667,41.367556],[44.729468,41.364619],[44.729184,41.364482],[44.728836,41.364348],[44.728468,41.364234],[44.726401,41.363693],[44.72557,41.363537],[44.72464,41.363405],[44.723458,41.363296],[44.718318,41.362886],[44.71758,41.362862],[44.716945,41.362849],[44.713239,41.362862],[44.712378,41.362886],[44.711741,41.362918],[44.711351,41.362981],[44.710172,41.363227],[44.708711,41.363578],[44.707699,41.36388],[44.706784,41.364198],[44.705543,41.364658],[44.705416,41.36471],[44.702752,41.365789],[44.701987,41.366092],[44.701699,41.366193],[44.70015,41.366594],[44.699499,41.366724],[44.699149,41.366773],[44.698671,41.366792],[44.69727,41.366789],[44.695867,41.366744],[44.69544,41.366712],[44.694945,41.366654],[44.694535,41.366587],[44.693827,41.366429],[44.690799,41.365691],[44.688666,41.365078],[44.684728,41.363838],[44.683979,41.363564],[44.681338,41.362487],[44.679451,41.36162],[44.678425,41.361083],[44.675361,41.359352],[44.672657,41.357584],[44.671829,41.357004],[44.670039,41.355663],[44.665687,41.352404],[44.665159,41.35203],[44.664584,41.351659],[44.66407,41.351361],[44.663123,41.350871],[44.660262,41.349585],[44.658759,41.348974],[44.653473,41.347048],[44.651517,41.346457],[44.648232,41.345364],[44.647137,41.344949],[44.645928,41.344413],[44.643896,41.343424],[44.643098,41.342989],[44.642255,41.34247],[44.640116,41.340969],[44.637614,41.339118],[44.63679,41.338452],[44.636361,41.338035],[44.63505,41.336647],[44.632938,41.334249],[44.632202,41.333236],[44.630558,41.330488],[44.629806,41.32904],[44.629574,41.32854],[44.629046,41.326919],[44.628852,41.326199],[44.628668,41.325355],[44.628363,41.323516],[44.628028,41.321148],[44.627812,41.319947],[44.627689,41.319445],[44.62725,41.317914],[44.627037,41.317254],[44.626707,41.316452],[44.6265,41.316096],[44.626281,41.315782],[44.625562,41.314882],[44.625351,41.314668],[44.624533,41.313961],[44.624198,41.313744],[44.623871,41.313563],[44.623368,41.313322],[44.62159,41.312627],[44.619593,41.311974],[44.614914,41.310683],[44.613189,41.310253],[44.608113,41.309097],[44.605312,41.308514],[44.603774,41.308199],[44.600762,41.307679],[44.599687,41.307577],[44.599017,41.307526],[44.596588,41.307452],[44.596194,41.307465],[44.595557,41.307525],[44.59395,41.307813],[44.593368,41.30794],[44.592857,41.308102],[44.592436,41.308273],[44.591333,41.308816],[44.590877,41.309065],[44.590306,41.309448],[44.589504,41.310061],[44.588834,41.310659],[44.588586,41.310963],[44.588391,41.311332],[44.588234,41.31177],[44.588174,41.31224],[44.58818,41.312686],[44.58826,41.313159],[44.588494,41.314006],[44.588724,41.314622],[44.58877,41.31466],[44.588856,41.314767],[44.589057,41.315057],[44.589532,41.316061],[44.5897,41.316234],[44.590138,41.31659],[44.590946,41.317134],[44.591937,41.31769],[44.592535,41.31793],[44.593034,41.318097],[44.594892,41.318617],[44.596088,41.318875],[44.597098,41.31903],[44.598191,41.31916],[44.599422,41.319256],[44.602935,41.31948],[44.603268,41.319501],[44.605813,41.31971],[44.608257,41.317346],[44.608763,41.316788],[44.60897,41.316525],[44.609252,41.316106],[44.60941,41.315832],[44.609661,41.315396],[44.609695,41.315329],[44.609775,41.314994],[44.609761,41.314562],[44.609689,41.313975],[44.609565,41.313513],[44.609479,41.313319],[44.608884,41.31198],[44.608847,41.311768],[44.608859,41.311535],[44.608954,41.311368],[44.609078,41.311304],[44.60921,41.311283],[44.609283,41.311299],[44.609482,41.311411],[44.609651,41.311516],[44.610143,41.311955],[44.610492,41.312208],[44.610722,41.312325],[44.611127,41.312464],[44.611653,41.312598],[44.612582,41.312766],[44.613006,41.312893],[44.613173,41.312974],[44.613296,41.313069],[44.613425,41.313214],[44.613484,41.313392],[44.613653,41.314014],[44.613833,41.314912],[44.613844,41.315094],[44.613801,41.315319],[44.613681,41.315557],[44.613585,41.315685],[44.613497,41.315753],[44.613342,41.315873],[44.613165,41.315944],[44.61297,41.315993],[44.612012,41.316085],[44.611312,41.316172],[44.611196,41.316197],[44.611086,41.316268],[44.610943,41.316387],[44.61084,41.3165],[44.610525,41.316933],[44.608987,41.31963],[44.608733,41.320046],[44.609135,41.320098],[44.609673,41.320183],[44.610243,41.320301],[44.610631,41.320396],[44.611254,41.320607],[44.611902,41.32085],[44.613325,41.321476],[44.613777,41.321706],[44.614128,41.321939],[44.61536,41.322993],[44.615872,41.32348],[44.617243,41.324958],[44.617656,41.325446],[44.618127,41.326108],[44.618442,41.326679],[44.618968,41.327872],[44.619167,41.328396],[44.619494,41.329489],[44.61957,41.329924],[44.619665,41.330879],[44.619652,41.332474],[44.61957,41.332969],[44.619429,41.333586],[44.619169,41.334471],[44.61865,41.335898],[44.617921,41.337761],[44.617693,41.338243],[44.617302,41.33897],[44.617052,41.339373],[44.617123,41.339426],[44.623498,41.344374],[44.629668,41.348735],[44.63102,41.349737],[44.632764,41.351334],[44.635455,41.353798],[44.637768,41.355941],[44.639052,41.357005],[44.644492,41.361456],[44.647044,41.363366],[44.648059,41.36405],[44.650873,41.365784],[44.651574,41.366182],[44.654711,41.367719],[44.655791,41.368196],[44.657149,41.368691],[44.658727,41.369205],[44.659229,41.369343],[44.660138,41.369557],[44.660778,41.369693],[44.661817,41.369889],[44.662139,41.369947],[44.664057,41.370221],[44.665657,41.370352],[44.673403,41.370759],[44.679921,41.371084],[44.681417,41.371117],[44.683931,41.371146],[44.696318,41.370913],[44.698184,41.3709],[44.707091,41.370867],[44.70762,41.370881],[44.708537,41.370928],[44.710919,41.371084],[44.711796,41.371163],[44.712629,41.371262],[44.713916,41.371441],[44.715384,41.371671],[44.715939,41.371772],[44.716907,41.371977],[44.721169,41.373045],[44.721641,41.373184],[44.722048,41.373321],[44.722894,41.373638],[44.723923,41.374051],[44.725624,41.374738],[44.727744,41.375656],[44.728456,41.375988],[44.729425,41.376492],[44.730964,41.377406],[44.731514,41.377764],[44.732001,41.378119],[44.732936,41.378859],[44.733536,41.379381],[44.734167,41.379975],[44.734549,41.380359],[44.735389,41.381335],[44.735477,41.381452],[44.735598,41.381634],[44.735861,41.382106],[44.736033,41.382435],[44.736125,41.382639],[44.736169,41.38276],[44.73635,41.38338],[44.73638,41.383488],[44.736405,41.383645],[44.736464,41.384154],[44.736485,41.384468],[44.736529,41.385108],[44.736485,41.385639],[44.736461,41.385779],[44.736421,41.385946],[44.73638,41.386081],[44.736214,41.386584],[44.736145,41.386757],[44.736008,41.387046],[44.735855,41.387326],[44.734869,41.388965],[44.734783,41.389156],[44.734715,41.389357],[44.734644,41.389686],[44.734622,41.389858],[44.734628,41.389976],[44.734712,41.390269],[44.734765,41.390375],[44.735039,41.390827],[44.735118,41.390938],[44.735359,41.391228],[44.735749,41.391577],[44.736089,41.391858],[44.736425,41.392095],[44.737151,41.392561],[44.739115,41.393761],[44.74047,41.394609],[44.741512,41.395301],[44.742195,41.395816],[44.742576,41.39612],[44.742775,41.396311],[44.742836,41.39641],[44.742908,41.396636],[44.742932,41.396775],[44.742945,41.396991],[44.742914,41.397143],[44.742877,41.397254],[44.742841,41.39734],[44.742644,41.397706],[44.742532,41.39788],[44.742331,41.398193],[44.742169,41.398292],[44.742088,41.39831],[44.741957,41.398323],[44.741724,41.398333],[44.740323,41.39838],[44.739865,41.398395],[44.739746,41.398406],[44.739552,41.398461],[44.739431,41.398532],[44.739306,41.39864],[44.739193,41.398789],[44.739128,41.398895],[44.739088,41.399003],[44.73901,41.399302],[44.738938,41.399743],[44.738852,41.400388],[44.73878,41.400838],[44.738712,41.401118],[44.738505,41.401636],[44.738205,41.402448],[44.73813,41.402675],[44.738053,41.403074],[44.73801,41.403432],[44.738007,41.403812],[44.738046,41.404052],[44.738125,41.404212],[44.738377,41.404532],[44.738513,41.404672],[44.738737,41.40487],[44.738919,41.405012],[44.739112,41.405116],[44.739222,41.405149],[44.739746,41.405249],[44.740153,41.40531],[44.740413,41.405369],[44.740564,41.405413],[44.740666,41.405478],[44.741968,41.406575],[44.744101,41.408183],[44.747346,41.410242],[44.748086,41.410664],[44.750438,41.411837],[44.752206,41.412879],[44.752677,41.413206],[44.756032,41.416066],[44.757274,41.417093],[44.757985,41.417575],[44.758234,41.417722],[44.758467,41.417841],[44.758698,41.41793],[44.759079,41.418046],[44.75937,41.418112],[44.759608,41.41815],[44.760156,41.418204],[44.760379,41.418203],[44.760736,41.418182],[44.760964,41.418131],[44.761346,41.418014],[44.761774,41.417821],[44.76409,41.416456],[44.764951,41.415917],[44.766394,41.414983],[44.77166,41.411345],[44.772209,41.411001],[44.772336,41.410929],[44.772622,41.410778],[44.772743,41.410725],[44.772863,41.41068],[44.773322,41.410551],[44.773422,41.410528],[44.773843,41.410445],[44.774539,41.410326],[44.775291,41.410208],[44.776393,41.410063],[44.776661,41.410031],[44.777163,41.409991],[44.778029,41.409921],[44.778374,41.409918],[44.778697,41.409934],[44.78037,41.410053],[44.780804,41.410084],[44.780939,41.410079],[44.781438,41.410028],[44.781825,41.409962],[44.781948,41.40993],[44.782041,41.409897],[44.782127,41.409855],[44.782935,41.409312],[44.783128,41.409204],[44.78335,41.409119],[44.783533,41.409082],[44.783664,41.409069],[44.784028,41.409073],[44.784188,41.409104],[44.784331,41.409147],[44.78444,41.409195],[44.784541,41.409324],[44.784577,41.409417],[44.784691,41.409712],[44.784732,41.409862],[44.784831,41.410611],[44.784958,41.41196],[44.784969,41.412157],[44.78496,41.412705],[44.784928,41.412942],[44.784844,41.41331],[44.784753,41.413583],[44.784689,41.413735],[44.784623,41.413861],[44.784515,41.414036],[44.784407,41.41419],[44.784322,41.414292],[44.784154,41.414461],[44.78392,41.414671],[44.783708,41.41483],[44.783481,41.414969],[44.782797,41.415295],[44.782145,41.415535],[44.78171,41.415696],[44.781598,41.415886],[44.78151,41.41619],[44.781509,41.416524],[44.781441,41.417063],[44.781364,41.417203],[44.779896,41.418146],[44.779809,41.418248],[44.779751,41.418334],[44.779696,41.418451],[44.779664,41.418688],[44.779677,41.41913],[44.779756,41.420015],[44.779779,41.420197],[44.779793,41.420458],[44.779801,41.420846],[44.77978,41.420969],[44.779746,41.421147],[44.779709,41.421283],[44.779674,41.421354],[44.779634,41.421416],[44.779567,41.421494],[44.779331,41.42169],[44.779244,41.421751],[44.779049,41.421848],[44.778918,41.42187],[44.778834,41.421874],[44.778734,41.421861],[44.778569,41.421818],[44.778464,41.421782],[44.77825,41.421694],[44.778007,41.421581],[44.777534,41.421358],[44.776769,41.421014],[44.776415,41.420879],[44.776089,41.420775],[44.775652,41.420657],[44.775317,41.420596],[44.775213,41.420617],[44.775108,41.420652],[44.774989,41.420741],[44.773954,41.421759],[44.773621,41.422048],[44.773438,41.422178],[44.773308,41.422256],[44.773064,41.422352],[44.772958,41.422386],[44.772752,41.422433],[44.772557,41.422451],[44.77226,41.422434],[44.772015,41.422356],[44.771918,41.422286],[44.771856,41.422224],[44.77177,41.422124],[44.771707,41.422016],[44.771586,41.421714],[44.771408,41.421269],[44.771239,41.420745],[44.771152,41.420534],[44.771088,41.420425],[44.77102,41.420335],[44.770962,41.420273],[44.770852,41.420182],[44.770726,41.420092],[44.770619,41.42004],[44.770507,41.420001],[44.770353,41.419952],[44.770222,41.419933],[44.769963,41.419913],[44.769103,41.419884],[44.767036,41.419858],[44.766571,41.419869],[44.766065,41.419908],[44.765644,41.419991],[44.765233,41.420083],[44.76504,41.42015],[44.764628,41.42032],[44.764212,41.420517],[44.763621,41.420825],[44.763395,41.420957],[44.763204,41.421096],[44.762933,41.421356],[44.76198,41.422379],[44.761475,41.422922],[44.76131,41.423038],[44.761162,41.423109],[44.760926,41.423196],[44.760849,41.423217],[44.760448,41.423294],[44.760337,41.423311],[44.75997,41.423342],[44.759461,41.423323],[44.75912,41.423299],[44.758949,41.423273],[44.758607,41.423192],[44.757617,41.422926],[44.756959,41.422826],[44.756648,41.422789],[44.756475,41.422787],[44.756386,41.422801],[44.756291,41.422833],[44.756176,41.422881],[44.75608,41.422928],[44.756006,41.422984],[44.755947,41.423059],[44.755913,41.423123],[44.755866,41.423272],[44.755834,41.423443],[44.755773,41.424194],[44.755752,41.425236],[44.755717,41.425398],[44.755683,41.425468],[44.755645,41.42552],[44.755579,41.425578],[44.755454,41.425667],[44.755348,41.425724],[44.755262,41.425763],[44.75135,41.427261],[44.749753,41.427873],[44.749182,41.428095],[44.748911,41.428207],[44.748721,41.428274],[44.748458,41.428346],[44.748213,41.428398],[44.748042,41.428428],[44.747238,41.42853],[44.746945,41.428562],[44.746757,41.428591],[44.746409,41.428655],[44.746224,41.428708],[44.746056,41.428762],[44.74596,41.428803],[44.745734,41.428924],[44.745562,41.429039],[44.745265,41.42922],[44.745043,41.429341],[44.744923,41.429399],[44.744838,41.429438],[44.744669,41.429498],[44.744132,41.429632],[44.74394,41.429667],[44.743837,41.429676],[44.74343,41.429684],[44.743343,41.429665],[44.743205,41.429621],[44.743116,41.429562],[44.743078,41.42953],[44.742988,41.429402],[44.74296,41.429343],[44.742931,41.429215],[44.742919,41.429124],[44.742911,41.428944],[44.742922,41.428725],[44.742945,41.428581],[44.742987,41.428421],[44.743051,41.428269],[44.743101,41.428183],[44.743173,41.428076],[44.743465,41.427735],[44.744106,41.427048],[44.744408,41.426706],[44.744522,41.426557],[44.744574,41.426468],[44.744628,41.426323],[44.744657,41.426211],[44.744698,41.425957],[44.744704,41.425732],[44.744673,41.425582],[44.744572,41.42546],[44.744457,41.42542],[44.744378,41.425411],[44.744253,41.425419],[44.744122,41.425434],[44.741069,41.426442],[44.740843,41.426493],[44.74071,41.426506],[44.740464,41.4265],[44.740386,41.426477],[44.740293,41.42643],[44.740199,41.426364],[44.740083,41.426251],[44.739987,41.42614],[44.738841,41.42451],[44.738607,41.424153],[44.738194,41.423523],[44.738014,41.422981],[44.737807,41.421816],[44.737745,41.421692],[44.737655,41.421586],[44.737558,41.421505],[44.737248,41.421343],[44.737068,41.421291],[44.736896,41.421259],[44.736686,41.421246],[44.736231,41.42123],[44.735591,41.421222],[44.732986,41.421212],[44.732764,41.421217],[44.73244,41.421245],[44.732285,41.421267],[44.732184,41.421288],[44.731962,41.421338],[44.731175,41.421574],[44.730631,41.421737],[44.730511,41.421769],[44.730358,41.4218],[44.730161,41.421834],[44.729665,41.42189],[44.728823,41.421956],[44.727889,41.42203],[44.727439,41.422081],[44.727347,41.422096],[44.727252,41.422122],[44.727148,41.422186],[44.727071,41.422263],[44.727023,41.422427],[44.727068,41.422892],[44.72716,41.424095],[44.727227,41.424582],[44.727264,41.424755],[44.727322,41.424903],[44.72749,41.425139],[44.727632,41.425323],[44.727553,41.425382],[44.725387,41.426935],[44.725178,41.427061],[44.725016,41.427138],[44.724876,41.427186],[44.724713,41.427212],[44.724612,41.427202],[44.724509,41.42718],[44.724341,41.427127],[44.724238,41.427074],[44.724149,41.427017],[44.724027,41.426895],[44.72396,41.426802],[44.722681,41.424747],[44.722448,41.424486],[44.722363,41.424405],[44.722241,41.424305],[44.722172,41.424268],[44.72192,41.42418],[44.721803,41.42416],[44.721669,41.424138],[44.721518,41.424141],[44.721271,41.424163],[44.72102,41.424235],[44.720878,41.424288],[44.720809,41.424326],[44.720616,41.424458],[44.720528,41.424548],[44.720349,41.424778],[44.720285,41.424918],[44.72024,41.425073],[44.720124,41.425621],[44.720105,41.42578],[44.720108,41.426219],[44.72013,41.42646],[44.720193,41.426772],[44.72032,41.427211],[44.720573,41.427928],[44.720774,41.428495],[44.720816,41.428739],[44.720791,41.429319],[44.720753,41.429428],[44.720697,41.429509],[44.720609,41.4296],[44.720451,41.429722],[44.720152,41.429873],[44.719991,41.429943],[44.719457,41.430146],[44.718728,41.430362],[44.717247,41.430777],[44.716736,41.430889],[44.714291,41.431288],[44.713022,41.431496],[44.712971,41.431507],[44.712828,41.431565],[44.712703,41.431635],[44.712535,41.431811],[44.712479,41.431905],[44.712451,41.432058],[44.712496,41.432257],[44.712545,41.432367],[44.71269,41.432581],[44.71275,41.432647],[44.713105,41.43294],[44.713445,41.433221],[44.714245,41.433882],[44.714432,41.434057],[44.71449,41.434137],[44.714547,41.434279],[44.71458,41.434417],[44.714621,41.434636],[44.714633,41.434884],[44.71466,41.435439],[44.714656,41.435826],[44.714611,41.436157],[44.714532,41.436406],[44.714416,41.436622],[44.713963,41.437462],[44.713925,41.437549],[44.713757,41.437969],[44.713728,41.438079],[44.713654,41.438625],[44.713639,41.439769],[44.713693,41.440446],[44.713811,41.4413],[44.713869,41.441587],[44.713929,41.441777],[44.713987,41.441895],[44.714038,41.441953],[44.714194,41.442083],[44.714345,41.442171],[44.714443,41.442216],[44.714591,41.442259],[44.714755,41.442287],[44.715026,41.442302],[44.715189,41.442276],[44.715485,41.442203],[44.71569,41.442119],[44.715912,41.442009],[44.716321,41.441793],[44.717698,41.441067],[44.718413,41.440719],[44.71852,41.440671],[44.719118,41.440447],[44.719881,41.440196],[44.720355,41.440041],[44.721632,41.439621],[44.722474,41.439369],[44.722644,41.439324],[44.722733,41.439311],[44.722851,41.439303],[44.722961,41.439303],[44.72322,41.439336],[44.723339,41.43937],[44.723495,41.439451],[44.723534,41.439507],[44.723571,41.439599],[44.723577,41.439722],[44.723556,41.439793],[44.723475,41.439916],[44.723218,41.440224],[44.72281,41.440651],[44.722591,41.440939],[44.722545,41.441042],[44.722507,41.441256],[44.722544,41.441449],[44.722615,41.441565],[44.722862,41.441788],[44.723062,41.441943],[44.723789,41.442426],[44.724603,41.442939],[44.725623,41.443582],[44.726358,41.444179],[44.726537,41.444324],[44.726656,41.4444],[44.726782,41.444438],[44.726937,41.444449],[44.727053,41.444445],[44.727643,41.444335],[44.728656,41.444087],[44.729202,41.44393],[44.729636,41.443788],[44.730606,41.44347],[44.730879,41.443395],[44.731297,41.443309],[44.731547,41.443273],[44.735388,41.442892],[44.735746,41.44291],[44.73601,41.44298],[44.736308,41.443128],[44.738984,41.445419],[44.739897,41.446304],[44.740375,41.446691],[44.740613,41.446829],[44.74079,41.446886],[44.741333,41.447051],[44.741749,41.447141],[44.743159,41.447346],[44.743814,41.4474],[44.744616,41.447466],[44.745493,41.447562],[44.747413,41.448032],[44.749266,41.448486],[44.750319,41.448744],[44.750851,41.448876],[44.751085,41.448967],[44.751247,41.449144],[44.751521,41.449749],[44.751991,41.452577],[44.752025,41.453188],[44.751984,41.453876],[44.751872,41.454338],[44.751174,41.456494],[44.75032,41.458704],[44.749491,41.460625],[44.748027,41.464046],[44.74706,41.466153],[44.746314,41.467778],[44.746262,41.467931],[44.746205,41.468193],[44.74621,41.468292],[44.746336,41.468696],[44.746402,41.468819],[44.746853,41.469283],[44.746935,41.469421],[44.746952,41.469467],[44.747002,41.469734],[44.747046,41.470611],[44.747,41.470893],[44.746933,41.471043],[44.746831,41.471184],[44.7467,41.47129],[44.746565,41.471351],[44.746302,41.471422],[44.746036,41.471472],[44.745023,41.471592],[44.744832,41.471688],[44.744723,41.471836],[44.741965,41.477919],[44.741195,41.479325],[44.740975,41.479653],[44.740158,41.480981],[44.739576,41.481842],[44.73924,41.482281],[44.738375,41.483308],[44.737504,41.484233],[44.737217,41.48448],[44.73704,41.484613],[44.73691,41.48469],[44.734412,41.485733],[44.733906,41.485971],[44.73289,41.486473],[44.729536,41.488276],[44.728919,41.488608],[44.728769,41.488718],[44.728576,41.488901],[44.728387,41.489132],[44.728191,41.489484],[44.728061,41.489747],[44.727829,41.490405],[44.727752,41.490829],[44.727618,41.491867],[44.725172,41.490705],[44.724934,41.490587],[44.717479,41.486807],[44.713892,41.484988],[44.712929,41.484552],[44.71269,41.48446],[44.712153,41.484291],[44.711356,41.484113],[44.710291,41.4839],[44.709515,41.483775],[44.709075,41.483733],[44.707922,41.483667],[44.707086,41.483682],[44.706629,41.483713],[44.706219,41.483777],[44.705041,41.484001],[44.703418,41.48439],[44.702862,41.484487],[44.702438,41.484546],[44.700841,41.484603],[44.699368,41.484597],[44.698812,41.484559],[44.698371,41.484495],[44.697333,41.484284],[44.696638,41.48411],[44.695868,41.483917],[44.695455,41.483852],[44.6951,41.483841],[44.69481,41.483883],[44.69465,41.483936],[44.694466,41.484027],[44.694126,41.484254],[44.693884,41.48449],[44.692886,41.48558],[44.692593,41.4859],[44.692463,41.486029],[44.691568,41.486843],[44.691341,41.487007],[44.690776,41.487365],[44.690458,41.487546],[44.689604,41.487983],[44.689126,41.488189],[44.688801,41.488313],[44.688514,41.488393],[44.68745,41.48865],[44.687163,41.488693],[44.686821,41.488739],[44.685951,41.488802],[44.685005,41.488836],[44.678967,41.488827],[44.67835,41.488841],[44.675894,41.488939],[44.675323,41.488992],[44.675017,41.489037],[44.674025,41.489231],[44.673389,41.489381],[44.672735,41.489602],[44.672253,41.4898],[44.670569,41.490552],[44.668392,41.491609],[44.665814,41.492862],[44.665343,41.493015],[44.664752,41.493136],[44.66448,41.493178],[44.663398,41.493295],[44.662684,41.493328],[44.661224,41.493344],[44.657776,41.493235],[44.654968,41.493145],[44.654312,41.493158],[44.653582,41.493221],[44.652446,41.493363],[44.644345,41.494793],[44.643686,41.49488],[44.643006,41.494941],[44.64155,41.495023],[44.637397,41.495067],[44.636685,41.49505],[44.635051,41.494909],[44.634101,41.494797],[44.633381,41.494676],[44.633049,41.494608],[44.63236,41.494449],[44.631965,41.494346],[44.631205,41.494131],[44.630137,41.493807],[44.629664,41.493647],[44.629115,41.493436],[44.624237,41.491225],[44.623478,41.490881],[44.623485,41.490966],[44.623575,41.493195],[44.623666,41.49561],[44.623799,41.497136],[44.624038,41.498554],[44.624434,41.5],[44.624632,41.500499],[44.625016,41.501168],[44.625461,41.501713],[44.626397,41.502713],[44.627429,41.503649],[44.628447,41.504403],[44.628917,41.504636],[44.630707,41.50527],[44.631881,41.505628],[44.632639,41.505795],[44.635425,41.506239],[44.637431,41.506492],[44.638821,41.506621],[44.641685,41.50681],[44.646056,41.506992],[44.652795,41.507005],[44.655731,41.506976],[44.682256,41.507093],[44.683862,41.507124],[44.70116,41.507593],[44.703017,41.507703],[44.704921,41.507858],[44.70568,41.507948],[44.706269,41.50805],[44.707197,41.508242],[44.708102,41.508474],[44.709159,41.508786],[44.709894,41.509044],[44.710704,41.509397],[44.711474,41.509758],[44.711915,41.509989],[44.71291,41.510591],[44.713687,41.51113],[44.714261,41.511626],[44.714869,41.512247],[44.71552,41.512989],[44.71603,41.513708],[44.716275,41.514141],[44.716514,41.51474],[44.717005,41.516385],[44.717167,41.517141],[44.717235,41.517853],[44.717247,41.519157],[44.717164,41.520589],[44.717096,41.521218],[44.716981,41.521796],[44.716753,41.522651],[44.716225,41.524078],[44.716084,41.524387],[44.715506,41.525487],[44.715247,41.525913],[44.715109,41.526112],[44.714019,41.527508],[44.711671,41.530135],[44.71089,41.530931],[44.710425,41.531351],[44.709919,41.531757],[44.709447,41.532104],[44.705984,41.534527],[44.704184,41.535597],[44.703092,41.536158],[44.702114,41.536603],[44.701494,41.536857],[44.700567,41.537224],[44.696457,41.538749],[44.694721,41.539304],[44.69227,41.53996],[44.687873,41.540979],[44.683828,41.541847],[44.68286,41.542026],[44.673272,41.543457],[44.667243,41.544356],[44.66324,41.544965],[44.661651,41.545241],[44.653914,41.546697],[44.651238,41.547242],[44.643008,41.549061],[44.631537,41.551843],[44.630475,41.552134],[44.629166,41.552553],[44.593884,41.564957],[44.588879,41.566791],[44.587972,41.567164],[44.587206,41.567515],[44.584967,41.56871],[44.583379,41.569689],[44.582993,41.569956],[44.581486,41.571115],[44.580012,41.57248],[44.57918,41.573424],[44.578852,41.573933],[44.57867,41.57432],[44.578344,41.575252],[44.578234,41.575753],[44.578158,41.576559],[44.578154,41.577133],[44.578237,41.577784],[44.578344,41.578284],[44.578616,41.579033],[44.578868,41.579529],[44.579196,41.580038],[44.579977,41.581023],[44.581009,41.582112],[44.582113,41.583105],[44.582779,41.583579],[44.585003,41.584832],[44.585711,41.585133],[44.58848,41.586092],[44.590163,41.586562],[44.591506,41.586874],[44.592442,41.587071],[44.595956,41.58751],[44.597079,41.587574],[44.598721,41.587599],[44.600465,41.587554],[44.602086,41.587455],[44.603505,41.587318],[44.605861,41.58702],[44.611495,41.586164],[44.612706,41.585963],[44.619279,41.584996],[44.621198,41.584783],[44.623057,41.584648],[44.627264,41.584456],[44.628664,41.584445],[44.630439,41.584488],[44.633752,41.584768],[44.635773,41.584979],[44.638096,41.585399],[44.643334,41.586556],[44.645718,41.587161],[44.652124,41.589108],[44.653661,41.589603],[44.653678,41.589586],[44.653754,41.589509],[44.65384,41.589414],[44.653912,41.589322],[44.653943,41.589277],[44.653972,41.589233],[44.653997,41.589188],[44.65402,41.589144],[44.654115,41.588948],[44.654142,41.588883],[44.654162,41.588824],[44.654177,41.588767],[44.654185,41.588714],[44.654187,41.588665],[44.654182,41.58862],[44.654167,41.588571],[44.654142,41.58852],[44.654107,41.588468],[44.654062,41.588414],[44.653265,41.587807],[44.653226,41.587787],[44.653184,41.587767],[44.65314,41.587749],[44.653094,41.587732],[44.652995,41.587702],[44.652885,41.587676],[44.652783,41.587656],[44.652666,41.587638],[44.65255,41.587623],[44.652247,41.587587],[44.652081,41.587563],[44.651995,41.587548],[44.651917,41.587531],[44.651843,41.587513],[44.651775,41.587493],[44.651497,41.587404],[44.651313,41.587342],[44.651149,41.587282],[44.651004,41.587223],[44.650868,41.587161],[44.650805,41.58713],[44.650746,41.587098],[44.65069,41.587066],[44.650637,41.587033],[44.650587,41.586999],[44.65054,41.586965],[44.650451,41.586892],[44.650364,41.586813],[44.65028,41.586729],[44.650201,41.586639],[44.650127,41.586545],[44.650058,41.586447],[44.649996,41.586348],[44.649941,41.586248],[44.649889,41.586136],[44.649844,41.586021],[44.649807,41.585903],[44.649779,41.585783],[44.64976,41.585664],[44.649749,41.585546],[44.649748,41.58543],[44.649755,41.585318],[44.649764,41.585255],[44.649778,41.585189],[44.649796,41.58512],[44.649819,41.585047],[44.649845,41.584974],[44.649877,41.584893],[44.649981,41.584651],[44.650061,41.584477],[44.650152,41.584302],[44.650253,41.584126],[44.650365,41.58395],[44.650487,41.583774],[44.650618,41.583598],[44.650759,41.583422],[44.650909,41.583248],[44.651211,41.582898],[44.651297,41.582805],[44.651378,41.582725],[44.651468,41.582645],[44.651557,41.582576],[44.651602,41.582544],[44.651647,41.582515],[44.651692,41.582489],[44.651739,41.582464],[44.651827,41.582422],[44.651922,41.582383],[44.652023,41.582345],[44.65213,41.582311],[44.652242,41.582279],[44.652358,41.582251],[44.652477,41.582226],[44.652597,41.582205],[44.652682,41.582192],[44.652768,41.582181],[44.652854,41.582172],[44.65294,41.582165],[44.653026,41.58216],[44.653111,41.582157],[44.653195,41.582156],[44.653278,41.582157],[44.653359,41.582159],[44.653438,41.582164],[44.653515,41.582171],[44.65359,41.582179],[44.653663,41.58219],[44.653733,41.582202],[44.653801,41.582216],[44.653867,41.582232],[44.653937,41.582253],[44.654009,41.58228],[44.654084,41.582312],[44.654161,41.582349],[44.654227,41.582385],[44.6543,41.582426],[44.654609,41.582611],[44.654684,41.582652],[44.654753,41.582688],[44.654916,41.582772],[44.655291,41.582981],[44.655387,41.58303],[44.655475,41.583073],[44.655585,41.583121],[44.65569,41.58316],[44.655793,41.583191],[44.655893,41.583215],[44.655972,41.58323],[44.656057,41.583242],[44.656148,41.583251],[44.656245,41.583258],[44.656344,41.583262],[44.656454,41.583265],[44.656781,41.583266],[44.657057,41.583272],[44.657172,41.583271],[44.657232,41.583268],[44.657287,41.583262],[44.657337,41.583254],[44.657384,41.583244],[44.65745,41.583224],[44.657516,41.583199],[44.657584,41.583168],[44.657652,41.583132],[44.657721,41.58309],[44.657789,41.583043],[44.657858,41.582992],[44.657926,41.582936],[44.657988,41.582877],[44.658047,41.582812],[44.658104,41.582742],[44.658156,41.582666],[44.658296,41.58222],[44.658329,41.582014],[44.658477,41.581096],[44.658534,41.580837],[44.658595,41.580578],[44.65866,41.580319],[44.658729,41.580061],[44.658803,41.579803],[44.658881,41.579545],[44.658963,41.579288],[44.65905,41.579032],[44.659161,41.578715],[44.659269,41.578418],[44.659376,41.578135],[44.659483,41.577865],[44.65959,41.577605],[44.659698,41.577354],[44.659807,41.577111],[44.659918,41.576876],[44.660032,41.576646],[44.660148,41.576423],[44.660266,41.576206],[44.660387,41.575995],[44.66051,41.575789],[44.660636,41.57559],[44.660765,41.575395],[44.660898,41.575206],[44.661285,41.574657],[44.661465,41.574409],[44.661651,41.574163],[44.66174,41.574051],[44.661827,41.573946],[44.662265,41.573549],[44.662583,41.573307],[44.663003,41.57305],[44.663576,41.572803],[44.66523,41.572142],[44.665387,41.572084],[44.665531,41.572024],[44.665665,41.571964],[44.66579,41.571903],[44.665953,41.571815],[44.666116,41.571724],[44.667011,41.571054],[44.667919,41.570239],[44.669265,41.56886],[44.670839,41.567073],[44.671649,41.565985],[44.671742,41.565823],[44.67183,41.565662],[44.671914,41.565502],[44.671992,41.565343],[44.672066,41.56518],[44.672133,41.565008],[44.672196,41.564826],[44.672255,41.564631],[44.6733,41.561732],[44.673637,41.561062],[44.676174,41.557565],[44.676346,41.55742],[44.676522,41.557332],[44.67707,41.557128],[44.678427,41.556812],[44.680951,41.556224],[44.681163,41.556164],[44.681364,41.556103],[44.681555,41.556041],[44.681737,41.555978],[44.681872,41.555929],[44.682011,41.555875],[44.682157,41.555815],[44.682311,41.555749],[44.682595,41.555623],[44.683283,41.555307],[44.683472,41.555223],[44.683645,41.55515],[44.684947,41.554607],[44.68533,41.55445],[44.685675,41.55431],[44.686033,41.554168],[44.686369,41.554037],[44.686692,41.553915],[44.687002,41.553801],[44.687324,41.553686],[44.687637,41.553579],[44.687943,41.553479],[44.688243,41.553385],[44.688538,41.553297],[44.688828,41.553215],[44.689115,41.553139],[44.689397,41.553068],[44.689933,41.552939],[44.690243,41.552866],[44.690534,41.552801],[44.690799,41.552746],[44.691062,41.552697],[44.691311,41.552656],[44.691549,41.552623],[44.691779,41.552598],[44.69209,41.55257],[44.692354,41.552549],[44.692596,41.552535],[44.69282,41.552527],[44.693035,41.552525],[44.693239,41.552529],[44.693434,41.552539],[44.693619,41.552555],[44.693769,41.552573],[44.693924,41.552596],[44.694084,41.552625],[44.694253,41.552659],[44.694427,41.552699],[44.694615,41.552745],[44.694821,41.552799],[44.695077,41.552869],[44.6952,41.552904],[44.695328,41.552944],[44.695461,41.552988],[44.695602,41.553037],[44.69586,41.553132],[44.69646,41.553362],[44.696615,41.553419],[44.696756,41.553469],[44.696982,41.553548],[44.697552,41.553752],[44.697861,41.553858],[44.698033,41.553914],[44.698195,41.553963],[44.698349,41.554007],[44.698498,41.554046],[44.698668,41.554086],[44.698842,41.554125],[44.699019,41.554161],[44.699201,41.554194],[44.699388,41.554226],[44.699579,41.554255],[44.699776,41.554282],[44.699977,41.554307],[44.700182,41.55433],[44.700394,41.554351],[44.700612,41.554369],[44.700837,41.554386],[44.701069,41.554401],[44.70131,41.554414],[44.701562,41.554426],[44.701828,41.554436],[44.702136,41.554443],[44.702451,41.554445],[44.702774,41.554442],[44.703106,41.554434],[44.703445,41.55442],[44.703795,41.554401],[44.704154,41.554377],[44.704525,41.554347],[44.704843,41.554318],[44.705157,41.554285],[44.705466,41.554249],[44.705771,41.55421],[44.70607,41.554167],[44.706364,41.554121],[44.706654,41.554072],[44.706938,41.55402],[44.707314,41.553945],[44.70767,41.553869],[44.708009,41.553791],[44.708333,41.553711],[44.708645,41.553628],[44.708945,41.553542],[44.709233,41.553452],[44.709511,41.553359],[44.709585,41.55333],[44.70967,41.553291],[44.709766,41.553242],[44.710042,41.553095],[44.710124,41.553055],[44.710194,41.553025],[44.710234,41.553011],[44.71027,41.553],[44.710304,41.552993],[44.710335,41.552988],[44.710363,41.552987],[44.710388,41.552989],[44.710412,41.552995],[44.710432,41.553004],[44.710489,41.553381],[44.710477,41.553741],[44.710372,41.554238],[44.710283,41.554445],[44.710179,41.55467],[44.710059,41.554916],[44.709883,41.555266],[44.709766,41.555488],[44.70949,41.555988],[44.709426,41.556109],[44.709371,41.556218],[44.709156,41.55665],[44.709098,41.556774],[44.709047,41.556884],[44.708998,41.557],[44.708956,41.557109],[44.70892,41.557213],[44.70889,41.557314],[44.708871,41.557388],[44.708856,41.557464],[44.708843,41.557542],[44.708833,41.557622],[44.708826,41.557704],[44.708822,41.557789],[44.708822,41.557878],[44.708823,41.55797],[44.708833,41.558132],[44.708851,41.558313],[44.708874,41.558491],[44.708937,41.558946],[44.708953,41.559077],[44.708965,41.559195],[44.708975,41.559325],[44.70898,41.559447],[44.70898,41.559563],[44.708975,41.559673],[44.708968,41.559844],[44.708964,41.560165],[44.70896,41.560292],[44.708953,41.560422],[44.708942,41.560538],[44.708921,41.560669],[44.708908,41.560731],[44.708892,41.56079],[44.708875,41.560847],[44.708856,41.560902],[44.708834,41.560956],[44.70881,41.561007],[44.708775,41.561074],[44.708736,41.561143],[44.708692,41.561214],[44.708643,41.561286],[44.708589,41.561361],[44.70853,41.561438],[44.708466,41.561518],[44.708395,41.561602],[44.708328,41.561676],[44.708255,41.56175],[44.708177,41.561822],[44.708093,41.561894],[44.708002,41.561966],[44.707905,41.562038],[44.707801,41.562109],[44.707689,41.562182],[44.707595,41.56224],[44.707495,41.562299],[44.70727,41.562425],[44.707043,41.562546],[44.706452,41.562852],[44.706284,41.562943],[44.706136,41.563026],[44.705998,41.563103],[44.705851,41.563181],[44.705693,41.563261],[44.705522,41.563343],[44.70519,41.563495],[44.704566,41.56377],[44.70432,41.563881],[44.704071,41.563997],[44.703852,41.564105],[44.703729,41.564169],[44.703612,41.564233],[44.703501,41.564296],[44.703395,41.564359],[44.703295,41.564422],[44.703198,41.564486],[44.703106,41.56455],[44.703019,41.564615],[44.702863,41.564737],[44.70271,41.564861],[44.702563,41.564987],[44.70242,41.565115],[44.702282,41.565244],[44.70215,41.565374],[44.702024,41.565505],[44.701903,41.565637],[44.701808,41.565748],[44.701713,41.565866],[44.701618,41.565992],[44.70152,41.566129],[44.701428,41.566264],[44.701329,41.566415],[44.701009,41.566921],[44.70093,41.56705],[44.700853,41.567182],[44.700777,41.567318],[44.700704,41.567459],[44.700633,41.567605],[44.700562,41.567756],[44.700493,41.567914],[44.700424,41.568079],[44.700313,41.568361],[44.700197,41.568678],[44.700091,41.568982],[44.699845,41.569709],[44.699716,41.570074],[44.69965,41.570252],[44.699585,41.570419],[44.699521,41.570576],[44.699457,41.570727],[44.699391,41.570874],[44.699324,41.571016],[44.699256,41.571153],[44.699187,41.571285],[44.699116,41.571414],[44.699043,41.571538],[44.698969,41.57166],[44.698892,41.571778],[44.69867,41.572109],[44.698524,41.572323],[44.698387,41.572517],[44.698258,41.572692],[44.698127,41.57286],[44.697999,41.573017],[44.697871,41.573163],[44.697742,41.5733],[44.697644,41.573399],[44.697541,41.573498],[44.697434,41.573597],[44.697323,41.573696],[44.697206,41.573795],[44.697085,41.573895],[44.696959,41.573995],[44.696829,41.574096],[44.696693,41.574196],[44.696553,41.574298],[44.696406,41.5744],[44.696254,41.574504],[44.696096,41.574609],[44.695931,41.574716],[44.695758,41.574826],[44.695577,41.574939],[44.695471,41.575002],[44.695361,41.575066],[44.695129,41.575193],[44.694879,41.575322],[44.694605,41.575455],[44.694365,41.575566],[44.694094,41.575686],[44.693233,41.576059],[44.692944,41.576185],[44.692689,41.5763],[44.692459,41.576408],[44.692201,41.576528],[44.691907,41.576658],[44.691625,41.576778],[44.690969,41.577052],[44.690659,41.577186],[44.690389,41.577306],[44.690148,41.57742],[44.68999,41.577498],[44.689841,41.577575],[44.6897,41.577652],[44.689565,41.577729],[44.689437,41.577807],[44.689315,41.577885],[44.689198,41.577963],[44.689087,41.578043],[44.688966,41.578136],[44.688843,41.578236],[44.688718,41.578345],[44.688586,41.578465],[44.688382,41.578661],[44.687905,41.579137],[44.687685,41.57935],[44.687479,41.57954],[44.687013,41.579965],[44.68681,41.580154],[44.686689,41.58027],[44.686577,41.580379],[44.686474,41.580484],[44.686377,41.580586],[44.686197,41.580784],[44.686016,41.580994],[44.685834,41.581218],[44.685648,41.581457],[44.685463,41.581705],[44.685265,41.58198],[44.685052,41.582284],[44.684748,41.582726],[44.684657,41.582861],[44.684566,41.583002],[44.684473,41.58315],[44.684377,41.583308],[44.684169,41.583663],[44.683742,41.58442],[44.683553,41.584746],[44.683446,41.584924],[44.683345,41.585088],[44.683246,41.585244],[44.683148,41.585391],[44.682805,41.585898],[44.682585,41.586218],[44.682379,41.586509],[44.682187,41.586772],[44.681991,41.587027],[44.681801,41.587264],[44.681612,41.587487],[44.681423,41.587698],[44.681288,41.58784],[44.681144,41.587987],[44.680988,41.588139],[44.680819,41.5883],[44.680654,41.588452],[44.680468,41.588621],[44.679796,41.589219],[44.67935,41.589612],[44.678873,41.590023],[44.678358,41.590457],[44.677788,41.590929],[44.67758,41.591097],[44.677361,41.59127],[44.677127,41.59145],[44.676873,41.591641],[44.676398,41.591991],[44.675247,41.592827],[44.674941,41.593054],[44.674667,41.59326],[44.674384,41.59348],[44.674121,41.593688],[44.673876,41.59389],[44.673645,41.594087],[44.673446,41.594262],[44.673241,41.594448],[44.673029,41.594646],[44.672805,41.594859],[44.672395,41.595258],[44.671779,41.59587],[44.676084,41.597232],[44.679116,41.598055],[44.682225,41.598843],[44.689571,41.600587],[44.692219,41.601146],[44.698045,41.60217],[44.702776,41.602875],[44.705906,41.603228],[44.710689,41.603643],[44.714389,41.603794],[44.721629,41.603951],[44.727491,41.603988],[44.730782,41.603941],[44.734958,41.603741],[44.740159,41.603409],[44.742439,41.603208],[44.744735,41.602924],[44.751868,41.601845],[44.755902,41.601195],[44.757739,41.600855],[44.771333,41.598134],[44.777152,41.59712],[44.783138,41.59615],[44.784397,41.595968],[44.785277,41.595867],[44.786733,41.595742],[44.789495,41.595627],[44.792416,41.595566],[44.79406,41.595609],[44.794992,41.595674],[44.796301,41.595789],[44.797343,41.595912],[44.798074,41.596038],[44.798795,41.596187],[44.799958,41.596479],[44.800463,41.596636],[44.800966,41.596817],[44.80197,41.597246],[44.802712,41.597622],[44.803365,41.597995],[44.803875,41.598317],[44.804634,41.59892],[44.805009,41.599266],[44.805513,41.599772],[44.805788,41.600098],[44.806319,41.600877],[44.806862,41.601771],[44.807085,41.60228],[44.80721,41.602631],[44.80727,41.602878],[44.807323,41.603247],[44.807417,41.604563],[44.807415,41.60521],[44.807389,41.605555],[44.807331,41.606125],[44.80722,41.606911],[44.807163,41.607284],[44.807059,41.607705],[44.806866,41.608363],[44.806606,41.609129],[44.806381,41.609677],[44.806118,41.610239],[44.804998,41.612319],[44.803971,41.614011],[44.802114,41.616726],[44.799322,41.620773],[44.798299,41.622858],[44.797876,41.625691],[44.799722,41.626153],[44.799771,41.626294],[44.799867,41.626569],[44.800131,41.627354],[44.80022,41.627647],[44.800275,41.627861],[44.800415,41.628386],[44.80058,41.629013],[44.800584,41.629032],[44.800595,41.629083],[44.800611,41.629135],[44.800709,41.629248],[44.800754,41.629288],[44.800838,41.629346],[44.802741,41.63059],[44.802805,41.630632],[44.802199,41.631033],[44.801939,41.631207],[44.801722,41.631353],[44.803061,41.63223],[44.803978,41.631609],[44.804115,41.631517],[44.804144,41.63148],[44.804162,41.631491],[44.804624,41.631781],[44.80546,41.632324],[44.806029,41.632672],[44.806155,41.632765],[44.806389,41.6329],[44.808742,41.634445],[44.809133,41.634663],[44.809146,41.63467],[44.809148,41.634713],[44.809006,41.634902],[44.808803,41.635084],[44.808626,41.63527],[44.808469,41.63541],[44.808221,41.635532],[44.807943,41.635548],[44.807559,41.6357],[44.807238,41.635843],[44.806559,41.636227],[44.806459,41.636284],[44.806341,41.63639],[44.806244,41.636512],[44.806123,41.636667],[44.805837,41.6369],[44.805771,41.636955],[44.805532,41.636884],[44.80524,41.636837],[44.805146,41.636899],[44.811383,41.638192],[44.812721,41.638495],[44.814029,41.638765],[44.817872,41.639462],[44.821151,41.640075],[44.821953,41.640244],[44.823936,41.640757],[44.825329,41.641154],[44.826344,41.641469],[44.827032,41.641717],[44.828127,41.642181],[44.82935,41.642784],[44.830406,41.643364],[44.831474,41.644055],[44.832467,41.644822],[44.833352,41.64567],[44.83364,41.645989],[44.834384,41.646886],[44.834505,41.647052],[44.835195,41.648187],[44.835556,41.648913],[44.835884,41.649708],[44.836163,41.65051],[44.836301,41.651094],[44.836548,41.652926],[44.836578,41.654135],[44.83628,41.658704],[44.835899,41.660042],[44.836048,41.660447],[44.836049,41.66054],[44.836049,41.660639],[44.836051,41.660785],[44.836051,41.660785],[44.836116,41.660878],[44.836116,41.660878],[44.836211,41.660967],[44.836314,41.660884],[44.836313,41.66079],[44.836313,41.66079],[44.836235,41.660592],[44.836235,41.660592],[44.836329,41.660463],[44.836538,41.660414],[44.836538,41.660414],[44.836608,41.660544],[44.836702,41.660543],[44.836826,41.660542],[44.836824,41.660379],[44.836914,41.660379],[44.837022,41.660378],[44.837022,41.660378],[44.837078,41.660471],[44.837216,41.66043],[44.837269,41.660341],[44.837129,41.660087],[44.837129,41.660087],[44.837171,41.660064],[44.837273,41.66001],[44.837296,41.659997],[44.837397,41.660193],[44.837397,41.660193],[44.837398,41.660257],[44.837507,41.660351],[44.837598,41.66035],[44.83761,41.660325],[44.837677,41.660187],[44.837595,41.660012],[44.837595,41.660012],[44.837479,41.65979],[44.837479,41.65979],[44.837375,41.659538],[44.837375,41.659538],[44.837373,41.659368],[44.837372,41.659262],[44.837251,41.659169],[44.837251,41.659168],[44.83725,41.659065],[44.837476,41.659064],[44.837637,41.659008],[44.837671,41.658997],[44.837673,41.658997],[44.837913,41.658918],[44.838002,41.658949],[44.838038,41.658962],[44.838056,41.659044],[44.838143,41.659175],[44.838143,41.659175],[44.838337,41.659287],[44.838403,41.659735],[44.838477,41.66017],[44.838479,41.660377],[44.838483,41.66077],[44.838484,41.660888],[44.838341,41.661067],[44.837607,41.661749],[44.837222,41.662224],[44.837049,41.662382],[44.836474,41.663104],[44.836383,41.663521],[44.836238,41.664278],[44.83614,41.664432],[44.835992,41.664961],[44.835911,41.665447],[44.83614,41.66563],[44.83643,41.665628],[44.836654,41.66549],[44.836771,41.665176],[44.836767,41.664773],[44.836605,41.664583],[44.836216,41.664478],[44.836216,41.664478],[44.836282,41.664322],[44.836411,41.664322],[44.836557,41.664321],[44.83663,41.664321],[44.836995,41.664031],[44.837119,41.663838],[44.837343,41.663739],[44.837573,41.663802],[44.837666,41.663855],[44.837774,41.663901],[44.837897,41.6639],[44.838159,41.663655],[44.838331,41.663914],[44.838331,41.663914],[44.8384,41.665566],[44.838644,41.66609],[44.838838,41.666296],[44.83908,41.666361],[44.839246,41.666282],[44.839564,41.665999],[44.83977,41.665642],[44.839488,41.664957],[44.839488,41.664957],[44.839375,41.664683],[44.839375,41.664683],[44.839394,41.664512],[44.839394,41.664512]],[[44.416987,41.445002],[44.417489,41.445004],[44.418038,41.445034],[44.418466,41.44512],[44.419835,41.445482],[44.420658,41.445763],[44.421424,41.446121],[44.422194,41.446555],[44.424097,41.447808],[44.42833,41.450947],[44.437015,41.45789],[44.438259,41.458872],[44.439577,41.458747],[44.439666,41.458728],[44.439822,41.458667],[44.440014,41.458542],[44.440149,41.458386],[44.440227,41.458143],[44.440254,41.457428],[44.440268,41.457071],[44.440254,41.456009],[44.440217,41.455583],[44.440149,41.455276],[44.440051,41.455015],[44.439988,41.454921],[44.439845,41.454745],[44.439782,41.454686],[44.439489,41.454512],[44.439353,41.454455],[44.439151,41.454398],[44.436964,41.45403],[44.436651,41.453981],[44.436437,41.453923],[44.436136,41.453805],[44.435921,41.453694],[44.435479,41.453396],[44.435252,41.453196],[44.435123,41.453076],[44.434919,41.452827],[44.434767,41.452584],[44.434728,41.452494],[44.434629,41.452202],[44.434581,41.451965],[44.434565,41.451466],[44.434582,41.451232],[44.434625,41.451044],[44.434677,41.450932],[44.434759,41.450834],[44.434942,41.450668],[44.435189,41.45052],[44.435264,41.450489],[44.436041,41.450323],[44.436403,41.450259],[44.43735,41.450169],[44.437805,41.450168],[44.438096,41.450185],[44.438285,41.450224],[44.438806,41.450387],[44.43912,41.450507],[44.439628,41.45078],[44.440427,41.451238],[44.440619,41.451349],[44.440746,41.451408],[44.440914,41.451438],[44.441206,41.451439],[44.441607,41.451424],[44.441703,41.451414],[44.441881,41.451364],[44.442128,41.451253],[44.442345,41.45113],[44.442463,41.451053],[44.442631,41.450923],[44.44281,41.450756],[44.44338,41.450134],[44.443717,41.449731],[44.444769,41.448404],[44.444902,41.448226],[44.445037,41.448001],[44.445178,41.447724],[44.445224,41.447582],[44.445264,41.447418],[44.445277,41.447321],[44.445284,41.447115],[44.445244,41.446862],[44.445199,41.446723],[44.445135,41.446595],[44.445076,41.446506],[44.444934,41.446357],[44.444672,41.446149],[44.444381,41.44601],[44.444256,41.445968],[44.4441,41.445931],[44.443928,41.445897],[44.44357,41.445845],[44.443418,41.445828],[44.443147,41.445818],[44.441264,41.445804],[44.439639,41.445825],[44.438901,41.445814],[44.438451,41.445774],[44.438176,41.445734],[44.438073,41.445704],[44.437793,41.44559],[44.437535,41.445467],[44.437042,41.445198],[44.436683,41.444975],[44.436408,41.444777],[44.435737,41.444205],[44.435172,41.443658],[44.434925,41.443387],[44.434514,41.442875],[44.434381,41.442667],[44.434325,41.442548],[44.434177,41.442095],[44.434104,41.441849],[44.434067,41.441706],[44.434031,41.441475],[44.434032,41.441178],[44.434072,41.440883],[44.434116,41.44073],[44.434185,41.440569],[44.43431,41.440402],[44.434484,41.440222],[44.434585,41.440147],[44.434781,41.440025],[44.434889,41.439973],[44.435134,41.439874],[44.436017,41.439564],[44.436524,41.439331],[44.43673,41.43923],[44.436906,41.439132],[44.43697,41.439082],[44.437095,41.438969],[44.437155,41.438908],[44.437405,41.438636],[44.43777,41.438209],[44.43807,41.437838],[44.438847,41.436871],[44.439022,41.436664],[44.43933,41.436342],[44.439788,41.435884],[44.440472,41.435249],[44.440822,41.434958],[44.44174,41.43424],[44.442239,41.433894],[44.442472,41.43375],[44.442699,41.433622],[44.444103,41.432875],[44.444461,41.432679],[44.447414,41.431057],[44.447881,41.430821],[44.448232,41.430691],[44.448354,41.430654],[44.448643,41.430606],[44.448873,41.430591],[44.449064,41.430613],[44.449121,41.430626],[44.449216,41.43066],[44.449265,41.430683],[44.449337,41.430734],[44.449392,41.430781],[44.449422,41.430815],[44.449477,41.430907],[44.449801,41.431525],[44.449889,41.431646],[44.449994,41.431744],[44.450073,41.431799],[44.450164,41.431829],[44.450242,41.431836],[44.450347,41.431806],[44.450537,41.431696],[44.450925,41.43144],[44.451258,41.431161],[44.451355,41.431058],[44.451457,41.430918],[44.451519,41.430816],[44.451577,41.430689],[44.45163,41.430546],[44.451753,41.430152],[44.452,41.429268],[44.452131,41.428874],[44.452338,41.428476],[44.452501,41.428241],[44.452621,41.428134],[44.452746,41.428058],[44.452929,41.427985],[44.453104,41.427946],[44.453431,41.427911],[44.453823,41.427941],[44.453977,41.427963],[44.454251,41.428027],[44.454635,41.428167],[44.454979,41.428313],[44.455233,41.428445],[44.456547,41.429216],[44.457024,41.429525],[44.457722,41.430086],[44.45869,41.43096],[44.459085,41.431369],[44.459441,41.431785],[44.45981,41.432309],[44.46025,41.432933],[44.460377,41.433084],[44.460562,41.433245],[44.460847,41.43341],[44.461221,41.433578],[44.461478,41.433656],[44.461722,41.433703],[44.462,41.433698],[44.462351,41.433629],[44.462564,41.433571],[44.462811,41.433469],[44.463288,41.433179],[44.463392,41.433112],[44.463883,41.432725],[44.464206,41.432365],[44.464306,41.43222],[44.464388,41.432054],[44.464489,41.431637],[44.46465,41.430947],[44.464721,41.430072],[44.464722,41.429056],[44.464616,41.428235],[44.464576,41.428073],[44.464435,41.427635],[44.464347,41.427427],[44.464101,41.426983],[44.463333,41.425779],[44.460951,41.422789],[44.45817,41.419337],[44.455698,41.416457],[44.455206,41.416436],[44.454812,41.416402],[44.454476,41.416344],[44.454212,41.416285],[44.452134,41.415777],[44.451318,41.415546],[44.450858,41.415401],[44.450431,41.415233],[44.448491,41.414323],[44.44789,41.413991],[44.447116,41.413514],[44.445873,41.412634],[44.445513,41.412349],[44.444613,41.41156],[44.443579,41.410577],[44.441999,41.408856],[44.44117,41.40788],[44.440348,41.40683],[44.437745,41.403174],[44.437445,41.402745],[44.436738,41.401661],[44.433884,41.397015],[44.433214,41.39588],[44.432577,41.394752],[44.432167,41.39384],[44.431319,41.391824],[44.430717,41.390323],[44.428855,41.385436],[44.428475,41.384185],[44.428154,41.383038],[44.428047,41.382659],[44.427939,41.38213],[44.427619,41.380407],[44.427043,41.376778],[44.426804,41.374412],[44.426687,41.372481],[44.426662,41.371446],[44.426663,41.370734],[44.426816,41.368265],[44.42708,41.365718],[44.427478,41.362496],[44.427704,41.360662],[44.427792,41.359932],[44.427832,41.359218],[44.427834,41.359002],[44.427808,41.35857],[44.427793,41.358324],[44.427717,41.35792],[44.427668,41.357663],[44.427618,41.357437],[44.427523,41.357103],[44.427442,41.356927],[44.427331,41.356794],[44.426759,41.356244],[44.426089,41.35572],[44.425432,41.355269],[44.425167,41.355122],[44.424788,41.354948],[44.424368,41.354788],[44.423427,41.354519],[44.42253,41.354332],[44.421113,41.35423],[44.420887,41.35422],[44.419366,41.354207],[44.418466,41.354235],[44.418208,41.354258],[44.416621,41.354496],[44.415105,41.35479],[44.414823,41.354874],[44.414324,41.355052],[44.411669,41.356091],[44.40658,41.358082],[44.405107,41.358646],[44.404022,41.359009],[44.403729,41.359088],[44.403089,41.35922],[44.401869,41.359423],[44.401263,41.359489],[44.40069,41.359547],[44.400154,41.359574],[44.398969,41.359578],[44.397787,41.359519],[44.396411,41.359416],[44.396055,41.359368],[44.395458,41.35925],[44.394504,41.358994],[44.392747,41.358469],[44.392294,41.358301],[44.389902,41.357235],[44.3879,41.356234],[44.383603,41.353746],[44.37826,41.350066],[44.370704,41.344757],[44.368756,41.343491],[44.368545,41.343355],[44.36749,41.342787],[44.366565,41.342361],[44.366181,41.342247],[44.365679,41.342119],[44.365317,41.34206],[44.364995,41.342027],[44.363245,41.341937],[44.36289,41.341957],[44.362525,41.342006],[44.362302,41.342048],[44.361632,41.342225],[44.361105,41.342424],[44.360849,41.34256],[44.359688,41.343288],[44.359268,41.343607],[44.358996,41.343879],[44.358225,41.344804],[44.357706,41.345497],[44.357222,41.346264],[44.357051,41.346676],[44.356933,41.347155],[44.356876,41.347568],[44.356782,41.348993],[44.35683,41.349554],[44.356883,41.349846],[44.357572,41.352786],[44.357752,41.353402],[44.357882,41.353714],[44.358042,41.354009],[44.359138,41.355599],[44.359483,41.356033],[44.361453,41.358268],[44.361905,41.358763],[44.36252,41.359358],[44.364819,41.361262],[44.369259,41.364384],[44.372035,41.366241],[44.379386,41.370901],[44.382837,41.373365],[44.386428,41.376108],[44.390075,41.379136],[44.393145,41.381983],[44.396319,41.38524],[44.397735,41.386774],[44.40031,41.389782],[44.402766,41.393134],[44.40532,41.396986],[44.406227,41.398462],[44.408506,41.402462],[44.410458,41.406813],[44.410748,41.407734],[44.411479,41.410437],[44.411593,41.41102],[44.411659,41.411895],[44.411653,41.412298],[44.411646,41.41239],[44.411945,41.412319],[44.412045,41.412271],[44.412074,41.412248],[44.412225,41.412049],[44.412634,41.411414],[44.412861,41.411124],[44.41295,41.411055],[44.413068,41.410999],[44.413214,41.410941],[44.413447,41.410878],[44.414076,41.410831],[44.414915,41.410773],[44.416176,41.41073],[44.416353,41.410739],[44.417495,41.410829],[44.419612,41.411012],[44.420281,41.411119],[44.420591,41.411198],[44.420958,41.411319],[44.421314,41.411477],[44.421505,41.411583],[44.422122,41.41201],[44.423009,41.412624],[44.423453,41.412899],[44.423745,41.41303],[44.424179,41.413206],[44.424387,41.413276],[44.424639,41.413333],[44.425014,41.413396],[44.425777,41.413416],[44.426184,41.413413],[44.427777,41.413402],[44.428482,41.413407],[44.428786,41.413443],[44.429177,41.413521],[44.429308,41.413568],[44.429467,41.41365],[44.429687,41.413818],[44.429784,41.413928],[44.429858,41.41402],[44.429995,41.414227],[44.430391,41.415173],[44.430421,41.415255],[44.430752,41.415983],[44.430876,41.416142],[44.430997,41.416254],[44.431461,41.416602],[44.431494,41.416672],[44.431495,41.416755],[44.43147,41.416862],[44.431388,41.416992],[44.431217,41.417143],[44.430759,41.417549],[44.430678,41.417665],[44.430633,41.417818],[44.430661,41.418009],[44.43078,41.418225],[44.431274,41.418969],[44.43189,41.419832],[44.432038,41.420011],[44.432168,41.420147],[44.432905,41.420796],[44.433748,41.42136],[44.434738,41.421994],[44.435135,41.422228],[44.435235,41.422283],[44.435383,41.422342],[44.435649,41.422421],[44.435927,41.422471],[44.43617,41.42249],[44.436576,41.422505],[44.437151,41.422561],[44.437362,41.422588],[44.437685,41.422668],[44.437879,41.422748],[44.438141,41.4229],[44.438202,41.422949],[44.438487,41.423264],[44.438531,41.42333],[44.43863,41.423535],[44.438697,41.423743],[44.438777,41.424147],[44.438897,41.425628],[44.438908,41.427208],[44.438858,41.427527],[44.438795,41.42767],[44.438684,41.427863],[44.43858,41.428008],[44.438326,41.428259],[44.438083,41.428426],[44.437854,41.428556],[44.437084,41.428929],[44.436329,41.429242],[44.435628,41.429465],[44.434683,41.42976],[44.434323,41.429873],[44.431518,41.430765],[44.431267,41.430862],[44.430865,41.431043],[44.430413,41.431273],[44.429696,41.431695],[44.429513,41.431789],[44.429301,41.431865],[44.429119,41.431921],[44.429003,41.431946],[44.428772,41.431965],[44.427578,41.431988],[44.427077,41.431953],[44.426354,41.431828],[44.425856,41.431772],[44.425767,41.431771],[44.425604,41.431807],[44.4255,41.43183],[44.425323,41.431892],[44.425161,41.431952],[44.424937,41.432057],[44.423906,41.43272],[44.423652,41.432883],[44.423453,41.432976],[44.423273,41.433043],[44.423011,41.433101],[44.422668,41.433128],[44.420688,41.43318],[44.420085,41.433224],[44.419791,41.433251],[44.419306,41.43338],[44.419069,41.433442],[44.418289,41.433712],[44.418041,41.433791],[44.417764,41.433831],[44.41749,41.43383],[44.417254,41.433811],[44.417103,41.433784],[44.415805,41.433304],[44.415382,41.43317],[44.415027,41.433092],[44.414705,41.433044],[44.414229,41.432988],[44.413711,41.432985],[44.413406,41.432984],[44.413277,41.432997],[44.413079,41.433026],[44.412864,41.433087],[44.41234,41.433333],[44.411626,41.433668],[44.411471,41.433713],[44.41131,41.433734],[44.410833,41.433745],[44.410492,41.433753],[44.41015,41.433728],[44.409883,41.433674],[44.409831,41.433657],[44.409624,41.433559],[44.409507,41.433497],[44.40942,41.433421],[44.40936,41.433344],[44.409043,41.43284],[44.408942,41.432707],[44.408811,41.432579],[44.408631,41.432502],[44.408474,41.432459],[44.408279,41.432429],[44.40729,41.432358],[44.406971,41.432319],[44.406671,41.432269],[44.406047,41.432148],[44.405481,41.431974],[44.405311,41.431901],[44.405178,41.431814],[44.405051,41.431695],[44.404949,41.431557],[44.404872,41.431381],[44.404451,41.430342],[44.404291,41.430019],[44.404147,41.429801],[44.403948,41.429541],[44.403642,41.429286],[44.40329,41.429036],[44.402129,41.42828],[44.401334,41.427806],[44.401178,41.427689],[44.401087,41.427573],[44.401023,41.427475],[44.400947,41.427316],[44.400854,41.42667],[44.400743,41.425901],[44.40068,41.425529],[44.400596,41.425355],[44.400304,41.424994],[44.400065,41.424737],[44.399977,41.424617],[44.399947,41.424545],[44.399946,41.424441],[44.400036,41.424326],[44.40014,41.424258],[44.400268,41.424227],[44.400709,41.424202],[44.401363,41.424222],[44.402084,41.424255],[44.402767,41.424286],[44.403413,41.424366],[44.403599,41.424401],[44.404007,41.424527],[44.404909,41.424805],[44.40523,41.424854],[44.406025,41.424913],[44.406411,41.42491],[44.40658,41.424882],[44.406728,41.424827],[44.406816,41.424753],[44.40683,41.42474],[44.406907,41.424627],[44.406927,41.424566],[44.40696,41.422722],[44.407048,41.421802],[44.407135,41.421361],[44.407405,41.420735],[44.407437,41.42066],[44.407174,41.420842],[44.406728,41.421128],[44.405744,41.421661],[44.405535,41.421756],[44.405269,41.42186],[44.404926,41.421986],[44.404345,41.422155],[44.403777,41.42228],[44.402823,41.42246],[44.40162,41.422578],[44.401166,41.422604],[44.400763,41.422605],[44.399502,41.422515],[44.399336,41.422498],[44.398603,41.422419],[44.398056,41.422326],[44.397556,41.422209],[44.397294,41.422123],[44.396404,41.421756],[44.395471,41.421284],[44.393889,41.420352],[44.39302,41.419689],[44.392594,41.419323],[44.389363,41.416199],[44.388193,41.415034],[44.386482,41.413283],[44.385371,41.412193],[44.384925,41.411781],[44.384587,41.411505],[44.383527,41.410663],[44.383312,41.410513],[44.382215,41.409792],[44.381926,41.409622],[44.381522,41.409408],[44.380891,41.40909],[44.380148,41.408725],[44.378537,41.40803],[44.377757,41.407713],[44.377222,41.407527],[44.37633,41.40723],[44.375595,41.407006],[44.374621,41.406759],[44.371718,41.4062],[44.371155,41.406117],[44.369023,41.405843],[44.365712,41.405514],[44.360961,41.405175],[44.356868,41.404865],[44.354783,41.404673],[44.351876,41.404387],[44.348403,41.404008],[44.347469,41.403896],[44.346377,41.403743],[44.345703,41.403631],[44.345186,41.403529],[44.344222,41.403319],[44.34374,41.403198],[44.343131,41.403031],[44.341945,41.402655],[44.339475,41.401772],[44.339013,41.401586],[44.338625,41.401388],[44.338081,41.401069],[44.336778,41.400253],[44.335525,41.399412],[44.333951,41.398289],[44.333262,41.397798],[44.332361,41.398633],[44.332334,41.398663],[44.332331,41.398666],[44.323054,41.394791],[44.314874,41.391373],[44.312325,41.392201],[44.311348,41.3926],[44.310349,41.393153],[44.30852,41.394393],[44.307828,41.394927],[44.30724,41.395462],[44.307088,41.395613],[44.305857,41.396971],[44.305428,41.397524],[44.304819,41.398478],[44.304076,41.399843],[44.303751,41.400545],[44.303423,41.401393],[44.303316,41.402174],[44.303256,41.404408],[44.303297,41.404759],[44.303667,41.406461],[44.304497,41.408809],[44.304888,41.409917],[44.305341,41.410777],[44.306247,41.412227],[44.307266,41.413622],[44.307439,41.413877],[44.307971,41.414505],[44.310005,41.416456],[44.311262,41.417495],[44.314753,41.419996],[44.316453,41.421054],[44.317595,41.421673],[44.318654,41.422174],[44.319404,41.422453],[44.320422,41.422795],[44.322709,41.423423],[44.323837,41.423654],[44.325549,41.423951],[44.328246,41.424307],[44.335406,41.42497],[44.338114,41.425292],[44.33907,41.425432],[44.340907,41.425765],[44.342257,41.426105],[44.343847,41.42659],[44.345,41.426995],[44.345796,41.427344],[44.346814,41.427891],[44.348109,41.428652],[44.348651,41.429016],[44.349823,41.429888],[44.35144,41.431364],[44.353695,41.433907],[44.355212,41.435716],[44.358719,41.439497],[44.360371,41.441171],[44.360831,41.441561],[44.361777,41.442271],[44.362504,41.442761],[44.363199,41.443136],[44.364289,41.443604],[44.365535,41.444036],[44.366198,41.444227],[44.367516,41.444529],[44.36832,41.444657],[44.368896,41.444721],[44.369842,41.444784],[44.371096,41.444791],[44.371573,41.444784],[44.372933,41.444705],[44.37317,41.444683],[44.378622,41.44417],[44.380168,41.444051],[44.382065,41.443986],[44.384285,41.444011],[44.385037,41.444063],[44.385613,41.444153],[44.386056,41.444253],[44.387471,41.444662],[44.388184,41.444934],[44.388905,41.445264],[44.389971,41.445844],[44.390485,41.446169],[44.390824,41.446412],[44.391359,41.446888],[44.391845,41.447403],[44.392118,41.447775],[44.392279,41.448083],[44.392387,41.448381],[44.392486,41.449047],[44.392527,41.449587],[44.392476,41.450475],[44.392374,41.450855],[44.392259,41.451091],[44.392138,41.451269],[44.391644,41.451842],[44.391221,41.452204],[44.390557,41.452691],[44.390093,41.453017],[44.387733,41.454283],[44.387506,41.454391],[44.385262,41.455339],[44.383208,41.456207],[44.382592,41.456477],[44.382346,41.456608],[44.38131,41.457285],[44.380738,41.457769],[44.379936,41.458594],[44.37908,41.459759],[44.378863,41.460195],[44.378725,41.460659],[44.378625,41.461351],[44.378643,41.461899],[44.378707,41.462272],[44.378795,41.46251],[44.37891,41.462698],[44.379144,41.462954],[44.37938,41.463132],[44.37976,41.463367],[44.379942,41.463448],[44.380221,41.463545],[44.380569,41.463628],[44.380904,41.463683],[44.381146,41.46371],[44.381905,41.463769],[44.382798,41.46375],[44.384336,41.46364],[44.385959,41.463482],[44.387163,41.463317],[44.388925,41.462988],[44.391947,41.462253],[44.393642,41.461769],[44.396044,41.460903],[44.397427,41.460328],[44.398573,41.459781],[44.401172,41.458365],[44.402812,41.457404],[44.40465,41.456145],[44.406288,41.454871],[44.407263,41.454027],[44.408128,41.453132],[44.410343,41.450465],[44.411115,41.449469],[44.412628,41.447326],[44.413342,41.446481],[44.413712,41.446137],[44.414253,41.445747],[44.415026,41.445335],[44.415436,41.445186],[44.416059,41.445072],[44.416987,41.445002]],[[44.591077,41.387962],[44.592826,41.387952],[44.593304,41.387961],[44.59441,41.38802],[44.594831,41.388072],[44.59492,41.388089],[44.59495,41.388097],[44.595232,41.388193],[44.596385,41.388636],[44.596658,41.388724],[44.596969,41.388763],[44.597152,41.388765],[44.597563,41.388708],[44.597825,41.38863],[44.598275,41.388406],[44.598786,41.388119],[44.599392,41.387779],[44.599664,41.387636],[44.599862,41.38755],[44.600119,41.387452],[44.600344,41.387387],[44.600567,41.38736],[44.6013,41.387312],[44.601629,41.387319],[44.601778,41.387339],[44.601816,41.387351],[44.602665,41.387765],[44.6029,41.387838],[44.603008,41.387856],[44.603224,41.387872],[44.60355,41.387832],[44.60372,41.387809],[44.603916,41.387748],[44.604116,41.387633],[44.604451,41.387343],[44.604563,41.387207],[44.604688,41.387032],[44.604903,41.386645],[44.604978,41.386442],[44.605032,41.38622],[44.605041,41.385966],[44.605011,41.385756],[44.604968,41.385577],[44.604777,41.385028],[44.604147,41.383825],[44.603473,41.382652],[44.603248,41.382297],[44.60272,41.381609],[44.602102,41.380937],[44.600954,41.37987],[44.599242,41.378437],[44.596744,41.376498],[44.595746,41.375799],[44.595503,41.375649],[44.594355,41.374992],[44.593317,41.37447],[44.593071,41.374346],[44.592802,41.374229],[44.592564,41.374179],[44.592262,41.374145],[44.588854,41.374035],[44.587916,41.373952],[44.587564,41.373911],[44.585863,41.373679],[44.585178,41.37355],[44.584433,41.373371],[44.584295,41.373327],[44.583823,41.373167],[44.582999,41.372834],[44.582253,41.372507],[44.582131,41.372456],[44.581937,41.372325],[44.581873,41.37217],[44.581864,41.37191],[44.58188,41.371781],[44.582031,41.371431],[44.582127,41.371261],[44.58235,41.370866],[44.582717,41.370216],[44.582787,41.370101],[44.582883,41.369978],[44.583092,41.369778],[44.58329,41.369614],[44.583644,41.369375],[44.58373,41.369184],[44.583751,41.369061],[44.583753,41.36868],[44.583697,41.368557],[44.583605,41.368438],[44.583354,41.368263],[44.582793,41.36797],[44.582251,41.367744],[44.581927,41.367633],[44.581735,41.367589],[44.581299,41.367516],[44.579982,41.367406],[44.578974,41.367361],[44.578203,41.36731],[44.577835,41.367269],[44.577514,41.367214],[44.577235,41.367122],[44.577059,41.367056],[44.57667,41.366893],[44.576521,41.366803],[44.576245,41.366525],[44.576097,41.366268],[44.576064,41.365959],[44.576059,41.365534],[44.576076,41.365439],[44.576282,41.365088],[44.576435,41.364886],[44.57666,41.364651],[44.576729,41.364555],[44.576798,41.364436],[44.576872,41.364255],[44.576935,41.363698],[44.577021,41.363471],[44.577068,41.363362],[44.57716,41.36323],[44.577254,41.363123],[44.577382,41.363032],[44.577667,41.36291],[44.577802,41.362784],[44.577823,41.362747],[44.577893,41.362521],[44.577966,41.361556],[44.577998,41.361104],[44.57805,41.360873],[44.578138,41.360715],[44.578414,41.36051],[44.578549,41.360433],[44.578869,41.360309],[44.579001,41.360296],[44.579133,41.360331],[44.579257,41.360457],[44.579351,41.360589],[44.579954,41.362084],[44.580045,41.36231],[44.580081,41.362387],[44.580291,41.362645],[44.580543,41.362845],[44.581018,41.363145],[44.581217,41.363225],[44.584014,41.363983],[44.58415,41.36402],[44.584861,41.36423],[44.585236,41.364367],[44.585501,41.364489],[44.585589,41.364554],[44.585692,41.364658],[44.58597,41.364937],[44.586152,41.365146],[44.586316,41.365359],[44.586532,41.36564],[44.58697,41.366077],[44.587225,41.366268],[44.587565,41.366453],[44.587716,41.366517],[44.587957,41.366594],[44.588468,41.366713],[44.588839,41.366759],[44.589276,41.36678],[44.589805,41.366776],[44.590178,41.366753],[44.590354,41.366718],[44.590557,41.366648],[44.591395,41.366176],[44.591587,41.36608],[44.591726,41.366059],[44.592826,41.366024],[44.59447,41.366007],[44.591932,41.36542],[44.590717,41.365111],[44.589847,41.364857],[44.588426,41.364365],[44.584972,41.363074],[44.582504,41.361905],[44.581273,41.361234],[44.580624,41.360847],[44.578759,41.359619],[44.577164,41.358486],[44.572149,41.354754],[44.571361,41.354241],[44.569555,41.353185],[44.568022,41.352416],[44.567609,41.352273],[44.56725,41.352182],[44.566753,41.352086],[44.566658,41.35207],[44.566026,41.35198],[44.565456,41.351916],[44.564951,41.351883],[44.564807,41.351878],[44.563385,41.35187],[44.562793,41.351885],[44.562443,41.351907],[44.562284,41.351924],[44.562199,41.351948],[44.562039,41.352024],[44.56195,41.352106],[44.561907,41.352211],[44.56188,41.352313],[44.561845,41.352565],[44.561829,41.352775],[44.56183,41.353027],[44.561843,41.353183],[44.561884,41.353469],[44.561956,41.353823],[44.56202,41.354097],[44.562094,41.354381],[44.562208,41.354767],[44.562237,41.35485],[44.562508,41.355478],[44.56291,41.356304],[44.563592,41.35751],[44.564,41.358137],[44.56553,41.360234],[44.565791,41.360635],[44.566288,41.361577],[44.566463,41.361955],[44.566637,41.36242],[44.566736,41.362798],[44.566995,41.364238],[44.567022,41.364645],[44.56701,41.364857],[44.566941,41.365088],[44.566864,41.36528],[44.566507,41.366034],[44.566436,41.366161],[44.566302,41.366362],[44.566167,41.366534],[44.565959,41.366767],[44.565668,41.367022],[44.564614,41.367819],[44.564159,41.3681],[44.563928,41.368203],[44.563745,41.36827],[44.563577,41.368308],[44.563353,41.368345],[44.563202,41.368362],[44.562894,41.368391],[44.562148,41.368433],[44.56145,41.36846],[44.560367,41.368473],[44.559271,41.368426],[44.557968,41.368321],[44.556982,41.368205],[44.556272,41.368102],[44.555803,41.367991],[44.555147,41.367793],[44.553313,41.367141],[44.551822,41.366536],[44.551031,41.366136],[44.550454,41.365794],[44.548368,41.364383],[44.547938,41.364043],[44.547403,41.363559],[44.546396,41.362533],[44.546324,41.362453],[44.545759,41.361771],[44.545314,41.361134],[44.544249,41.359437],[44.544077,41.35915],[44.54387,41.358763],[44.543671,41.358329],[44.543573,41.358039],[44.543444,41.357549],[44.543168,41.356151],[44.543068,41.355566],[44.542995,41.355081],[44.54296,41.354622],[44.542977,41.352243],[44.539142,41.35225],[44.537135,41.352216],[44.536878,41.352204],[44.53578,41.352122],[44.534775,41.352024],[44.533867,41.351909],[44.533214,41.351822],[44.532916,41.351779],[44.531693,41.351572],[44.531187,41.351458],[44.530175,41.351229],[44.529476,41.351056],[44.528828,41.350886],[44.528441,41.350764],[44.527827,41.350515],[44.527081,41.350171],[44.526255,41.349737],[44.525972,41.349564],[44.52566,41.349342],[44.525076,41.34885],[44.52448,41.348291],[44.524225,41.348021],[44.524058,41.347816],[44.523892,41.347541],[44.523305,41.346189],[44.523243,41.345992],[44.523212,41.34578],[44.523207,41.345373],[44.523248,41.344751],[44.523318,41.344146],[44.523335,41.344016],[44.523403,41.34373],[44.523598,41.343075],[44.523869,41.342286],[44.524005,41.341977],[44.524158,41.341694],[44.525451,41.339626],[44.525983,41.338814],[44.526279,41.338369],[44.527669,41.336185],[44.528018,41.3356],[44.528307,41.334936],[44.52838,41.334722],[44.528473,41.33439],[44.528613,41.333766],[44.528656,41.333486],[44.528668,41.333106],[44.528629,41.332514],[44.528485,41.331609],[44.528371,41.33121],[44.528291,41.331038],[44.528155,41.330809],[44.527986,41.330564],[44.527598,41.330131],[44.527378,41.329933],[44.527079,41.329709],[44.526794,41.329529],[44.526241,41.329216],[44.525728,41.328976],[44.525353,41.328831],[44.525021,41.328725],[44.524562,41.328609],[44.523893,41.328478],[44.523188,41.328371],[44.523036,41.328356],[44.522122,41.3283],[44.521457,41.328285],[44.521105,41.328292],[44.520759,41.328317],[44.520312,41.328366],[44.51994,41.328427],[44.519494,41.328514],[44.518932,41.32863],[44.518645,41.3287],[44.51828,41.328799],[44.518165,41.32884],[44.517924,41.328935],[44.516825,41.329424],[44.516239,41.329707],[44.515835,41.329937],[44.515089,41.330413],[44.514826,41.330598],[44.514395,41.330942],[44.513693,41.331577],[44.513028,41.332252],[44.512611,41.332755],[44.512119,41.333422],[44.510945,41.33522],[44.509792,41.337203],[44.509044,41.338535],[44.50875,41.33912],[44.508707,41.339216],[44.507697,41.341845],[44.507408,41.342678],[44.507189,41.343366],[44.506806,41.344688],[44.506533,41.345812],[44.505924,41.348755],[44.505682,41.35058],[44.505377,41.35505],[44.50537,41.356376],[44.505467,41.360062],[44.505604,41.362361],[44.506024,41.365258],[44.506259,41.365278],[44.506641,41.365342],[44.506856,41.365399],[44.507034,41.365467],[44.507263,41.365604],[44.507568,41.365829],[44.507727,41.366011],[44.507783,41.366103],[44.507839,41.366233],[44.507907,41.366481],[44.508051,41.367484],[44.508131,41.367721],[44.508206,41.367832],[44.50831,41.367923],[44.508436,41.367988],[44.508643,41.368055],[44.50898,41.368096],[44.509398,41.368089],[44.51051,41.368029],[44.512104,41.367944],[44.512991,41.367901],[44.515566,41.367927],[44.516205,41.367968],[44.516324,41.367983],[44.516477,41.368017],[44.516626,41.368072],[44.517121,41.368364],[44.517463,41.368576],[44.518093,41.368913],[44.518384,41.369043],[44.519031,41.369304],[44.519649,41.369516],[44.520155,41.369619],[44.52047,41.369663],[44.521851,41.36976],[44.522242,41.369788],[44.522368,41.369804],[44.522491,41.36984],[44.522619,41.369901],[44.522694,41.370102],[44.522691,41.370435],[44.522628,41.370544],[44.522549,41.370607],[44.522454,41.370655],[44.521755,41.3709],[44.521483,41.370983],[44.521298,41.371111],[44.521214,41.371206],[44.521183,41.371302],[44.521197,41.371424],[44.521235,41.371538],[44.521351,41.371671],[44.521499,41.371772],[44.521683,41.371864],[44.522555,41.372266],[44.522778,41.372418],[44.522884,41.372499],[44.523017,41.37266],[44.523112,41.372825],[44.523458,41.373576],[44.523568,41.373859],[44.523674,41.37408],[44.5238,41.374236],[44.523984,41.374375],[44.524165,41.374481],[44.524333,41.374551],[44.524537,41.374609],[44.524653,41.374631],[44.525042,41.374657],[44.525384,41.374644],[44.525739,41.374605],[44.525981,41.374547],[44.52616,41.374477],[44.526338,41.374368],[44.526489,41.374219],[44.526684,41.373969],[44.526839,41.373716],[44.527171,41.373152],[44.527711,41.372231],[44.527965,41.37201],[44.528148,41.371889],[44.528367,41.371793],[44.528641,41.371715],[44.529101,41.371657],[44.531285,41.37153],[44.531775,41.371501],[44.532271,41.371444],[44.532399,41.371416],[44.532805,41.371279],[44.533664,41.370888],[44.533818,41.370816],[44.533949,41.37075],[44.534079,41.370642],[44.53426,41.370451],[44.534788,41.369847],[44.534881,41.369733],[44.535066,41.369558],[44.535202,41.369477],[44.535329,41.369424],[44.535616,41.369361],[44.535983,41.369306],[44.536258,41.369297],[44.537647,41.36942],[44.538694,41.369536],[44.539047,41.369535],[44.539396,41.369487],[44.539605,41.369434],[44.539983,41.369308],[44.542133,41.368468],[44.542337,41.368425],[44.542409,41.368418],[44.542751,41.368467],[44.543028,41.368573],[44.543217,41.368736],[44.543303,41.368922],[44.543391,41.369113],[44.543404,41.369245],[44.543384,41.36938],[44.543345,41.369498],[44.543257,41.369631],[44.542962,41.369855],[44.54264,41.370053],[44.542383,41.370176],[44.542242,41.370224],[44.541272,41.370536],[44.540615,41.370747],[44.540487,41.370798],[44.540324,41.370882],[44.540298,41.37091],[44.540191,41.37104],[44.540084,41.371251],[44.540035,41.371488],[44.540033,41.371726],[44.540078,41.371836],[44.540157,41.371927],[44.540252,41.372005],[44.540999,41.372316],[44.54116,41.372433],[44.541271,41.372532],[44.541325,41.372623],[44.541387,41.372903],[44.541324,41.373158],[44.541135,41.373405],[44.540934,41.373537],[44.540811,41.373583],[44.540597,41.37362],[44.540393,41.373612],[44.540028,41.37355],[44.539859,41.373498],[44.539122,41.373079],[44.539001,41.37299],[44.538468,41.372628],[44.538207,41.372514],[44.53791,41.372413],[44.537652,41.372347],[44.537265,41.372304],[44.536726,41.372298],[44.536453,41.372308],[44.536224,41.37233],[44.535988,41.372381],[44.535799,41.372472],[44.535717,41.372547],[44.535668,41.372804],[44.535714,41.372964],[44.535863,41.37312],[44.536071,41.37328],[44.53618,41.373336],[44.536293,41.373382],[44.536686,41.373525],[44.53809,41.374035],[44.538189,41.374097],[44.538246,41.374179],[44.538267,41.374446],[44.538242,41.375188],[44.538221,41.375425],[44.538192,41.375735],[44.538154,41.375837],[44.538104,41.375925],[44.538021,41.376001],[44.537901,41.37606],[44.537661,41.376109],[44.537274,41.376113],[44.536872,41.376042],[44.536694,41.375985],[44.536521,41.375919],[44.536308,41.375791],[44.53568,41.375112],[44.535252,41.374815],[44.534937,41.374632],[44.534776,41.374581],[44.53452,41.374554],[44.53439,41.374555],[44.534108,41.374614],[44.533957,41.374666],[44.533852,41.374761],[44.533813,41.37497],[44.533816,41.375883],[44.533885,41.376478],[44.533899,41.376627],[44.53388,41.376814],[44.533815,41.377021],[44.533723,41.377164],[44.53363,41.377244],[44.533381,41.377391],[44.533026,41.377549],[44.53236,41.377845],[44.531864,41.378137],[44.531512,41.378424],[44.531308,41.378671],[44.531221,41.378825],[44.53109,41.379345],[44.53099,41.379575],[44.530863,41.379811],[44.530737,41.379964],[44.53055,41.380144],[44.530346,41.380265],[44.5296,41.380531],[44.529425,41.380614],[44.529308,41.380703],[44.529222,41.380894],[44.529172,41.381054],[44.529174,41.381225],[44.529199,41.381429],[44.529236,41.381537],[44.529358,41.381675],[44.529518,41.381789],[44.529896,41.382009],[44.532429,41.383352],[44.532762,41.383517],[44.532896,41.383559],[44.533106,41.383606],[44.533338,41.383601],[44.533602,41.38357],[44.533738,41.383518],[44.533997,41.383358],[44.534246,41.383163],[44.534761,41.382686],[44.535434,41.38201],[44.535535,41.381939],[44.535752,41.381869],[44.535982,41.381849],[44.536299,41.381868],[44.53647,41.381899],[44.536971,41.382043],[44.537129,41.38211],[44.537255,41.382172],[44.53773,41.382452],[44.537976,41.382668],[44.538222,41.382961],[44.538324,41.383127],[44.538404,41.383312],[44.538475,41.38353],[44.538842,41.384615],[44.538966,41.38477],[44.539325,41.385002],[44.539423,41.385063],[44.539825,41.385261],[44.541139,41.385816],[44.541805,41.386098],[44.542277,41.386357],[44.542525,41.386535],[44.54267,41.386681],[44.543296,41.387645],[44.543583,41.387997],[44.544347,41.388681],[44.545238,41.389321],[44.545539,41.389502],[44.54563,41.389542],[44.546274,41.389756],[44.546578,41.389823],[44.546973,41.389899],[44.547437,41.389945],[44.548184,41.389981],[44.549018,41.389972],[44.549553,41.389948],[44.549743,41.389922],[44.549894,41.389889],[44.550116,41.389803],[44.550398,41.389639],[44.550556,41.389491],[44.550618,41.389375],[44.55063,41.388734],[44.550633,41.388578],[44.55057,41.388066],[44.550507,41.38772],[44.550407,41.387373],[44.550124,41.386755],[44.550033,41.386604],[44.549887,41.386439],[44.548557,41.385524],[44.547757,41.384973],[44.547515,41.384783],[44.547401,41.384675],[44.547183,41.384395],[44.54706,41.383976],[44.546901,41.383433],[44.546827,41.383239],[44.546772,41.383163],[44.546174,41.382672],[44.546045,41.382572],[44.545947,41.382443],[44.545901,41.382357],[44.54593,41.38213],[44.545976,41.382062],[44.546049,41.382011],[44.546121,41.381985],[44.546256,41.381949],[44.546604,41.381897],[44.546975,41.38188],[44.548285,41.381848],[44.549099,41.381828],[44.549276,41.381761],[44.549427,41.381655],[44.549802,41.381172],[44.549932,41.381028],[44.550039,41.380957],[44.550158,41.380903],[44.550311,41.380867],[44.550575,41.380862],[44.550736,41.380905],[44.550809,41.380932],[44.55091,41.38101],[44.550958,41.381092],[44.551016,41.381338],[44.551039,41.381579],[44.551036,41.382027],[44.551025,41.382388],[44.551019,41.38261],[44.550982,41.382702],[44.55094,41.38278],[44.550826,41.382867],[44.550712,41.382926],[44.550051,41.383115],[44.549522,41.383267],[44.549242,41.383363],[44.54921,41.383381],[44.549039,41.383508],[44.548995,41.38357],[44.548984,41.383704],[44.549003,41.383811],[44.549065,41.383924],[44.549231,41.384072],[44.549556,41.384211],[44.549893,41.384315],[44.550397,41.384411],[44.552103,41.38471],[44.553138,41.384891],[44.553646,41.385016],[44.555478,41.385676],[44.555996,41.385789],[44.556262,41.385822],[44.557173,41.385881],[44.558513,41.385897],[44.558683,41.38588],[44.55881,41.385858],[44.558954,41.385808],[44.559091,41.385734],[44.559172,41.385671],[44.559325,41.385492],[44.559375,41.38541],[44.559457,41.384918],[44.5595,41.38447],[44.559532,41.383073],[44.559501,41.38262],[44.559495,41.382554],[44.55943,41.382221],[44.559144,41.381254],[44.559082,41.38109],[44.558954,41.380838],[44.558598,41.380311],[44.558026,41.379466],[44.557817,41.379113],[44.557706,41.378831],[44.557638,41.378543],[44.557593,41.377605],[44.557551,41.376755],[44.557509,41.376336],[44.557459,41.376231],[44.557378,41.376106],[44.55683,41.375492],[44.556232,41.374823],[44.556028,41.374592],[44.555967,41.37444],[44.555963,41.374286],[44.555971,41.374012],[44.556025,41.373678],[44.556141,41.37343],[44.556283,41.373291],[44.556552,41.373119],[44.556743,41.373068],[44.556954,41.373057],[44.557162,41.373091],[44.557243,41.373123],[44.557591,41.373305],[44.557675,41.373375],[44.557764,41.373465],[44.55789,41.373669],[44.557941,41.373774],[44.558129,41.374227],[44.558508,41.375414],[44.55927,41.3778],[44.559481,41.378283],[44.559581,41.378464],[44.560069,41.379097],[44.560296,41.379338],[44.560724,41.379792],[44.561105,41.380285],[44.561442,41.380788],[44.561504,41.38088],[44.561707,41.381183],[44.561827,41.381258],[44.561962,41.381272],[44.562058,41.381255],[44.562125,41.381226],[44.562226,41.381079],[44.562462,41.38053],[44.562616,41.380174],[44.562703,41.380064],[44.562808,41.379997],[44.562923,41.379969],[44.563079,41.379967],[44.563369,41.380024],[44.56349,41.380072],[44.563552,41.380159],[44.563748,41.38063],[44.563814,41.380872],[44.563944,41.381381],[44.564043,41.381767],[44.564176,41.382097],[44.564334,41.382425],[44.564458,41.382684],[44.564622,41.383023],[44.564865,41.383582],[44.56537,41.384596],[44.56545,41.384687],[44.565591,41.384777],[44.565834,41.384896],[44.566023,41.384933],[44.566315,41.384978],[44.566614,41.385002],[44.567002,41.384969],[44.56725,41.384927],[44.567422,41.38488],[44.567607,41.384771],[44.567723,41.38467],[44.567833,41.384551],[44.56788,41.384471],[44.567955,41.384242],[44.56798,41.384092],[44.567996,41.383856],[44.56801,41.383446],[44.568084,41.382873],[44.568108,41.382734],[44.568182,41.38255],[44.568301,41.382436],[44.568395,41.382369],[44.568536,41.382287],[44.568622,41.382251],[44.568825,41.382215],[44.568982,41.382214],[44.569147,41.382231],[44.569323,41.382275],[44.569431,41.382336],[44.569521,41.382423],[44.569651,41.382602],[44.570001,41.383291],[44.570457,41.384189],[44.570613,41.3844],[44.570771,41.384552],[44.570896,41.38463],[44.5712,41.384746],[44.571449,41.384809],[44.572448,41.384974],[44.572518,41.38502],[44.572559,41.385095],[44.572604,41.385311],[44.572591,41.38549],[44.572568,41.385561],[44.572515,41.385673],[44.572396,41.385833],[44.572259,41.385957],[44.572157,41.386024],[44.571877,41.386143],[44.570885,41.386599],[44.570546,41.38679],[44.569923,41.387281],[44.569586,41.387489],[44.569371,41.387601],[44.569095,41.387661],[44.568891,41.387694],[44.567441,41.387886],[44.567052,41.387947],[44.566567,41.388078],[44.566198,41.388201],[44.565897,41.388322],[44.565138,41.388689],[44.563664,41.389568],[44.563336,41.389717],[44.563153,41.389783],[44.562616,41.389936],[44.562049,41.390025],[44.561112,41.39009],[44.560694,41.390118],[44.560292,41.390152],[44.559845,41.39024],[44.559397,41.39037],[44.559213,41.390465],[44.558769,41.39084],[44.558603,41.391025],[44.558136,41.391603],[44.557863,41.391942],[44.557738,41.392052],[44.557563,41.392157],[44.557236,41.39232],[44.55695,41.392464],[44.556671,41.392605],[44.556263,41.392856],[44.555587,41.3933],[44.555375,41.39357],[44.555336,41.393635],[44.555179,41.394003],[44.555062,41.394247],[44.554949,41.394395],[44.554586,41.394734],[44.554329,41.39492],[44.553797,41.395144],[44.553693,41.395208],[44.553516,41.395386],[44.553469,41.395477],[44.553353,41.395823],[44.553326,41.396126],[44.55339,41.396449],[44.553424,41.396655],[44.553588,41.397354],[44.553647,41.397534],[44.553816,41.397792],[44.553924,41.397874],[44.554205,41.398022],[44.554721,41.398196],[44.55521,41.398361],[44.555379,41.398431],[44.555511,41.398532],[44.555609,41.398672],[44.555917,41.399548],[44.556029,41.399924],[44.556153,41.400185],[44.556333,41.400406],[44.556553,41.400552],[44.556729,41.400645],[44.556983,41.400773],[44.557804,41.401131],[44.558105,41.401284],[44.558316,41.401413],[44.558798,41.401858],[44.55896,41.401984],[44.559396,41.402266],[44.559875,41.402502],[44.561024,41.403001],[44.561206,41.403101],[44.561285,41.403171],[44.561339,41.403236],[44.561583,41.403787],[44.562068,41.404883],[44.562128,41.404962],[44.56234,41.405143],[44.562525,41.405246],[44.562694,41.405307],[44.562836,41.40534],[44.563113,41.405375],[44.563289,41.405375],[44.563416,41.405369],[44.563687,41.405337],[44.564194,41.405218],[44.564607,41.405076],[44.564743,41.40501],[44.565042,41.404846],[44.565152,41.404768],[44.565497,41.4045],[44.566035,41.40402],[44.567056,41.402995],[44.5676,41.402402],[44.56817,41.401678],[44.568729,41.400912],[44.568949,41.400647],[44.570408,41.399385],[44.570604,41.399146],[44.570809,41.39876],[44.571106,41.398022],[44.57117,41.397903],[44.571409,41.397552],[44.57153,41.397414],[44.571852,41.397128],[44.572312,41.396713],[44.572678,41.39638],[44.572849,41.39619],[44.573008,41.395975],[44.573535,41.395192],[44.573719,41.394908],[44.574092,41.394424],[44.574256,41.394247],[44.574728,41.393796],[44.575282,41.393321],[44.577572,41.391574],[44.578089,41.391219],[44.578379,41.391035],[44.579185,41.390616],[44.579767,41.390367],[44.581744,41.389626],[44.58349,41.388986],[44.584371,41.388695],[44.584652,41.388617],[44.585034,41.388518],[44.585186,41.388482],[44.585963,41.388331],[44.586398,41.388257],[44.586818,41.388194],[44.587798,41.388081],[44.588287,41.388042],[44.588954,41.38801],[44.591077,41.387962]],[[44.508473,41.341365],[44.508558,41.341359],[44.509183,41.341437],[44.509285,41.341449],[44.509662,41.341483],[44.511263,41.341506],[44.51155,41.341499],[44.511667,41.341477],[44.511747,41.341451],[44.511823,41.34141],[44.512226,41.34112],[44.512771,41.340727],[44.512869,41.340684],[44.513003,41.340646],[44.513297,41.340614],[44.513315,41.340614],[44.513696,41.340644],[44.513902,41.34068],[44.513997,41.340739],[44.51404,41.340846],[44.514054,41.340931],[44.514041,41.34104],[44.513982,41.34113],[44.513913,41.341205],[44.513399,41.34157],[44.513309,41.341668],[44.513281,41.341811],[44.51322,41.34252],[44.513219,41.342635],[44.513254,41.342897],[44.5133,41.343051],[44.513362,41.343173],[44.514199,41.344239],[44.514266,41.344299],[44.514383,41.344366],[44.514599,41.344429],[44.51479,41.344464],[44.515557,41.344603],[44.515746,41.344645],[44.515902,41.3447],[44.515963,41.34476],[44.515983,41.344831],[44.516,41.344984],[44.516002,41.345124],[44.516007,41.345795],[44.516023,41.345896],[44.516042,41.345967],[44.516085,41.346017],[44.516178,41.346062],[44.516267,41.346083],[44.516558,41.346112],[44.517148,41.346177],[44.517482,41.346219],[44.51763,41.346262],[44.517691,41.346296],[44.51778,41.346395],[44.517826,41.346481],[44.517769,41.347172],[44.517754,41.347522],[44.517763,41.347696],[44.517785,41.347803],[44.517873,41.348156],[44.517922,41.348425],[44.5179,41.348631],[44.51786,41.348733],[44.51781,41.34878],[44.517716,41.348821],[44.51758,41.348861],[44.51681,41.349078],[44.51644,41.349183],[44.516208,41.349257],[44.516139,41.349311],[44.516112,41.34941],[44.516108,41.349583],[44.516117,41.349612],[44.516149,41.349693],[44.516259,41.34984],[44.516322,41.349908],[44.516455,41.350028],[44.516585,41.350121],[44.516856,41.350285],[44.517825,41.350851],[44.518655,41.351335],[44.518737,41.351434],[44.518763,41.351601],[44.518755,41.351659],[44.518727,41.351734],[44.51865,41.351809],[44.518541,41.351857],[44.518231,41.351916],[44.518043,41.351934],[44.517487,41.351939],[44.51723,41.35193],[44.516936,41.351895],[44.516708,41.351837],[44.516545,41.351784],[44.516413,41.35173],[44.516283,41.351666],[44.516027,41.351512],[44.515867,41.351399],[44.51574,41.351295],[44.515666,41.351217],[44.515464,41.350979],[44.515161,41.350545],[44.514996,41.350361],[44.514942,41.350323],[44.514796,41.350261],[44.514688,41.350246],[44.514566,41.350256],[44.514472,41.350282],[44.514337,41.350351],[44.514148,41.350497],[44.514034,41.350617],[44.513993,41.350672],[44.513895,41.350803],[44.513362,41.351566],[44.513281,41.351695],[44.513209,41.351835],[44.51315,41.351996],[44.513117,41.352128],[44.513101,41.352286],[44.513099,41.352514],[44.513128,41.352944],[44.513153,41.35306],[44.5132,41.353168],[44.513348,41.353353],[44.51347,41.353468],[44.513646,41.353607],[44.514002,41.353827],[44.514253,41.353962],[44.515074,41.354338],[44.515434,41.354482],[44.515691,41.354567],[44.515977,41.354633],[44.516186,41.354654],[44.516348,41.354653],[44.516734,41.354633],[44.517054,41.354566],[44.517235,41.354506],[44.51735,41.354462],[44.517511,41.354387],[44.518213,41.354028],[44.518375,41.353975],[44.518584,41.353963],[44.518744,41.353977],[44.518935,41.354009],[44.519043,41.354045],[44.519133,41.354086],[44.519229,41.354141],[44.519571,41.354462],[44.519636,41.354498],[44.519767,41.354547],[44.519938,41.354599],[44.520005,41.354611],[44.520239,41.354635],[44.520559,41.354646],[44.521371,41.354671],[44.521615,41.354679],[44.522214,41.354727],[44.52231,41.354744],[44.522429,41.354774],[44.522535,41.354826],[44.522639,41.354902],[44.522797,41.355051],[44.522823,41.355089],[44.522869,41.35519],[44.522872,41.35528],[44.522842,41.355347],[44.52274,41.355465],[44.522594,41.355522],[44.52225,41.355583],[44.522157,41.355593],[44.521834,41.355608],[44.520978,41.355579],[44.520154,41.355551],[44.519512,41.355545],[44.518828,41.355582],[44.518262,41.355644],[44.517119,41.355826],[44.516441,41.355927],[44.515155,41.356108],[44.513809,41.356336],[44.513732,41.356354],[44.513604,41.356392],[44.513455,41.356446],[44.513258,41.356542],[44.513163,41.356602],[44.512973,41.356771],[44.512705,41.357049],[44.512124,41.357731],[44.511707,41.358205],[44.511564,41.358358],[44.511413,41.358443],[44.511277,41.358461],[44.511102,41.358456],[44.510954,41.358419],[44.51079,41.358344],[44.510649,41.358253],[44.510563,41.358177],[44.510468,41.358069],[44.510392,41.357944],[44.510365,41.357724],[44.510285,41.357268],[44.510243,41.357104],[44.510198,41.356986],[44.510094,41.356843],[44.509421,41.356158],[44.50926,41.355965],[44.509137,41.355784],[44.50903,41.355594],[44.508752,41.355101],[44.508665,41.354956],[44.508576,41.354845],[44.508431,41.354734],[44.508321,41.354682],[44.50781,41.354461],[44.507373,41.354285],[44.507298,41.354236],[44.507245,41.354139],[44.507216,41.354067],[44.507172,41.35384],[44.507128,41.35331],[44.50708,41.352724],[44.507073,41.352482],[44.507093,41.351852],[44.50715,41.351292],[44.50722,41.351021],[44.507269,41.350875],[44.507331,41.350735],[44.50737,41.350674],[44.507444,41.350606],[44.507553,41.350532],[44.508115,41.35027],[44.508561,41.350049],[44.508656,41.349978],[44.508815,41.349832],[44.508879,41.349715],[44.508898,41.349647],[44.508897,41.349552],[44.508855,41.349475],[44.508478,41.349125],[44.508342,41.348987],[44.508288,41.348905],[44.508255,41.348811],[44.508269,41.348621],[44.508295,41.348543],[44.508408,41.348409],[44.508811,41.348118],[44.508967,41.347984],[44.509074,41.347854],[44.509096,41.347808],[44.509114,41.347733],[44.509134,41.347474],[44.509119,41.347366],[44.509096,41.347275],[44.509046,41.347169],[44.50901,41.347132],[44.508906,41.34708],[44.508817,41.34705],[44.508535,41.346957],[44.508443,41.346898],[44.508399,41.346859],[44.508325,41.346735],[44.508301,41.346574],[44.508261,41.345259],[44.50821,41.344817],[44.508185,41.344681],[44.508144,41.344564],[44.508127,41.344535],[44.508069,41.344458],[44.50762,41.344047],[44.507324,41.343776],[44.507215,41.343653],[44.507197,41.343576],[44.507195,41.343518],[44.507211,41.343411],[44.507276,41.343272],[44.507379,41.343144],[44.507538,41.342973],[44.50767,41.34285],[44.507955,41.342586],[44.508096,41.342444],[44.508184,41.342315],[44.508222,41.342162],[44.50823,41.342061],[44.508321,41.341488],[44.508406,41.341397],[44.508473,41.341365]],[[44.469981,41.402802],[44.470201,41.402794],[44.470706,41.402853],[44.47096,41.402928],[44.471278,41.4031],[44.472352,41.403747],[44.472589,41.403863],[44.472886,41.403985],[44.473104,41.404054],[44.473374,41.404112],[44.473605,41.404129],[44.474584,41.404164],[44.475738,41.404169],[44.4778,41.404179],[44.478024,41.404179],[44.47899,41.404144],[44.479543,41.404103],[44.48022,41.404011],[44.480947,41.403882],[44.480526,41.403091],[44.480095,41.402353],[44.479614,41.401613],[44.479143,41.400996],[44.47776,41.39938],[44.475729,41.397274],[44.474519,41.396067],[44.473441,41.395131],[44.471455,41.39352],[44.468771,41.391546],[44.466811,41.390173],[44.463654,41.38806],[44.462801,41.387558],[44.462364,41.387335],[44.462012,41.387186],[44.460297,41.386543],[44.459932,41.386422],[44.459505,41.386308],[44.459103,41.386239],[44.458568,41.386183],[44.457311,41.386093],[44.456928,41.386096],[44.456641,41.386115],[44.45645,41.38614],[44.456234,41.386181],[44.455327,41.386424],[44.45524,41.38645],[44.454766,41.386632],[44.454365,41.386842],[44.454095,41.387013],[44.453491,41.387472],[44.453135,41.387832],[44.452929,41.388088],[44.452784,41.388308],[44.452528,41.388757],[44.4524,41.389048],[44.452348,41.389191],[44.452277,41.389464],[44.452206,41.389836],[44.452162,41.390238],[44.452111,41.391006],[44.452145,41.391345],[44.452224,41.391738],[44.452507,41.392828],[44.452668,41.393317],[44.45282,41.393709],[44.453465,41.395058],[44.453491,41.395108],[44.453798,41.395607],[44.454075,41.395961],[44.454393,41.396303],[44.455224,41.397104],[44.45587,41.397643],[44.457436,41.398814],[44.459095,41.399983],[44.461368,41.401481],[44.463092,41.402661],[44.463668,41.403078],[44.463931,41.403287],[44.46463,41.403897],[44.465055,41.404077],[44.465277,41.404139],[44.465594,41.404172],[44.466113,41.404178],[44.466796,41.404178],[44.467113,41.404178],[44.467295,41.404169],[44.467481,41.404149],[44.467678,41.404103],[44.467937,41.404022],[44.468234,41.403896],[44.468348,41.403858],[44.46852,41.403774],[44.468997,41.40335],[44.469318,41.403027],[44.469414,41.402957],[44.469536,41.402902],[44.469784,41.402829],[44.469981,41.402802]],[[44.610816,41.347182],[44.610773,41.347113],[44.610477,41.347422],[44.609458,41.348576],[44.609027,41.349123],[44.608793,41.349459],[44.608442,41.350051],[44.608225,41.350512],[44.60813,41.350758],[44.60833,41.350753],[44.608577,41.350732],[44.608759,41.350683],[44.608858,41.350619],[44.609059,41.35039],[44.609901,41.348829],[44.61007,41.34858],[44.610765,41.347696],[44.61084,41.347533],[44.61087,41.347395],[44.610816,41.347182]]]}},{"type":"Feature","properties":{"Zone":"მევენახეობის ზონა","Color":"#A0CF6B","isBg":false,"Area_km2":589.07},"geometry":{"type":"Polygon","coordinates":[[[44.33736,41.702097],[44.337438,41.70195],[44.337479,41.70188],[44.33752,41.701814],[44.337563,41.70175],[44.337607,41.701688],[44.337658,41.701621],[44.337712,41.701554],[44.33777,41.701487],[44.33783,41.70142],[44.337894,41.701355],[44.337961,41.701289],[44.338031,41.701224],[44.338104,41.701159],[44.338181,41.701094],[44.338261,41.70103],[44.338344,41.700965],[44.33843,41.700901],[44.33852,41.700837],[44.338613,41.700773],[44.338811,41.700645],[44.339014,41.700523],[44.339232,41.700399],[44.339467,41.700273],[44.339721,41.700143],[44.339984,41.700015],[44.340276,41.699878],[44.340593,41.699733],[44.341108,41.699502],[44.341441,41.699353],[44.341703,41.699238],[44.341942,41.699136],[44.342165,41.699044],[44.342381,41.698958],[44.342588,41.698879],[44.342788,41.698806],[44.342983,41.69874],[44.343177,41.698677],[44.343368,41.698621],[44.343554,41.69857],[44.343737,41.698524],[44.343916,41.698485],[44.344093,41.69845],[44.344267,41.698421],[44.344438,41.698398],[44.344561,41.698385],[44.344689,41.698376],[44.344824,41.698371],[44.344968,41.69837],[44.345123,41.698373],[44.345295,41.69838],[44.345478,41.698389],[44.345997,41.698421],[44.346158,41.698429],[44.346301,41.698433],[44.346466,41.698435],[44.34662,41.698432],[44.346764,41.698424],[44.346901,41.698412],[44.347062,41.698393],[44.347222,41.698372],[44.347382,41.698348],[44.34754,41.698323],[44.347697,41.698295],[44.347852,41.698265],[44.348005,41.698233],[44.348156,41.6982],[44.348304,41.698164],[44.34845,41.698126],[44.348593,41.698087],[44.348733,41.698046],[44.34887,41.698003],[44.349004,41.697958],[44.349134,41.697911],[44.349261,41.697863],[44.349354,41.697826],[44.349447,41.697787],[44.349541,41.697745],[44.349636,41.6977],[44.34983,41.697602],[44.350032,41.697492],[44.350231,41.697377],[44.350448,41.697244],[44.35067,41.697103],[44.351092,41.696831],[44.351278,41.696709],[44.351468,41.696579],[44.351664,41.696441],[44.351867,41.696293],[44.352074,41.696138],[44.352297,41.695967],[44.352542,41.695777],[44.352871,41.695517],[44.353094,41.695338],[44.353317,41.695152],[44.353541,41.694959],[44.353767,41.694759],[44.353995,41.694552],[44.354226,41.694335],[44.354461,41.694109],[44.354702,41.693871],[44.355079,41.693489],[44.355489,41.693062],[44.355912,41.692611],[44.356741,41.691716],[44.357089,41.691343],[44.357457,41.690955],[44.357791,41.69061],[44.358014,41.69038],[44.358244,41.690139],[44.358484,41.689885],[44.358736,41.689613],[44.359239,41.689062],[44.360216,41.687978],[44.360624,41.687528],[44.361055,41.687061],[44.361447,41.686644],[44.361681,41.686402],[44.361908,41.68617],[44.36213,41.685948],[44.362348,41.685734],[44.362564,41.685527],[44.362777,41.685326],[44.362989,41.685132],[44.363199,41.684943],[44.36353,41.684645],[44.364198,41.684026],[44.364485,41.683763],[44.364643,41.683622],[44.364793,41.683492],[44.364936,41.683371],[44.365075,41.683256],[44.365238,41.683125],[44.365397,41.683002],[44.365555,41.682886],[44.36571,41.682777],[44.365865,41.682673],[44.36602,41.682574],[44.366174,41.682481],[44.366328,41.682393],[44.366561,41.682266],[44.366775,41.682151],[44.366979,41.682045],[44.367174,41.681948],[44.367363,41.681856],[44.367548,41.681771],[44.367727,41.681691],[44.367903,41.681617],[44.368078,41.681548],[44.36825,41.681484],[44.368419,41.681425],[44.368585,41.681371],[44.368749,41.681322],[44.368912,41.681278],[44.369072,41.681239],[44.36923,41.681205],[44.369398,41.681174],[44.36957,41.681145],[44.369746,41.68112],[44.369925,41.681098],[44.370107,41.68108],[44.370291,41.681064],[44.370477,41.681053],[44.370666,41.681044],[44.370855,41.681039],[44.371045,41.681038],[44.371236,41.68104],[44.371426,41.681045],[44.371615,41.681054],[44.371804,41.681066],[44.37199,41.681082],[44.372174,41.681101],[44.372311,41.681118],[44.372449,41.681137],[44.372588,41.681159],[44.37273,41.681184],[44.372872,41.681211],[44.373016,41.68124],[44.373162,41.681273],[44.373309,41.681307],[44.373457,41.681345],[44.373607,41.681385],[44.373757,41.681427],[44.373909,41.681472],[44.374061,41.681519],[44.374214,41.681569],[44.374368,41.681621],[44.374523,41.681676],[44.374868,41.681802],[44.375146,41.681909],[44.375394,41.682012],[44.375508,41.682062],[44.375617,41.682112],[44.375723,41.682163],[44.375823,41.682214],[44.375919,41.682265],[44.376011,41.682317],[44.376098,41.682369],[44.376181,41.682421],[44.37626,41.682474],[44.376334,41.682528],[44.376411,41.682587],[44.376486,41.682651],[44.376559,41.682718],[44.376631,41.682789],[44.376702,41.682864],[44.376772,41.682944],[44.376841,41.683028],[44.37691,41.683118],[44.377025,41.683279],[44.377146,41.683464],[44.377257,41.683645],[44.377517,41.684081],[44.377655,41.6843],[44.377735,41.684425],[44.377812,41.684553],[44.377887,41.684686],[44.377961,41.684823],[44.378033,41.684965],[44.378104,41.685112],[44.378174,41.685265],[44.378244,41.685426],[44.378356,41.685701],[44.378474,41.68601],[44.378581,41.686307],[44.378832,41.687017],[44.378964,41.687374],[44.379031,41.687548],[44.379097,41.687712],[44.379162,41.687866],[44.379228,41.688014],[44.379295,41.688159],[44.379363,41.688298],[44.379432,41.688433],[44.379503,41.688563],[44.379575,41.688689],[44.37965,41.688811],[44.379726,41.68893],[44.379804,41.689046],[44.379926,41.689225],[44.380197,41.689631],[44.380317,41.689805],[44.380464,41.69001],[44.380603,41.690189],[44.38068,41.690283],[44.380758,41.690372],[44.380835,41.690456],[44.380912,41.690536],[44.380991,41.690612],[44.38107,41.690685],[44.38115,41.690753],[44.381232,41.690819],[44.381308,41.690876],[44.381387,41.690934],[44.381555,41.691048],[44.381735,41.69116],[44.381928,41.691272],[44.382134,41.691383],[44.382352,41.691492],[44.382584,41.691601],[44.382829,41.69171],[44.383053,41.691803],[44.383286,41.691891],[44.383525,41.691975],[44.383771,41.692055],[44.384023,41.69213],[44.384279,41.692199],[44.38454,41.692264],[44.384804,41.692322],[44.384984,41.692358],[44.385175,41.692389],[44.385378,41.692418],[44.385598,41.692443],[44.38577,41.692461],[44.385961,41.692478],[44.386789,41.692542],[44.386983,41.692559],[44.387156,41.692576],[44.387312,41.692589],[44.387485,41.6926],[44.387686,41.69261],[44.388112,41.692624],[44.388296,41.692632],[44.388489,41.692643],[44.38866,41.692657],[44.388759,41.692668],[44.388854,41.69268],[44.388945,41.692693],[44.389032,41.692709],[44.389116,41.692726],[44.389196,41.692745],[44.389274,41.692765],[44.389349,41.692788],[44.389478,41.692833],[44.389611,41.692887],[44.389747,41.69295],[44.38989,41.693023],[44.39001,41.693089],[44.390143,41.693167],[44.390603,41.693449],[44.390787,41.693558],[44.390901,41.693626],[44.391017,41.693703],[44.391136,41.693788],[44.39126,41.693882],[44.391376,41.693976],[44.391504,41.694083],[44.391969,41.694493],[44.392164,41.694658],[44.392271,41.694745],[44.392373,41.694823],[44.392471,41.694894],[44.392567,41.694959],[44.392684,41.695032],[44.392801,41.695098],[44.392916,41.695156],[44.393031,41.695206],[44.393147,41.695249],[44.393264,41.695286],[44.393381,41.695315],[44.3935,41.695337],[44.393701,41.695368],[44.393866,41.695389],[44.394017,41.695404],[44.394155,41.695412],[44.394286,41.695415],[44.394407,41.695411],[44.394519,41.6954],[44.394572,41.695393],[44.394623,41.695383],[44.394704,41.695364],[44.394786,41.695338],[44.394871,41.695305],[44.394961,41.695265],[44.395034,41.695229],[44.395115,41.695186],[44.395413,41.695014],[44.395537,41.694947],[44.39567,41.694883],[44.395997,41.694737],[44.396078,41.694697],[44.396148,41.69466],[44.396228,41.694613],[44.396295,41.694566],[44.396352,41.694518],[44.396398,41.69447],[44.396425,41.694435],[44.396449,41.694398],[44.39647,41.694358],[44.396488,41.694316],[44.396504,41.694271],[44.396517,41.694224],[44.396527,41.694174],[44.396535,41.69412],[44.396542,41.694016],[44.396542,41.693897],[44.396537,41.693793],[44.39652,41.693565],[44.396515,41.693468],[44.396505,41.693326],[44.396488,41.69318],[44.396462,41.693029],[44.396428,41.692873],[44.396386,41.692711],[44.396335,41.692543],[44.396275,41.692368],[44.396205,41.692182],[44.396172,41.6921],[44.396135,41.692017],[44.396095,41.691932],[44.396051,41.691846],[44.396004,41.691759],[44.395953,41.691669],[44.395838,41.691483],[44.395725,41.691312],[44.395594,41.691124],[44.395465,41.690947],[44.395173,41.690549],[44.395045,41.690371],[44.39497,41.690267],[44.394889,41.69016],[44.3948,41.690049],[44.394703,41.689931],[44.394514,41.689709],[44.394026,41.689154],[44.39389,41.688994],[44.393772,41.688848],[44.393647,41.688685],[44.393537,41.688531],[44.393439,41.688381],[44.393352,41.688236],[44.39328,41.688104],[44.393211,41.687971],[44.393144,41.687835],[44.393079,41.687698],[44.393017,41.687559],[44.392958,41.687418],[44.392901,41.687275],[44.392847,41.687131],[44.392795,41.686986],[44.392747,41.68684],[44.392701,41.686692],[44.392659,41.686544],[44.392619,41.686395],[44.392582,41.686245],[44.392548,41.686095],[44.392517,41.685944],[44.392493,41.685811],[44.392471,41.685676],[44.392451,41.685539],[44.392434,41.685402],[44.39242,41.685263],[44.392408,41.685124],[44.392399,41.684984],[44.392392,41.684843],[44.392388,41.684701],[44.392387,41.684559],[44.392388,41.684416],[44.392391,41.684272],[44.392397,41.684129],[44.392406,41.683985],[44.392418,41.683841],[44.392432,41.683697],[44.392452,41.68353],[44.392479,41.683356],[44.392512,41.683174],[44.392553,41.682981],[44.392598,41.682787],[44.392652,41.682573],[44.392823,41.681934],[44.39301,41.681228],[44.393111,41.680866],[44.393215,41.680517],[44.393267,41.680357],[44.393318,41.680205],[44.393375,41.680047],[44.393432,41.679896],[44.393491,41.679751],[44.393552,41.679611],[44.393614,41.679475],[44.393678,41.679343],[44.393744,41.679215],[44.393813,41.679091],[44.393918,41.678913],[44.394034,41.678734],[44.394159,41.678554],[44.394294,41.678371],[44.394439,41.678187],[44.394595,41.678],[44.394762,41.67781],[44.39494,41.677615],[44.395122,41.677426],[44.395316,41.677231],[44.395524,41.677028],[44.39575,41.676816],[44.395981,41.676603],[44.39624,41.67637],[44.397002,41.675698],[44.39724,41.675492],[44.397488,41.675286],[44.397748,41.675079],[44.398019,41.674871],[44.398302,41.674661],[44.398598,41.674448],[44.398908,41.674231],[44.399235,41.67401],[44.399536,41.673811],[44.399854,41.673605],[44.400192,41.673391],[44.400557,41.673163],[44.401147,41.672801],[44.402559,41.671946],[44.403194,41.671558],[44.403896,41.671126],[44.404573,41.670715],[44.40523,41.670321],[44.40587,41.669942],[44.406497,41.669577],[44.407112,41.669224],[44.407716,41.668883],[44.408312,41.668552],[44.408902,41.66823],[44.409485,41.667918],[44.410061,41.667616],[44.410633,41.667322],[44.411199,41.667037],[44.411761,41.666761],[44.412319,41.666492],[44.412873,41.666232],[44.413056,41.666145],[44.413259,41.666045],[44.413915,41.665709],[44.414152,41.66559],[44.41438,41.665479],[44.414589,41.665384],[44.41472,41.665327],[44.414848,41.665275],[44.414972,41.665227],[44.415093,41.665182],[44.415212,41.665142],[44.415329,41.665105],[44.415445,41.665072],[44.415559,41.665042],[44.415666,41.665017],[44.415775,41.664993],[44.415886,41.66497],[44.415999,41.66495],[44.416231,41.664912],[44.41647,41.664881],[44.416717,41.664856],[44.416971,41.664837],[44.417232,41.664824],[44.4175,41.664817],[44.417775,41.664817],[44.418056,41.664822],[44.418342,41.664834],[44.418634,41.664852],[44.41893,41.664876],[44.419231,41.664906],[44.419534,41.664942],[44.41984,41.664984],[44.419971,41.665004],[44.420104,41.665027],[44.420239,41.665053],[44.420377,41.665082],[44.420519,41.665114],[44.420664,41.665149],[44.420814,41.665188],[44.420969,41.66523],[44.421229,41.665304],[44.421516,41.665392],[44.421799,41.665481],[44.42253,41.665716],[44.422935,41.665842],[44.423166,41.665908],[44.423426,41.66598],[44.424299,41.666207],[44.424621,41.666294],[44.424934,41.666383],[44.425212,41.666469],[44.42538,41.666525],[44.425539,41.666581],[44.425689,41.666637],[44.425833,41.666695],[44.425971,41.666755],[44.426103,41.666815],[44.426229,41.666878],[44.426349,41.666942],[44.426449,41.666998],[44.426549,41.667057],[44.426649,41.667119],[44.42675,41.667185],[44.426852,41.667253],[44.426954,41.667325],[44.427059,41.6674],[44.427164,41.667479],[44.427376,41.667645],[44.427601,41.66783],[44.427844,41.668039],[44.428156,41.668315],[44.428245,41.668396],[44.428333,41.668479],[44.42842,41.668566],[44.428507,41.668656],[44.428594,41.668749],[44.428681,41.668847],[44.428769,41.668948],[44.428857,41.669055],[44.42902,41.669259],[44.429194,41.669488],[44.429366,41.669724],[44.429826,41.670365],[44.429968,41.670557],[44.430099,41.670728],[44.430253,41.670921],[44.430402,41.671098],[44.43055,41.671263],[44.430697,41.671417],[44.430969,41.671688],[44.431238,41.671948],[44.431505,41.672198],[44.43177,41.672438],[44.432034,41.67267],[44.432296,41.672892],[44.432559,41.673107],[44.432821,41.673313],[44.433476,41.673821],[44.433825,41.674085],[44.434001,41.674214],[44.434168,41.674332],[44.434328,41.674443],[44.434484,41.674546],[44.434649,41.67465],[44.43481,41.674748],[44.434969,41.674839],[44.435126,41.674925],[44.435282,41.675005],[44.435438,41.675079],[44.435593,41.675149],[44.435747,41.675213],[44.435879,41.675264],[44.436013,41.675314],[44.436149,41.675362],[44.436286,41.675409],[44.436425,41.675454],[44.436565,41.675498],[44.436707,41.675539],[44.436849,41.675579],[44.436991,41.675617],[44.437135,41.675653],[44.437278,41.675687],[44.437421,41.675719],[44.437564,41.675749],[44.437706,41.675777],[44.437848,41.675802],[44.437989,41.675825],[44.438179,41.675853],[44.438373,41.675877],[44.438572,41.675897],[44.438775,41.675913],[44.438983,41.675925],[44.439195,41.675933],[44.439412,41.675937],[44.439633,41.675938],[44.439858,41.675934],[44.440089,41.675927],[44.440324,41.675916],[44.440564,41.675901],[44.440808,41.675882],[44.441058,41.67586],[44.441314,41.675833],[44.441575,41.675803],[44.441798,41.675774],[44.442019,41.675742],[44.442238,41.675707],[44.442455,41.675669],[44.442669,41.675628],[44.442879,41.675585],[44.443087,41.675539],[44.44329,41.67549],[44.443471,41.675444],[44.443651,41.675395],[44.443831,41.675344],[44.444009,41.675291],[44.444186,41.675235],[44.444361,41.675178],[44.444534,41.675118],[44.444705,41.675057],[44.444873,41.674993],[44.445039,41.674928],[44.445202,41.67486],[44.445363,41.674792],[44.44552,41.674721],[44.445675,41.674649],[44.445826,41.674575],[44.445974,41.6745],[44.446139,41.674412],[44.446304,41.67432],[44.446468,41.674224],[44.446631,41.674124],[44.446793,41.67402],[44.446954,41.673913],[44.447113,41.673802],[44.447271,41.673687],[44.447427,41.67357],[44.447581,41.673449],[44.447732,41.673325],[44.447882,41.673198],[44.448028,41.673069],[44.448172,41.672937],[44.448313,41.672803],[44.448451,41.672667],[44.448648,41.672461],[44.448837,41.672253],[44.449016,41.672044],[44.449185,41.671832],[44.449265,41.671727],[44.449343,41.671621],[44.449418,41.671515],[44.44949,41.671409],[44.449559,41.671303],[44.449626,41.671198],[44.449689,41.671093],[44.449749,41.670988],[44.449811,41.670875],[44.449871,41.670759],[44.449929,41.670643],[44.449985,41.670524],[44.450038,41.670405],[44.450089,41.670284],[44.450138,41.670161],[44.450184,41.670038],[44.450228,41.669914],[44.450269,41.669788],[44.450307,41.669662],[44.450344,41.669536],[44.450377,41.669408],[44.450408,41.669281],[44.450436,41.669153],[44.450461,41.669025],[44.450487,41.668869],[44.450505,41.668705],[44.450516,41.668531],[44.450521,41.668345],[44.45052,41.668183],[44.450516,41.668002],[44.450489,41.667421],[44.450481,41.667218],[44.450478,41.66703],[44.45048,41.666859],[44.450483,41.666678],[44.450483,41.666475],[44.450474,41.665807],[44.450473,41.665563],[44.450476,41.665325],[44.450483,41.665111],[44.450491,41.664979],[44.450501,41.664853],[44.450513,41.664731],[44.450527,41.664613],[44.450544,41.664498],[44.450563,41.664387],[44.450585,41.664278],[44.45061,41.664172],[44.450694,41.663835],[44.450764,41.663581],[44.450835,41.663353],[44.450871,41.663247],[44.450908,41.663147],[44.450948,41.663047],[44.450988,41.662952],[44.45103,41.66286],[44.451074,41.662771],[44.45112,41.662686],[44.451167,41.662605],[44.451216,41.662526],[44.451266,41.66245],[44.451355,41.66233],[44.451454,41.66221],[44.451563,41.662091],[44.451683,41.661972],[44.451812,41.661853],[44.451952,41.661735],[44.452103,41.661616],[44.452265,41.661497],[44.452435,41.66138],[44.452616,41.661261],[44.45281,41.661141],[44.453018,41.661018],[44.453239,41.660893],[44.453479,41.660762],[44.453745,41.660622],[44.454065,41.660457],[44.454475,41.660251],[44.454647,41.660167],[44.454808,41.660091],[44.454965,41.660019],[44.455115,41.659953],[44.455261,41.659891],[44.455403,41.659834],[44.455545,41.659779],[44.455685,41.659729],[44.455822,41.659682],[44.455957,41.65964],[44.45609,41.659601],[44.456222,41.659565],[44.456352,41.659534],[44.456481,41.659506],[44.456634,41.659476],[44.456788,41.659449],[44.456943,41.659425],[44.457099,41.659404],[44.457254,41.659386],[44.457408,41.659372],[44.457561,41.65936],[44.457712,41.659351],[44.458007,41.659339],[44.458245,41.659334],[44.458459,41.659335],[44.458654,41.659342],[44.458748,41.659348],[44.458839,41.659356],[44.458926,41.659366],[44.45901,41.659377],[44.459091,41.65939],[44.459169,41.659404],[44.459244,41.659421],[44.459316,41.659439],[44.459396,41.659462],[44.459476,41.659488],[44.459557,41.659518],[44.459638,41.65955],[44.459721,41.659586],[44.459804,41.659625],[44.459888,41.659668],[44.459973,41.659713],[44.460058,41.659762],[44.460145,41.659814],[44.460232,41.65987],[44.460322,41.659929],[44.460412,41.659992],[44.460505,41.660059],[44.460701,41.660208],[44.460781,41.660273],[44.460859,41.660342],[44.460935,41.660414],[44.46101,41.660491],[44.461084,41.660571],[44.461157,41.660656],[44.461229,41.660746],[44.461301,41.660841],[44.461367,41.660934],[44.461433,41.661031],[44.461501,41.661136],[44.461571,41.661248],[44.461703,41.66147],[44.46197,41.661939],[44.462055,41.662091],[44.462135,41.662248],[44.46221,41.66241],[44.462281,41.662578],[44.462348,41.662751],[44.462411,41.662932],[44.462471,41.663121],[44.462528,41.663318],[44.462571,41.663483],[44.462613,41.663655],[44.462654,41.663838],[44.462695,41.664035],[44.462765,41.664396],[44.462918,41.665239],[44.462999,41.665641],[44.463039,41.665824],[44.46308,41.665997],[44.463121,41.666161],[44.463165,41.666317],[44.463234,41.666566],[44.463303,41.666826],[44.463372,41.667102],[44.463444,41.667397],[44.463569,41.667944],[44.463857,41.669244],[44.463936,41.669584],[44.464009,41.66989],[44.464088,41.670201],[44.464165,41.670493],[44.464243,41.67077],[44.464322,41.671035],[44.464432,41.671377],[44.464546,41.671704],[44.464605,41.671862],[44.464665,41.672017],[44.464727,41.67217],[44.46479,41.672319],[44.464854,41.672466],[44.46492,41.67261],[44.464988,41.672752],[44.465058,41.672892],[44.465129,41.673029],[44.465202,41.673164],[44.465276,41.673297],[44.465353,41.673428],[44.465483,41.673652],[44.465799,41.674218],[44.465948,41.674478],[44.466033,41.674618],[44.466115,41.674747],[44.466194,41.674868],[44.466274,41.674982],[44.466365,41.675107],[44.466457,41.675224],[44.466551,41.675335],[44.466645,41.675439],[44.466742,41.675538],[44.466841,41.675632],[44.466942,41.67572],[44.467046,41.675803],[44.467147,41.675879],[44.467253,41.675955],[44.467363,41.676029],[44.467477,41.676102],[44.467595,41.676174],[44.467716,41.676245],[44.467841,41.676315],[44.467968,41.676383],[44.468099,41.676449],[44.468233,41.676514],[44.468368,41.676577],[44.468506,41.676637],[44.468645,41.676696],[44.468786,41.676752],[44.468928,41.676805],[44.46907,41.676856],[44.469205,41.676901],[44.46934,41.676945],[44.469475,41.676986],[44.46961,41.677025],[44.469744,41.677062],[44.469878,41.677097],[44.470011,41.677129],[44.470143,41.677159],[44.470274,41.677186],[44.470404,41.677211],[44.470533,41.677233],[44.47066,41.677253],[44.470786,41.67727],[44.47091,41.677285],[44.471032,41.677297],[44.471153,41.677307],[44.471266,41.677313],[44.471381,41.677318],[44.471499,41.67732],[44.471619,41.677321],[44.471742,41.677319],[44.471867,41.677315],[44.471995,41.677309],[44.472126,41.677301],[44.472259,41.67729],[44.472395,41.677278],[44.472678,41.677246],[44.472976,41.677206],[44.473295,41.677156],[44.473519,41.677115],[44.473751,41.677066],[44.473991,41.677008],[44.474244,41.67694],[44.474501,41.676865],[44.474781,41.676778],[44.475086,41.676679],[44.475548,41.676524],[44.475886,41.676408],[44.476213,41.676291],[44.47653,41.676171],[44.476836,41.676049],[44.477086,41.675943],[44.477338,41.67583],[44.47759,41.675708],[44.477844,41.675579],[44.4781,41.675442],[44.47836,41.675295],[44.478624,41.675139],[44.478895,41.674972],[44.479119,41.674829],[44.47935,41.674677],[44.479591,41.674515],[44.479847,41.674339],[44.480324,41.674003],[44.48118,41.673388],[44.481512,41.673151],[44.481852,41.672914],[44.48216,41.672703],[44.48235,41.672574],[44.482546,41.672438],[44.482969,41.672136],[44.483373,41.671842],[44.484365,41.67111],[44.484642,41.670908],[44.484894,41.670728],[44.485169,41.670535],[44.485431,41.670356],[44.485682,41.670189],[44.485927,41.670032],[44.486295,41.669796],[44.487106,41.669269],[44.487443,41.669053],[44.487657,41.66892],[44.487858,41.668798],[44.488051,41.668684],[44.488236,41.668577],[44.488443,41.668462],[44.488645,41.668355],[44.488843,41.668254],[44.489037,41.66816],[44.48923,41.668072],[44.48942,41.66799],[44.489609,41.667914],[44.489797,41.667843],[44.489981,41.667777],[44.490167,41.667713],[44.490354,41.667652],[44.490541,41.667593],[44.49073,41.667536],[44.490918,41.667482],[44.491106,41.66743],[44.491295,41.667381],[44.491482,41.667335],[44.491669,41.667291],[44.491855,41.66725],[44.49204,41.667212],[44.492223,41.667177],[44.492406,41.667145],[44.492586,41.667115],[44.492765,41.667089],[44.492953,41.667065],[44.493144,41.667046],[44.493341,41.667032],[44.493544,41.667022],[44.493753,41.667016],[44.493969,41.667015],[44.494193,41.667019],[44.494427,41.667026],[44.494621,41.667036],[44.494825,41.667048],[44.49504,41.667064],[44.49527,41.667083],[44.495694,41.667122],[44.496697,41.667221],[44.496957,41.667245],[44.497191,41.667265],[44.497426,41.667282],[44.497648,41.667295],[44.497858,41.667306],[44.49806,41.667313],[44.498309,41.667322],[44.498587,41.667337],[44.498853,41.667355],[44.499475,41.667402],[44.499777,41.667421],[44.500051,41.667434],[44.500298,41.667441],[44.500459,41.667443],[44.500612,41.667441],[44.50076,41.667436],[44.500902,41.667429],[44.50104,41.667418],[44.501174,41.667404],[44.501304,41.667387],[44.501431,41.667367],[44.501929,41.66728],[44.502104,41.667247],[44.502262,41.667215],[44.502416,41.667181],[44.502559,41.667146],[44.502692,41.66711],[44.502817,41.667073],[44.502939,41.667033],[44.503053,41.666991],[44.503159,41.666946],[44.503257,41.6669],[44.503348,41.666852],[44.503431,41.666802],[44.503507,41.666749],[44.503576,41.666695],[44.503623,41.666652],[44.503668,41.666606],[44.503712,41.666557],[44.503754,41.666505],[44.503794,41.666449],[44.503833,41.66639],[44.503871,41.666327],[44.503908,41.66626],[44.503973,41.666126],[44.504038,41.665973],[44.504094,41.665825],[44.504228,41.665454],[44.504283,41.665302],[44.504331,41.66516],[44.504374,41.665024],[44.50441,41.664894],[44.504441,41.664767],[44.504467,41.664645],[44.504488,41.664527],[44.504503,41.664412],[44.504512,41.664323],[44.504517,41.664232],[44.50452,41.664139],[44.50452,41.664045],[44.504517,41.663948],[44.504512,41.663851],[44.504504,41.663751],[44.504492,41.663649],[44.504479,41.663546],[44.504462,41.663441],[44.504442,41.663334],[44.50442,41.663225],[44.504367,41.663],[44.504302,41.662766],[44.504272,41.662674],[44.504237,41.662581],[44.504197,41.662486],[44.504151,41.662391],[44.504101,41.662295],[44.504044,41.662197],[44.503982,41.662096],[44.503914,41.661993],[44.503848,41.6619],[44.503776,41.661803],[44.503699,41.661701],[44.503613,41.661594],[44.50344,41.661385],[44.5031,41.660986],[44.502962,41.660823],[44.502824,41.660653],[44.502704,41.660498],[44.502638,41.660407],[44.502576,41.66032],[44.502519,41.660234],[44.502466,41.660151],[44.502416,41.660068],[44.502371,41.659988],[44.502329,41.659908],[44.502291,41.659829],[44.502147,41.659509],[44.502026,41.659223],[44.501922,41.658956],[44.501876,41.658828],[44.501833,41.658704],[44.501794,41.658581],[44.501758,41.65846],[44.501725,41.658342],[44.501696,41.658226],[44.50167,41.658112],[44.501647,41.657999],[44.501628,41.657889],[44.501612,41.65778],[44.501547,41.657344],[44.501523,41.657162],[44.501513,41.657064],[44.501507,41.656973],[44.501503,41.656887],[44.501502,41.656805],[44.501504,41.65672],[44.501511,41.656638],[44.50152,41.65656],[44.501533,41.656485],[44.50155,41.656414],[44.501571,41.656345],[44.501595,41.656279],[44.501624,41.656215],[44.501654,41.656156],[44.501689,41.656097],[44.501729,41.656037],[44.501773,41.655976],[44.501822,41.655914],[44.501875,41.655852],[44.501933,41.655788],[44.501996,41.655723],[44.502062,41.655659],[44.502133,41.655593],[44.50221,41.655525],[44.502292,41.655455],[44.502475,41.655309],[44.502702,41.655137],[44.502802,41.655067],[44.502908,41.655001],[44.503022,41.654938],[44.503142,41.654879],[44.503271,41.654823],[44.503407,41.65477],[44.503551,41.65472],[44.503705,41.654672],[44.503852,41.654632],[44.504008,41.654592],[44.504175,41.654554],[44.504356,41.654517],[44.504528,41.654484],[44.50472,41.654449],[44.505437,41.654328],[44.505731,41.654276],[44.505888,41.654246],[44.506033,41.654216],[44.50617,41.654186],[44.506299,41.654156],[44.50645,41.654117],[44.506593,41.654077],[44.506729,41.654035],[44.506857,41.653991],[44.50698,41.653945],[44.507096,41.653897],[44.507207,41.653846],[44.507313,41.653793],[44.507858,41.653511],[44.508073,41.653396],[44.508188,41.653331],[44.508293,41.65327],[44.508391,41.65321],[44.508481,41.653151],[44.508573,41.653087],[44.508659,41.653023],[44.508737,41.652959],[44.508809,41.652895],[44.508874,41.652831],[44.508933,41.652767],[44.508986,41.652702],[44.509033,41.652637],[44.509077,41.652566],[44.509117,41.652489],[44.509154,41.652406],[44.509189,41.652315],[44.509217,41.652233],[44.509245,41.65214],[44.509328,41.651829],[44.509361,41.651715],[44.509406,41.651574],[44.509518,41.651239],[44.509566,41.651087],[44.509613,41.650926],[44.509649,41.650783],[44.509665,41.650705],[44.509678,41.650631],[44.509688,41.650559],[44.509695,41.650489],[44.509699,41.650422],[44.5097,41.650357],[44.509698,41.650294],[44.509693,41.650232],[44.509685,41.65017],[44.509674,41.650108],[44.50966,41.650045],[44.509642,41.649982],[44.509622,41.649918],[44.509598,41.649853],[44.509571,41.649788],[44.509542,41.649722],[44.509509,41.649656],[44.509473,41.649589],[44.509434,41.649522],[44.509392,41.649454],[44.509346,41.649385],[44.509298,41.649316],[44.509191,41.649175],[44.509074,41.649034],[44.508944,41.648889],[44.5088,41.648741],[44.508643,41.648588],[44.508473,41.648432],[44.508286,41.648268],[44.50808,41.648094],[44.507839,41.647897],[44.507739,41.64782],[44.507634,41.647742],[44.507523,41.647666],[44.507406,41.647589],[44.507282,41.647513],[44.507152,41.647437],[44.507015,41.64736],[44.506869,41.647282],[44.506619,41.647154],[44.506334,41.647017],[44.506048,41.646885],[44.505309,41.64655],[44.505097,41.646451],[44.504909,41.64636],[44.504658,41.646239],[44.504394,41.646116],[44.504117,41.64599],[44.503821,41.64586],[44.503504,41.645723],[44.503152,41.645574],[44.501725,41.644982],[44.501109,41.644722],[44.500775,41.644576],[44.500465,41.644438],[44.500174,41.644304],[44.499898,41.644172],[44.499718,41.644087],[44.499514,41.643994],[44.498832,41.643695],[44.498583,41.643583],[44.498343,41.643471],[44.498132,41.643366],[44.498005,41.643299],[44.497885,41.643234],[44.497771,41.643168],[44.497664,41.643103],[44.497562,41.643037],[44.497466,41.642971],[44.497374,41.642904],[44.497288,41.642837],[44.497167,41.642737],[44.497048,41.642634],[44.496933,41.642528],[44.49682,41.642419],[44.49671,41.642308],[44.496605,41.642195],[44.496503,41.642081],[44.496405,41.641965],[44.496312,41.641848],[44.496224,41.641731],[44.496141,41.641613],[44.496063,41.641495],[44.49599,41.641376],[44.495922,41.641259],[44.49586,41.641142],[44.495804,41.641025],[44.495722,41.640839],[44.495649,41.640665],[44.495585,41.640498],[44.49553,41.640338],[44.495483,41.640184],[44.495445,41.640035],[44.495414,41.639891],[44.495391,41.639753],[44.495376,41.639619],[44.49537,41.63949],[44.495371,41.639366],[44.495381,41.639246],[44.495399,41.639132],[44.495425,41.639022],[44.495459,41.638917],[44.495479,41.638867],[44.495501,41.638817],[44.495529,41.63876],[44.495562,41.638702],[44.495598,41.638643],[44.495638,41.638583],[44.495681,41.638522],[44.495728,41.638461],[44.495779,41.638398],[44.495834,41.638335],[44.495954,41.638205],[44.49609,41.63807],[44.496244,41.637929],[44.496418,41.637778],[44.496507,41.637705],[44.496599,41.637633],[44.496694,41.637562],[44.496792,41.637492],[44.496893,41.637423],[44.496997,41.637356],[44.497104,41.63729],[44.497212,41.637226],[44.497323,41.637163],[44.497435,41.637102],[44.49755,41.637043],[44.497665,41.636987],[44.497782,41.636932],[44.4979,41.63688],[44.498018,41.63683],[44.498137,41.636783],[44.498237,41.636746],[44.49834,41.636709],[44.498447,41.636675],[44.498557,41.636641],[44.49867,41.636608],[44.498787,41.636577],[44.498908,41.636547],[44.499034,41.636518],[44.499295,41.636462],[44.499576,41.63641],[44.499882,41.63636],[44.500226,41.636311],[44.500435,41.636285],[44.500654,41.636266],[44.500887,41.636252],[44.501138,41.636244],[44.501355,41.636241],[44.501599,41.63624],[44.502387,41.63625],[44.502666,41.636251],[44.50293,41.636249],[44.503168,41.636243],[44.503406,41.636236],[44.503674,41.636232],[44.504552,41.636228],[44.50487,41.636224],[44.505176,41.636217],[44.505452,41.636205],[44.505621,41.636195],[44.505784,41.636182],[44.50594,41.636168],[44.50609,41.63615],[44.506235,41.636131],[44.506376,41.636109],[44.506513,41.636085],[44.506645,41.636057],[44.506793,41.636024],[44.506943,41.635986],[44.507094,41.635945],[44.507247,41.635901],[44.507403,41.635852],[44.507561,41.6358],[44.507722,41.635743],[44.507886,41.635683],[44.508051,41.635619],[44.508221,41.635551],[44.508394,41.635479],[44.508574,41.635401],[44.508759,41.635319],[44.508952,41.63523],[44.509381,41.635026],[44.509796,41.634825],[44.510071,41.634689],[44.510321,41.634563],[44.510545,41.634446],[44.510762,41.634328],[44.510963,41.634214],[44.51115,41.634102],[44.511325,41.633992],[44.511496,41.633877],[44.511655,41.633764],[44.511803,41.63365],[44.511941,41.633536],[44.512068,41.633421],[44.512185,41.633306],[44.512292,41.63319],[44.51239,41.633073],[44.512448,41.632997],[44.512504,41.632918],[44.512559,41.632835],[44.512612,41.632749],[44.512664,41.63266],[44.512714,41.632567],[44.512764,41.63247],[44.512812,41.632369],[44.512858,41.632267],[44.512903,41.63216],[44.512994,41.631928],[44.513086,41.631669],[44.513205,41.631311],[44.513248,41.631178],[44.513288,41.631043],[44.513326,41.630906],[44.513361,41.630767],[44.513394,41.630626],[44.513425,41.630484],[44.513453,41.630341],[44.513479,41.630196],[44.513502,41.630049],[44.513523,41.629901],[44.513541,41.629752],[44.513558,41.629601],[44.513571,41.629449],[44.513582,41.629296],[44.513591,41.629141],[44.513597,41.628986],[44.513599,41.628868],[44.513596,41.628744],[44.513588,41.628616],[44.513576,41.62848],[44.513558,41.628331],[44.513534,41.628167],[44.513422,41.627497],[44.513399,41.627343],[44.51338,41.627204],[44.513363,41.627044],[44.513352,41.626895],[44.513347,41.626754],[44.513348,41.626618],[44.513349,41.626456],[44.513345,41.626103],[44.513345,41.625948],[44.513351,41.625786],[44.513363,41.625642],[44.513374,41.625563],[44.513386,41.625487],[44.513402,41.625415],[44.51342,41.625346],[44.513441,41.625279],[44.513464,41.625215],[44.51349,41.625154],[44.51352,41.625094],[44.513551,41.625036],[44.513586,41.624978],[44.513625,41.624919],[44.513666,41.624859],[44.513757,41.624739],[44.513861,41.624618],[44.513976,41.624496],[44.514102,41.624374],[44.514238,41.624254],[44.514382,41.624135],[44.514458,41.624077],[44.514538,41.624021],[44.514623,41.623965],[44.514713,41.623909],[44.514807,41.623855],[44.514906,41.623801],[44.515011,41.623747],[44.515121,41.623693],[44.515233,41.623641],[44.515351,41.623589],[44.515476,41.623537],[44.515611,41.623483],[44.515902,41.623371],[44.516314,41.623221],[44.516573,41.62313],[44.516834,41.623045],[44.517096,41.622966],[44.517359,41.622894],[44.517622,41.622827],[44.517885,41.622767],[44.518145,41.622714],[44.518403,41.622668],[44.518549,41.622644],[44.518697,41.622623],[44.518848,41.622604],[44.519001,41.622586],[44.519158,41.62257],[44.519317,41.622556],[44.519479,41.622544],[44.519645,41.622534],[44.519812,41.622526],[44.519983,41.622519],[44.520157,41.622515],[44.520335,41.622512],[44.520515,41.622511],[44.520699,41.622511],[44.521078,41.622518],[44.521728,41.622536],[44.521936,41.622543],[44.522124,41.622552],[44.522312,41.622563],[44.522488,41.622576],[44.522655,41.622591],[44.522813,41.622608],[44.522972,41.622628],[44.523125,41.622651],[44.52327,41.622677],[44.523409,41.622706],[44.523542,41.622738],[44.52367,41.622772],[44.523792,41.62281],[44.523909,41.622851],[44.524052,41.622907],[44.524196,41.622968],[44.52434,41.623034],[44.524482,41.623104],[44.524611,41.623173],[44.524622,41.623179],[44.524759,41.623257],[44.524893,41.623338],[44.525022,41.623422],[44.525145,41.623508],[44.525263,41.623596],[44.525374,41.623686],[44.525479,41.623776],[44.525577,41.623868],[44.525667,41.623959],[44.52575,41.624051],[44.525824,41.624143],[44.525876,41.624214],[44.525925,41.62429],[44.525969,41.624369],[44.52601,41.624452],[44.526048,41.624539],[44.526083,41.624631],[44.526114,41.624728],[44.526143,41.624831],[44.526165,41.62492],[44.526185,41.625014],[44.526221,41.625222],[44.526249,41.625425],[44.526052,41.630675],[44.525813,41.637084],[44.525847,41.637296],[44.525887,41.637502],[44.525979,41.637934],[44.526059,41.638278],[44.526139,41.638589],[44.52618,41.638734],[44.526222,41.638874],[44.526266,41.639012],[44.526311,41.639146],[44.526358,41.639276],[44.526406,41.639401],[44.526456,41.639524],[44.526508,41.639643],[44.526562,41.639759],[44.526618,41.639872],[44.526808,41.640242],[44.526953,41.640508],[44.527024,41.640631],[44.527093,41.640746],[44.527162,41.640854],[44.52723,41.640957],[44.527302,41.641058],[44.527375,41.641155],[44.527448,41.641246],[44.527523,41.641334],[44.527599,41.641417],[44.527676,41.641496],[44.527755,41.641571],[44.527835,41.641643],[44.527934,41.641724],[44.528038,41.641804],[44.528148,41.641883],[44.528264,41.641961],[44.528386,41.642039],[44.528513,41.642115],[44.528645,41.642189],[44.528782,41.642262],[44.528924,41.642334],[44.529071,41.642404],[44.529221,41.642472],[44.529376,41.642537],[44.529533,41.642601],[44.529693,41.642662],[44.529856,41.64272],[44.53002,41.642775],[44.530155,41.642817],[44.530294,41.642856],[44.530439,41.642892],[44.530589,41.642926],[44.530745,41.642957],[44.530908,41.642986],[44.531077,41.643013],[44.531253,41.643037],[44.531424,41.643058],[44.531603,41.643077],[44.531792,41.643095],[44.531996,41.643111],[44.532397,41.643139],[44.533226,41.643189],[44.533588,41.643212],[44.533878,41.643227],[44.534142,41.643239],[44.534385,41.643246],[44.534619,41.64325],[44.534841,41.64325],[44.535054,41.643246],[44.535258,41.643238],[44.5354,41.643229],[44.535544,41.643219],[44.535691,41.643206],[44.53584,41.643191],[44.535992,41.643174],[44.536147,41.643154],[44.536306,41.643132],[44.536469,41.643108],[44.536802,41.643053],[44.537159,41.642987],[44.537548,41.642909],[44.538007,41.642811],[44.538222,41.642763],[44.538439,41.642712],[44.53866,41.642657],[44.538883,41.6426],[44.539109,41.64254],[44.539339,41.642476],[44.539573,41.642409],[44.539811,41.642338],[44.540077,41.642258],[44.540237,41.642205],[44.540351,41.642164],[44.540474,41.642115],[44.540608,41.642059],[44.540798,41.641977],[44.540935,41.641916],[44.541074,41.641853],[44.541354,41.641718],[44.54164,41.641572],[44.541933,41.641414],[44.542136,41.6413],[44.54229,41.641209],[44.542404,41.641138],[44.542522,41.641062],[44.542644,41.64098],[44.542774,41.640889],[44.542899,41.640799],[44.54303,41.6407],[44.54317,41.640591],[44.54333,41.640463],[44.543515,41.640313],[44.543616,41.64023],[44.543708,41.640149],[44.543788,41.640073],[44.543868,41.639991],[44.54395,41.639901],[44.544035,41.639801],[44.54413,41.639685],[44.544203,41.63959],[44.54428,41.639484],[44.544361,41.639366],[44.544476,41.639192],[44.544583,41.639026],[44.544696,41.638841],[44.544815,41.638638],[44.544996,41.638319],[44.545151,41.63804],[44.545318,41.637728],[44.545488,41.637399],[44.545794,41.636797],[44.546022,41.636347],[44.546246,41.635897],[44.546467,41.635445],[44.546685,41.634993],[44.546899,41.63454],[44.54711,41.634086],[44.547318,41.633632],[44.547522,41.633177],[44.547619,41.632954],[44.547714,41.632721],[44.54781,41.632474],[44.547908,41.63221],[44.547996,41.631964],[44.54809,41.63169],[44.548421,41.630699],[44.548559,41.630297],[44.548708,41.629883],[44.54878,41.629693],[44.548851,41.629513],[44.548938,41.629299],[44.549026,41.629095],[44.549115,41.628899],[44.549206,41.62871],[44.549299,41.628526],[44.549393,41.628349],[44.549491,41.628177],[44.54959,41.628009],[44.549776,41.62771],[44.549944,41.627443],[44.550104,41.627196],[44.550258,41.626965],[44.55041,41.626743],[44.550559,41.626533],[44.550707,41.626331],[44.550854,41.626138],[44.551004,41.625949],[44.551153,41.625767],[44.551303,41.625592],[44.551455,41.625424],[44.551607,41.625262],[44.55176,41.625105],[44.551915,41.624955],[44.552072,41.62481],[44.552321,41.624587],[44.552544,41.624392],[44.552754,41.624214],[44.552956,41.624048],[44.553153,41.623892],[44.553345,41.623746],[44.553534,41.623608],[44.55372,41.623479],[44.553907,41.623355],[44.554092,41.623239],[44.554276,41.623131],[44.55446,41.623029],[44.554642,41.622935],[44.554824,41.622849],[44.555006,41.622769],[44.555188,41.622695],[44.555319,41.622647],[44.555455,41.6226],[44.555596,41.622554],[44.555742,41.62251],[44.555893,41.622468],[44.556049,41.622427],[44.556211,41.622387],[44.556378,41.622348],[44.55655,41.622311],[44.556728,41.622275],[44.556914,41.62224],[44.557109,41.622206],[44.557312,41.622172],[44.557529,41.622138],[44.558026,41.622065],[44.558285,41.62203],[44.558544,41.621998],[44.558802,41.62197],[44.559059,41.621945],[44.559316,41.621924],[44.55957,41.621906],[44.559823,41.621891],[44.560074,41.62188],[44.560322,41.621873],[44.560568,41.621869],[44.560812,41.621869],[44.561052,41.621872],[44.56129,41.621878],[44.561524,41.621889],[44.561756,41.621902],[44.561983,41.621919],[44.562216,41.621941],[44.562452,41.621967],[44.562691,41.621997],[44.564507,41.622456],[44.565368,41.622729],[44.565873,41.622923],[44.568259,41.623987],[44.570222,41.624991],[44.572843,41.626863],[44.574055,41.627874],[44.575447,41.629156],[44.578066,41.631688],[44.578495,41.632131],[44.579555,41.633243],[44.580045,41.633751],[44.580317,41.634027],[44.580573,41.634283],[44.580819,41.634524],[44.581057,41.634753],[44.581325,41.635004],[44.581588,41.635243],[44.581847,41.635472],[44.582103,41.63569],[44.582357,41.6359],[44.58261,41.636101],[44.582863,41.636295],[44.583115,41.636481],[44.583373,41.636665],[44.583624,41.636841],[44.583869,41.637011],[44.584109,41.637174],[44.584345,41.637331],[44.584578,41.637482],[44.584807,41.637629],[44.585034,41.63777],[44.58526,41.637907],[44.585483,41.638039],[44.585705,41.638167],[44.585924,41.63829],[44.586143,41.638409],[44.58636,41.638524],[44.586576,41.638634],[44.586791,41.63874],[44.587136,41.638906],[44.587474,41.639063],[44.587806,41.639213],[44.588133,41.639355],[44.588456,41.63949],[44.588773,41.639618],[44.589087,41.639739],[44.589397,41.639853],[44.589703,41.63996],[44.590006,41.640061],[44.590306,41.640155],[44.590602,41.640242],[44.590894,41.640322],[44.591184,41.640396],[44.59147,41.640463],[44.591753,41.640523],[44.592032,41.640577],[44.59232,41.640624],[44.592615,41.640667],[44.59292,41.640704],[44.593235,41.640736],[44.59356,41.640763],[44.593897,41.640786],[44.594248,41.640803],[44.59459,41.640815],[44.594948,41.640823],[44.595326,41.640827],[44.595729,41.640827],[44.596122,41.640824],[44.596561,41.640817],[44.597596,41.640795],[44.597633,41.640794],[44.598009,41.640786],[44.598639,41.640771],[44.599245,41.640751],[44.599831,41.640726],[44.602071,41.640525],[44.603314,41.640372],[44.604828,41.640152],[44.605794,41.63998],[44.606752,41.639766],[44.607512,41.639553],[44.60886,41.639125],[44.6092,41.639009],[44.609597,41.638858],[44.610516,41.638493],[44.612093,41.637825],[44.613317,41.637306],[44.613699,41.637134],[44.614227,41.636896],[44.614604,41.636649],[44.615026,41.636504],[44.615725,41.636444],[44.617348,41.636478],[44.618663,41.636612],[44.61982,41.636678],[44.620165,41.636697],[44.620402,41.636623],[44.620676,41.636453],[44.62101,41.636247],[44.621451,41.635858],[44.621932,41.635432],[44.622295,41.635168],[44.625187,41.633625],[44.626065,41.633237],[44.62618,41.633194],[44.626398,41.633115],[44.626639,41.633049],[44.626792,41.633011],[44.627527,41.632843],[44.62802,41.63275],[44.629405,41.632536],[44.629731,41.632489],[44.630373,41.632398],[44.630958,41.632327],[44.63153,41.632277],[44.632271,41.632236],[44.63339,41.6322],[44.63524,41.6322],[44.635961,41.632207],[44.636617,41.632234],[44.636983,41.632258],[44.637172,41.632272],[44.637482,41.632305],[44.637732,41.632342],[44.637932,41.632377],[44.638464,41.632489],[44.63915,41.63265],[44.639584,41.632775],[44.639959,41.632897],[44.640068,41.632936],[44.640499,41.633118],[44.64099,41.633352],[44.641302,41.63352],[44.641774,41.633802],[44.642002,41.633966],[44.642361,41.634261],[44.64257,41.634452],[44.642637,41.634524],[44.64272,41.634641],[44.642806,41.634812],[44.642875,41.635003],[44.643003,41.635495],[44.643024,41.635563],[44.643124,41.63596],[44.643167,41.636127],[44.643268,41.63654],[44.643447,41.636737],[44.643643,41.636984],[44.643625,41.637192],[44.643624,41.63734],[44.643663,41.637389],[44.643722,41.637463],[44.643951,41.6375],[44.644081,41.637575],[44.64444,41.637871],[44.644685,41.638068],[44.644831,41.638216],[44.644995,41.638253],[44.645062,41.638242],[44.645084,41.638238],[44.645142,41.638229],[44.645421,41.638107],[44.645635,41.637862],[44.645981,41.637544],[44.646343,41.637164],[44.646771,41.63687],[44.647247,41.636651],[44.647526,41.636578],[44.647804,41.636603],[44.647885,41.636702],[44.648048,41.63685],[44.648228,41.636961],[44.648375,41.63701],[44.648588,41.636986],[44.648752,41.636815],[44.648867,41.636742],[44.649031,41.636718],[44.649375,41.636768],[44.649751,41.636781],[44.650177,41.636807],[44.650717,41.636772],[44.651012,41.636736],[44.651225,41.636737],[44.651487,41.636848],[44.651566,41.636912],[44.651545,41.637025],[44.651581,41.637122],[44.65172,41.637199],[44.651905,41.637281],[44.652417,41.637404],[44.652445,41.637412],[44.652518,41.637433],[44.652924,41.637552],[44.65299,41.637563],[44.65301,41.637566],[44.653333,41.637615],[44.653576,41.6376],[44.653881,41.637539],[44.654207,41.637494],[44.654511,41.637483],[44.654754,41.637499],[44.655116,41.637485],[44.655296,41.63745],[44.655606,41.637447],[44.655911,41.637487],[44.656159,41.637476],[44.656412,41.63744],[44.65666,41.63742],[44.656934,41.637413],[44.657104,41.637456],[44.657434,41.637476],[44.657671,41.637492],[44.65782,41.637543],[44.658458,41.63763],[44.65885,41.637779],[44.659029,41.637964],[44.659143,41.638185],[44.65942,41.638395],[44.659976,41.638593],[44.660466,41.63884],[44.660841,41.639185],[44.661166,41.63953],[44.661264,41.639739],[44.661367,41.639929],[44.661377,41.639949],[44.661411,41.63997],[44.661589,41.640084],[44.661965,41.640159],[44.662325,41.640344],[44.662553,41.640591],[44.662813,41.640837],[44.663385,41.64122],[44.664005,41.641639],[44.664445,41.642009],[44.664918,41.642268],[44.665295,41.642368],[44.665753,41.64232],[44.666721,41.642126],[44.666775,41.642131],[44.666855,41.642138],[44.667337,41.642182],[44.667946,41.642478],[44.667969,41.64249],[44.668093,41.64255],[44.669269,41.643062],[44.669864,41.643216],[44.670312,41.643156],[44.670771,41.642857],[44.670798,41.642839],[44.671181,41.64259],[44.671712,41.642032],[44.671904,41.641606],[44.67238,41.641333],[44.672938,41.641321],[44.673181,41.641316],[44.6741,41.641297],[44.676537,41.641416],[44.676826,41.640617],[44.677558,41.638705],[44.678089,41.637589],[44.678626,41.636782],[44.679178,41.636086],[44.680392,41.63482],[44.682008,41.633226],[44.683315,41.632048],[44.684605,41.630995],[44.685611,41.630271],[44.686439,41.629827],[44.686607,41.629751],[44.687465,41.629408],[44.688285,41.629141],[44.688605,41.629057],[44.689505,41.628846],[44.689829,41.628776],[44.690217,41.628701],[44.690758,41.628607],[44.691067,41.628571],[44.691981,41.628496],[44.692502,41.62847],[44.693774,41.628458],[44.698471,41.628608],[44.69987,41.628685],[44.702139,41.628868],[44.706581,41.629285],[44.70825,41.629483],[44.710596,41.629783],[44.710699,41.629799],[44.7113,41.629898],[44.71245,41.630109],[44.713187,41.63027],[44.713658,41.63039],[44.71397,41.630476],[44.714643,41.630685],[44.71516,41.630878],[44.71568,41.631099],[44.715966,41.631237],[44.716245,41.6314],[44.716398,41.631506],[44.716784,41.631805],[44.717004,41.632026],[44.717141,41.6322],[44.717348,41.632547],[44.71745,41.632774],[44.71752,41.633016],[44.717583,41.633298],[44.71766,41.633831],[44.717678,41.634261],[44.717658,41.634663],[44.717576,41.635133],[44.717369,41.6359],[44.717304,41.636084],[44.717093,41.636515],[44.716543,41.637473],[44.716176,41.638014],[44.714892,41.639743],[44.713702,41.641206],[44.714204,41.641055],[44.714679,41.640893],[44.715208,41.640701],[44.715764,41.640439],[44.716121,41.64036],[44.716591,41.640301],[44.716658,41.640291],[44.71724,41.640205],[44.717586,41.640211],[44.718115,41.640219],[44.718828,41.640258],[44.719411,41.640296],[44.720335,41.640274],[44.721065,41.640215],[44.721309,41.640215],[44.722037,41.640217],[44.722928,41.640183],[44.723098,41.640164],[44.723593,41.640111],[44.723722,41.640095],[44.724339,41.640016],[44.724907,41.639908],[44.725539,41.639775],[44.726237,41.639631],[44.726723,41.639559],[44.72682,41.639521],[44.727421,41.639282],[44.727909,41.63904],[44.728387,41.638851],[44.728428,41.638834],[44.729093,41.638666],[44.729547,41.638545],[44.729888,41.638449],[44.730115,41.638376],[44.730262,41.638279],[44.731223,41.638429],[44.7319,41.638322],[44.732819,41.638288],[44.733932,41.638109],[44.734704,41.638401],[44.735571,41.639201],[44.736684,41.638913],[44.737022,41.639023],[44.738641,41.639942],[44.738651,41.639948],[44.738654,41.639939],[44.738766,41.639684],[44.738799,41.639611],[44.738814,41.639284],[44.738767,41.639039],[44.738753,41.638962],[44.738762,41.638878],[44.739268,41.638702],[44.739418,41.638487],[44.739539,41.638314],[44.739694,41.638176],[44.739713,41.63816],[44.739956,41.638208],[44.740114,41.63824],[44.740181,41.638237],[44.740348,41.63823],[44.740619,41.638219],[44.741406,41.638001],[44.741565,41.637692],[44.741837,41.637547],[44.742413,41.637536],[44.742469,41.637514],[44.742865,41.637366],[44.743231,41.637251],[44.74339,41.637202],[44.743372,41.637061],[44.743335,41.636757],[44.74362,41.636616],[44.743856,41.6365],[44.74423,41.636265],[44.744325,41.636206],[44.744886,41.63605],[44.744972,41.636027],[44.745219,41.635887],[44.745239,41.635748],[44.745125,41.635613],[44.745076,41.635554],[44.745039,41.635241],[44.745078,41.635211],[44.745246,41.635208],[44.745484,41.635206],[44.745756,41.635017],[44.745801,41.634928],[44.745839,41.634851],[44.745854,41.634827],[44.746061,41.634493],[44.746175,41.634418],[44.746572,41.634353],[44.747072,41.634272],[44.747452,41.634199],[44.747864,41.634029],[44.748208,41.633843],[44.748245,41.633845],[44.748369,41.633855],[44.748903,41.633604],[44.749344,41.633254],[44.74941,41.633152],[44.749476,41.633053],[44.749688,41.632936],[44.749783,41.632922],[44.749941,41.632901],[44.750186,41.632627],[44.750193,41.63262],[44.75029,41.632451],[44.750495,41.632331],[44.750687,41.632272],[44.750855,41.632234],[44.751497,41.632108],[44.751577,41.632085],[44.751606,41.632077],[44.751639,41.632042],[44.7517,41.631978],[44.751755,41.631922],[44.751755,41.631905],[44.75175,41.631883],[44.751685,41.631556],[44.751545,41.631343],[44.751572,41.631294],[44.751591,41.631286],[44.751723,41.631221],[44.751849,41.631161],[44.752092,41.631102],[44.752469,41.631011],[44.753271,41.6308],[44.753583,41.630746],[44.753818,41.630707],[44.754193,41.63061],[44.754267,41.630512],[44.753988,41.630238],[44.754171,41.629972],[44.754169,41.629762],[44.754263,41.629676],[44.755176,41.62945],[44.755366,41.629413],[44.755465,41.629369],[44.755548,41.629327],[44.75553,41.629233],[44.75538,41.629065],[44.755447,41.628876],[44.755549,41.628813],[44.755836,41.628852],[44.756268,41.628888],[44.756716,41.628676],[44.757097,41.628559],[44.757169,41.628556],[44.757301,41.628578],[44.757475,41.628602],[44.757596,41.628573],[44.757625,41.628842],[44.757964,41.631994],[44.757998,41.632314],[44.75802,41.632516],[44.760633,41.633022],[44.762218,41.629622],[44.76224,41.629576],[44.762271,41.629641],[44.762729,41.63061],[44.76377,41.631645],[44.763824,41.631679],[44.764057,41.631883],[44.764221,41.632012],[44.764452,41.632059],[44.764633,41.632137],[44.764792,41.632278],[44.765439,41.632567],[44.765489,41.632547],[44.765897,41.632612],[44.765983,41.632598],[44.766794,41.632347],[44.767124,41.632228],[44.767198,41.632206],[44.767646,41.632131],[44.7681,41.631921],[44.768211,41.631898],[44.768644,41.631779],[44.770052,41.631412],[44.770138,41.63139],[44.770164,41.631418],[44.770486,41.631762],[44.771559,41.631691],[44.773212,41.631583],[44.77368,41.63158],[44.774683,41.631574],[44.774881,41.631532],[44.77505,41.631496],[44.776188,41.631256],[44.776626,41.63123],[44.780235,41.631554],[44.78051,41.63208],[44.779773,41.633382],[44.779002,41.634159],[44.779415,41.634232],[44.780543,41.634886],[44.780615,41.634916],[44.781002,41.635],[44.781,41.63481],[44.781078,41.634676],[44.781155,41.634536],[44.781195,41.634451],[44.781217,41.634407],[44.781449,41.634193],[44.78153,41.634176],[44.781563,41.63417],[44.78183,41.634146],[44.782055,41.634085],[44.782301,41.634018],[44.782302,41.634018],[44.78245,41.633966],[44.782699,41.633827],[44.782759,41.633731],[44.782736,41.633632],[44.782678,41.633491],[44.782802,41.633404],[44.782912,41.633374],[44.783216,41.633333],[44.783241,41.633335],[44.783332,41.633344],[44.78345,41.633339],[44.783541,41.633299],[44.783488,41.633217],[44.783566,41.633153],[44.783628,41.633104],[44.783758,41.632969],[44.784026,41.632916],[44.784127,41.632964],[44.785992,41.633846],[44.788992,41.635265],[44.789064,41.635193],[44.789206,41.635027],[44.789222,41.634987],[44.789294,41.634825],[44.789417,41.63482],[44.789475,41.634744],[44.789549,41.63463],[44.789618,41.634535],[44.789683,41.634468],[44.789724,41.634449],[44.789826,41.634425],[44.789853,41.634419],[44.789846,41.634398],[44.789826,41.634333],[44.789872,41.634255],[44.789906,41.634243],[44.789991,41.634214],[44.79001,41.634159],[44.78996,41.634084],[44.789952,41.634071],[44.789973,41.633994],[44.78998,41.633971],[44.789995,41.633843],[44.789993,41.633839],[44.789978,41.633791],[44.789981,41.633695],[44.790016,41.633644],[44.790104,41.633516],[44.790076,41.633365],[44.790058,41.633294],[44.790053,41.633261],[44.790038,41.633165],[44.790046,41.633129],[44.790058,41.63308],[44.79006,41.633025],[44.79005,41.632971],[44.79005,41.632904],[44.790059,41.632836],[44.790093,41.632707],[44.790067,41.632648],[44.790041,41.632606],[44.790027,41.632521],[44.790054,41.632452],[44.790101,41.632389],[44.790142,41.632298],[44.790184,41.63225],[44.79022,41.632212],[44.790188,41.632186],[44.790158,41.632161],[44.790131,41.63213],[44.790087,41.632054],[44.790112,41.631994],[44.790146,41.63193],[44.790147,41.631825],[44.79013,41.63176],[44.790142,41.631666],[44.790181,41.631613],[44.790379,41.631541],[44.790476,41.63149],[44.79056,41.631457],[44.790626,41.631436],[44.790709,41.631411],[44.790805,41.631313],[44.790868,41.631212],[44.791168,41.630885],[44.791292,41.630837],[44.791394,41.630789],[44.791402,41.630667],[44.791471,41.63057],[44.791629,41.630405],[44.791747,41.630272],[44.792323,41.629807],[44.792422,41.629695],[44.792529,41.629651],[44.792568,41.629577],[44.792565,41.62953],[44.792557,41.629449],[44.792586,41.629366],[44.792639,41.629301],[44.792583,41.629177],[44.792559,41.629099],[44.792573,41.629015],[44.792636,41.628902],[44.792629,41.628834],[44.792725,41.628804],[44.792762,41.628727],[44.792883,41.628686],[44.792884,41.628603],[44.792885,41.628529],[44.792937,41.628454],[44.792932,41.628388],[44.793042,41.628309],[44.793068,41.628269],[44.793068,41.628173],[44.793088,41.628149],[44.793107,41.628109],[44.793094,41.628075],[44.793176,41.627998],[44.793215,41.627949],[44.7933,41.627923],[44.793362,41.627913],[44.79343,41.62793],[44.793511,41.627938],[44.793567,41.627892],[44.793545,41.627863],[44.793485,41.627808],[44.793506,41.627759],[44.793509,41.627676],[44.793472,41.62762],[44.793431,41.62748],[44.793434,41.627442],[44.793446,41.627413],[44.793543,41.627347],[44.793627,41.627286],[44.79366,41.627217],[44.793642,41.627178],[44.793635,41.627132],[44.79368,41.62708],[44.793757,41.627033],[44.793811,41.626945],[44.793808,41.6269],[44.795702,41.624013],[44.796143,41.624274],[44.796334,41.624388],[44.796787,41.624657],[44.796784,41.624673],[44.796728,41.625067],[44.796726,41.625077],[44.796682,41.625387],[44.797053,41.625481],[44.797876,41.625691],[44.798299,41.622858],[44.799322,41.620773],[44.802114,41.616726],[44.803971,41.614011],[44.804998,41.612319],[44.806118,41.610239],[44.806381,41.609677],[44.806606,41.609129],[44.806866,41.608363],[44.807059,41.607705],[44.807163,41.607284],[44.80722,41.606911],[44.807331,41.606125],[44.807389,41.605555],[44.807415,41.60521],[44.807417,41.604563],[44.807323,41.603247],[44.80727,41.602878],[44.80721,41.602631],[44.807085,41.60228],[44.806862,41.601771],[44.806319,41.600877],[44.805788,41.600098],[44.805513,41.599772],[44.805009,41.599266],[44.804634,41.59892],[44.803875,41.598317],[44.803365,41.597995],[44.802712,41.597622],[44.80197,41.597246],[44.800966,41.596817],[44.800463,41.596636],[44.799958,41.596479],[44.798795,41.596187],[44.798074,41.596038],[44.797343,41.595912],[44.796301,41.595789],[44.794992,41.595674],[44.79406,41.595609],[44.792416,41.595566],[44.789495,41.595627],[44.786733,41.595742],[44.785277,41.595867],[44.784397,41.595968],[44.783138,41.59615],[44.777152,41.59712],[44.771333,41.598134],[44.757739,41.600855],[44.755902,41.601195],[44.751868,41.601845],[44.744735,41.602924],[44.742439,41.603208],[44.740159,41.603409],[44.734958,41.603741],[44.730782,41.603941],[44.727491,41.603988],[44.721629,41.603951],[44.714389,41.603794],[44.710689,41.603643],[44.705906,41.603228],[44.702776,41.602875],[44.698045,41.60217],[44.692219,41.601146],[44.689571,41.600587],[44.682225,41.598843],[44.679116,41.598055],[44.676084,41.597232],[44.671779,41.59587],[44.671415,41.59623],[44.671147,41.596491],[44.670901,41.596724],[44.670721,41.59689],[44.670295,41.597267],[44.670107,41.597438],[44.670007,41.597533],[44.669916,41.597623],[44.669831,41.59771],[44.669753,41.597793],[44.669654,41.597906],[44.669554,41.598025],[44.669453,41.598152],[44.669348,41.59829],[44.669252,41.598421],[44.669148,41.598568],[44.668762,41.599125],[44.668543,41.599438],[44.668385,41.599671],[44.668245,41.599882],[44.668122,41.600077],[44.667978,41.600313],[44.667854,41.600522],[44.667743,41.600716],[44.667643,41.600899],[44.66755,41.601077],[44.667466,41.601248],[44.66739,41.601414],[44.667321,41.601576],[44.667258,41.601734],[44.667198,41.601899],[44.667141,41.602071],[44.667085,41.602251],[44.667031,41.60244],[44.666978,41.60264],[44.666925,41.602857],[44.666868,41.6031],[44.666841,41.603227],[44.666815,41.603358],[44.666792,41.603491],[44.666771,41.603628],[44.666733,41.603914],[44.666702,41.604222],[44.666683,41.604484],[44.666665,41.604776],[44.666652,41.605066],[44.666621,41.605823],[44.666598,41.606245],[44.666594,41.606331],[44.666594,41.606426],[44.666608,41.606871],[44.666608,41.606977],[44.666605,41.607071],[44.666595,41.60718],[44.66658,41.607279],[44.666557,41.607372],[44.666528,41.60746],[44.663163,41.611425],[44.66264,41.612011],[44.662145,41.612342],[44.662056,41.612387],[44.661962,41.612431],[44.661863,41.612476],[44.661758,41.61252],[44.66153,41.612612],[44.661262,41.612711],[44.661094,41.612769],[44.660919,41.612825],[44.660734,41.612879],[44.660538,41.612931],[44.660333,41.612981],[44.660113,41.613031],[44.659875,41.613082],[44.659608,41.613135],[44.659472,41.613161],[44.659333,41.613185],[44.65919,41.613207],[44.659043,41.613228],[44.658892,41.613248],[44.658737,41.613267],[44.65841,41.613301],[44.658079,41.613328],[44.657711,41.613354],[44.657322,41.613376],[44.656621,41.613413],[44.656332,41.613426],[44.656029,41.613435],[44.655709,41.613441],[44.655366,41.613444],[44.654827,41.613443],[44.653487,41.613427],[44.653164,41.613425],[44.652874,41.613425],[44.65249,41.613428],[44.652061,41.613433],[44.650283,41.613464],[44.649906,41.613469],[44.649562,41.61347],[44.649105,41.613469],[44.648678,41.613462],[44.648274,41.613451],[44.647888,41.613434],[44.646923,41.613391],[44.646677,41.613377],[44.646458,41.613362],[44.646223,41.613342],[44.646005,41.613318],[44.645799,41.613291],[44.645603,41.61326],[44.645425,41.613226],[44.645241,41.613187],[44.645048,41.613142],[44.644844,41.61309],[44.644646,41.613035],[44.644426,41.612972],[44.6437,41.612754],[44.643152,41.612589],[44.642765,41.61247],[44.642418,41.612358],[44.642103,41.612252],[44.641801,41.612143],[44.64152,41.612035],[44.641256,41.611926],[44.641129,41.611871],[44.641006,41.611816],[44.640825,41.611731],[44.640651,41.611648],[44.640484,41.611565],[44.640322,41.611483],[44.640166,41.611402],[44.640016,41.611321],[44.63987,41.611239],[44.639729,41.611158],[44.639593,41.611077],[44.639461,41.610995],[44.639333,41.610913],[44.63921,41.610831],[44.639091,41.610748],[44.638976,41.610665],[44.638866,41.610582],[44.638759,41.610498],[44.638401,41.610214],[44.6383,41.610129],[44.638213,41.610051],[44.638128,41.609968],[44.638055,41.609888],[44.637991,41.60981],[44.637938,41.609733],[44.637888,41.609651],[44.637843,41.609569],[44.637803,41.609489],[44.637768,41.60941],[44.63774,41.609332],[44.637716,41.609257],[44.637699,41.609183],[44.637687,41.609112],[44.637679,41.609017],[44.637678,41.60892],[44.637684,41.608823],[44.637697,41.608726],[44.637718,41.608631],[44.637745,41.60854],[44.637779,41.608454],[44.637818,41.608374],[44.637839,41.608338],[44.637863,41.608303],[44.637891,41.608267],[44.637921,41.608231],[44.637954,41.608195],[44.637991,41.608159],[44.638075,41.608085],[44.638154,41.608023],[44.638246,41.607957],[44.638584,41.607729],[44.638711,41.607638],[44.638799,41.607574],[44.638891,41.60751],[44.638986,41.607447],[44.639085,41.607383],[44.639188,41.607319],[44.639295,41.607255],[44.639527,41.607125],[44.639746,41.607008],[44.639993,41.606882],[44.640243,41.606758],[44.640904,41.606437],[44.641098,41.606341],[44.64127,41.606252],[44.641463,41.60615],[44.64164,41.606052],[44.641805,41.605956],[44.64196,41.605861],[44.64236,41.605605],[44.64273,41.605361],[44.643076,41.605126],[44.643402,41.604897],[44.64371,41.604671],[44.644003,41.604449],[44.64428,41.604228],[44.644542,41.60401],[44.644994,41.603625],[44.645272,41.603382],[44.645401,41.603265],[44.645521,41.603154],[44.645633,41.603048],[44.645739,41.602944],[44.645844,41.602837],[44.645943,41.602733],[44.646036,41.60263],[44.646124,41.602529],[44.646207,41.602429],[44.646285,41.60233],[44.646358,41.602231],[44.646426,41.602133],[44.646511,41.602003],[44.646593,41.601868],[44.646673,41.601729],[44.646751,41.601586],[44.646826,41.601438],[44.646898,41.601285],[44.646968,41.601128],[44.647035,41.600967],[44.64709,41.600827],[44.647142,41.600683],[44.647191,41.600537],[44.647236,41.600387],[44.64728,41.600233],[44.64732,41.600077],[44.647357,41.599916],[44.647391,41.599753],[44.647411,41.599647],[44.647428,41.599536],[44.647444,41.599419],[44.647458,41.599293],[44.647478,41.599073],[44.64751,41.59863],[44.647525,41.598442],[44.647536,41.598304],[44.647544,41.598152],[44.64756,41.597505],[44.647566,41.597355],[44.647575,41.59722],[44.64759,41.597065],[44.647609,41.596921],[44.647633,41.596785],[44.647662,41.596655],[44.647694,41.596538],[44.647732,41.596416],[44.647777,41.596289],[44.647828,41.596153],[44.647879,41.596027],[44.647939,41.595886],[44.648177,41.595346],[44.648247,41.595181],[44.64843,41.594729],[44.648488,41.594593],[44.648543,41.594473],[44.64861,41.594338],[44.648677,41.594214],[44.648747,41.594098],[44.648819,41.59399],[44.648896,41.593886],[44.648981,41.593779],[44.649075,41.59367],[44.64918,41.593555],[44.64929,41.59344],[44.649415,41.593316],[44.649553,41.593181],[44.649777,41.592968],[44.649867,41.592885],[44.649962,41.592799],[44.650177,41.592615],[44.650386,41.592444],[44.650881,41.592047],[44.651117,41.591852],[44.651962,41.591139],[44.652177,41.590955],[44.652368,41.59079],[44.65257,41.59061],[44.652757,41.59044],[44.652931,41.590277],[44.653094,41.590118],[44.65316,41.590055],[44.653237,41.589984],[44.653589,41.58967],[44.653661,41.589603],[44.652124,41.589108],[44.645718,41.587161],[44.643334,41.586556],[44.638096,41.585399],[44.635773,41.584979],[44.633752,41.584768],[44.630439,41.584488],[44.628664,41.584445],[44.627264,41.584456],[44.623057,41.584648],[44.621198,41.584783],[44.619279,41.584996],[44.612706,41.585963],[44.611495,41.586164],[44.605861,41.58702],[44.603505,41.587318],[44.602086,41.587455],[44.600465,41.587554],[44.598721,41.587599],[44.597079,41.587574],[44.595956,41.58751],[44.592442,41.587071],[44.591506,41.586874],[44.590163,41.586562],[44.58848,41.586092],[44.585711,41.585133],[44.585003,41.584832],[44.582779,41.583579],[44.582113,41.583105],[44.581009,41.582112],[44.579977,41.581023],[44.579196,41.580038],[44.578868,41.579529],[44.578616,41.579033],[44.578344,41.578284],[44.578237,41.577784],[44.578154,41.577133],[44.578158,41.576559],[44.578234,41.575753],[44.578344,41.575252],[44.57867,41.57432],[44.578852,41.573933],[44.57918,41.573424],[44.580012,41.57248],[44.581486,41.571115],[44.582993,41.569956],[44.583379,41.569689],[44.584967,41.56871],[44.587206,41.567515],[44.587972,41.567164],[44.588879,41.566791],[44.593884,41.564957],[44.629166,41.552553],[44.630475,41.552134],[44.631537,41.551843],[44.643008,41.549061],[44.651238,41.547242],[44.653914,41.546697],[44.661651,41.545241],[44.66324,41.544965],[44.667243,41.544356],[44.673272,41.543457],[44.68286,41.542026],[44.683828,41.541847],[44.687873,41.540979],[44.69227,41.53996],[44.694721,41.539304],[44.696457,41.538749],[44.700567,41.537224],[44.701494,41.536857],[44.702114,41.536603],[44.703092,41.536158],[44.704184,41.535597],[44.705984,41.534527],[44.709447,41.532104],[44.709919,41.531757],[44.710425,41.531351],[44.71089,41.530931],[44.711671,41.530135],[44.714019,41.527508],[44.715109,41.526112],[44.715247,41.525913],[44.715506,41.525487],[44.716084,41.524387],[44.716225,41.524078],[44.716753,41.522651],[44.716981,41.521796],[44.717096,41.521218],[44.717164,41.520589],[44.717247,41.519157],[44.717235,41.517853],[44.717167,41.517141],[44.717005,41.516385],[44.716514,41.51474],[44.716275,41.514141],[44.71603,41.513708],[44.71552,41.512989],[44.714869,41.512247],[44.714261,41.511626],[44.713687,41.51113],[44.71291,41.510591],[44.711915,41.509989],[44.711474,41.509758],[44.710704,41.509397],[44.709894,41.509044],[44.709159,41.508786],[44.708102,41.508474],[44.707197,41.508242],[44.706269,41.50805],[44.70568,41.507948],[44.704921,41.507858],[44.703017,41.507703],[44.70116,41.507593],[44.683862,41.507124],[44.682256,41.507093],[44.655731,41.506976],[44.652795,41.507005],[44.646056,41.506992],[44.641685,41.50681],[44.638821,41.506621],[44.637431,41.506492],[44.635425,41.506239],[44.632639,41.505795],[44.631881,41.505628],[44.630707,41.50527],[44.628917,41.504636],[44.628447,41.504403],[44.627429,41.503649],[44.626397,41.502713],[44.625461,41.501713],[44.625016,41.501168],[44.624632,41.500499],[44.624434,41.5],[44.624038,41.498554],[44.623799,41.497136],[44.623666,41.49561],[44.623575,41.493195],[44.623485,41.490966],[44.623478,41.490881],[44.622482,41.490429],[44.622167,41.490313],[44.621811,41.490229],[44.621515,41.490215],[44.619759,41.490326],[44.617391,41.490475],[44.616296,41.490438],[44.615471,41.490357],[44.615183,41.490298],[44.614808,41.490217],[44.614171,41.490062],[44.612883,41.489687],[44.612241,41.48947],[44.611791,41.48929],[44.611372,41.489067],[44.61111,41.488872],[44.610896,41.488617],[44.610699,41.488318],[44.610562,41.48801],[44.610491,41.487602],[44.610535,41.487259],[44.610565,41.487153],[44.610674,41.486934],[44.611562,41.486095],[44.612209,41.485395],[44.612464,41.485005],[44.612503,41.484832],[44.612508,41.48461],[44.612488,41.484299],[44.612433,41.48412],[44.612329,41.483973],[44.61217,41.483806],[44.61192,41.483575],[44.611663,41.48338],[44.611447,41.483247],[44.61084,41.482936],[44.610269,41.48274],[44.609831,41.482631],[44.609242,41.482524],[44.606717,41.482381],[44.606662,41.482373],[44.606362,41.482318],[44.606115,41.482249],[44.605124,41.481799],[44.604471,41.481503],[44.604253,41.481455],[44.603894,41.481436],[44.603166,41.481434],[44.602894,41.48145],[44.602733,41.481491],[44.602534,41.481546],[44.602071,41.481716],[44.601877,41.481808],[44.601586,41.481961],[44.598514,41.483853],[44.597285,41.484447],[44.594601,41.485565],[44.59289,41.486219],[44.591522,41.48671],[44.589677,41.487336],[44.585442,41.488773],[44.584612,41.489101],[44.58392,41.489415],[44.58344,41.489672],[44.580693,41.490962],[44.577668,41.492381],[44.577281,41.49259],[44.577092,41.492744],[44.576665,41.493142],[44.576345,41.493492],[44.576172,41.493843],[44.575784,41.494989],[44.575681,41.495291],[44.575592,41.495466],[44.575493,41.495558],[44.574508,41.49605],[44.574381,41.496133],[44.573849,41.496606],[44.573634,41.496851],[44.573481,41.497061],[44.573372,41.49729],[44.573099,41.497764],[44.572785,41.498183],[44.572781,41.498186],[44.572538,41.498302],[44.572202,41.498351],[44.570824,41.498333],[44.570384,41.498355],[44.570197,41.498386],[44.570018,41.498446],[44.569726,41.498588],[44.569622,41.498679],[44.568281,41.499851],[44.568039,41.500027],[44.567536,41.500337],[44.567061,41.500575],[44.56674,41.500706],[44.566316,41.500838],[44.566008,41.500895],[44.565442,41.500964],[44.564005,41.501061],[44.563087,41.501073],[44.562417,41.501045],[44.562205,41.501013],[44.561072,41.500701],[44.560342,41.500445],[44.560091,41.500348],[44.55907,41.499895],[44.5577,41.499198],[44.556729,41.498703],[44.554811,41.497716],[44.553458,41.497019],[44.553065,41.496841],[44.552735,41.496736],[44.552351,41.496669],[44.550723,41.4966],[44.54966,41.496585],[44.54905,41.496581],[44.547557,41.496658],[44.546455,41.496753],[44.545918,41.496807],[44.545487,41.496868],[44.544894,41.49697],[44.544112,41.497135],[44.542957,41.497379],[44.542504,41.497502],[44.542038,41.497653],[44.54185,41.497725],[44.540434,41.498316],[44.539488,41.498742],[44.534592,41.500867],[44.534,41.501094],[44.531338,41.502028],[44.52724,41.503381],[44.522235,41.50529],[44.521338,41.505632],[44.521105,41.505674],[44.520907,41.505697],[44.519144,41.505728],[44.515306,41.505632],[44.514877,41.505608],[44.514315,41.505546],[44.513802,41.505429],[44.510657,41.504531],[44.510067,41.504387],[44.509717,41.504326],[44.508902,41.504189],[44.508024,41.5041],[44.506237,41.503974],[44.501647,41.503785],[44.498838,41.503668],[44.496968,41.503552],[44.495264,41.503379],[44.494555,41.503287],[44.488679,41.502165],[44.487968,41.502018],[44.487557,41.50195],[44.486321,41.501778],[44.484431,41.501543],[44.477112,41.500833],[44.476231,41.500747],[44.475952,41.500717],[44.475345,41.500628],[44.474736,41.500524],[44.474395,41.500451],[44.473914,41.500318],[44.473284,41.500086],[44.472602,41.499751],[44.471846,41.499279],[44.471268,41.49889],[44.471163,41.498814],[44.47001,41.497892],[44.469563,41.497494],[44.469354,41.497281],[44.468727,41.49655],[44.468445,41.496128],[44.468303,41.495875],[44.468239,41.495745],[44.468094,41.495415],[44.467969,41.494937],[44.467897,41.494572],[44.467836,41.494148],[44.467816,41.493953],[44.467827,41.49359],[44.467897,41.492554],[44.467964,41.491836],[44.468118,41.490205],[44.46811,41.489706],[44.468026,41.489276],[44.467977,41.489121],[44.467802,41.488796],[44.467652,41.488611],[44.46747,41.488433],[44.467355,41.488355],[44.466999,41.488201],[44.466745,41.488111],[44.466507,41.488048],[44.466298,41.488027],[44.466183,41.488029],[44.465712,41.488058],[44.462929,41.488518],[44.462558,41.488563],[44.462128,41.488578],[44.461802,41.488567],[44.461641,41.488552],[44.46147,41.488524],[44.461294,41.488477],[44.461151,41.488429],[44.460733,41.488253],[44.460467,41.488105],[44.460233,41.487945],[44.45995,41.487601],[44.459874,41.487455],[44.459832,41.487314],[44.459783,41.48707],[44.459753,41.48657],[44.459777,41.486161],[44.459843,41.485029],[44.459862,41.484805],[44.459863,41.484437],[44.459838,41.484198],[44.459759,41.483831],[44.459666,41.483554],[44.459498,41.483251],[44.459349,41.483048],[44.459123,41.482804],[44.458833,41.482554],[44.458689,41.482456],[44.458611,41.482414],[44.458402,41.482307],[44.458127,41.482197],[44.457538,41.481986],[44.457068,41.481834],[44.456769,41.48176],[44.456588,41.481724],[44.4561,41.481641],[44.455702,41.481581],[44.455004,41.4815],[44.454866,41.481489],[44.45446,41.481505],[44.454122,41.481554],[44.453933,41.481598],[44.453764,41.481651],[44.453526,41.481763],[44.45332,41.481889],[44.453179,41.481991],[44.453121,41.482051],[44.453053,41.482131],[44.452069,41.483817],[44.451622,41.484582],[44.451461,41.484832],[44.451329,41.485018],[44.451236,41.485124],[44.451059,41.485223],[44.450919,41.485286],[44.450711,41.485358],[44.450489,41.485396],[44.45031,41.485421],[44.450059,41.48544],[44.449928,41.485434],[44.449582,41.485401],[44.449482,41.485387],[44.449329,41.485349],[44.449118,41.485282],[44.447286,41.484577],[44.446659,41.484336],[44.446297,41.484216],[44.445483,41.483989],[44.445027,41.483873],[44.444575,41.48378],[44.442774,41.483451],[44.442169,41.483344],[44.441655,41.483241],[44.441437,41.483188],[44.440964,41.483041],[44.440448,41.482858],[44.440295,41.482798],[44.440204,41.482761],[44.440105,41.48271],[44.439788,41.48252],[44.439399,41.482204],[44.438833,41.481643],[44.43846,41.481227],[44.437811,41.480455],[44.436184,41.478414],[44.434852,41.476944],[44.433767,41.475806],[44.433361,41.475403],[44.432836,41.474949],[44.431909,41.474178],[44.43172,41.474033],[44.431323,41.473776],[44.430798,41.473519],[44.430465,41.473372],[44.430098,41.473245],[44.429069,41.472888],[44.428462,41.472647],[44.428083,41.472477],[44.42793,41.4724],[44.427491,41.472146],[44.426969,41.471789],[44.426686,41.471531],[44.426264,41.47106],[44.425286,41.469837],[44.424715,41.469066],[44.424578,41.468853],[44.424507,41.468726],[44.424453,41.46859],[44.424383,41.468153],[44.424366,41.46783],[44.424391,41.467493],[44.424478,41.467267],[44.424563,41.467109],[44.424742,41.466904],[44.424882,41.466778],[44.425046,41.466666],[44.425135,41.466624],[44.425297,41.466593],[44.425461,41.466571],[44.425868,41.466553],[44.427462,41.466544],[44.42782,41.466517],[44.428018,41.466496],[44.428174,41.466462],[44.42839,41.466369],[44.428636,41.466243],[44.428757,41.46617],[44.429009,41.465982],[44.429295,41.46574],[44.429441,41.465592],[44.429551,41.465459],[44.429598,41.465355],[44.429628,41.465217],[44.429646,41.465005],[44.429631,41.464829],[44.429584,41.464621],[44.429385,41.463751],[44.429372,41.463639],[44.429357,41.463423],[44.429365,41.463211],[44.429397,41.463026],[44.429488,41.462707],[44.429605,41.462432],[44.429673,41.462332],[44.429847,41.462128],[44.429926,41.462058],[44.430063,41.461959],[44.43034,41.461798],[44.431645,41.461113],[44.43225,41.460868],[44.432541,41.460778],[44.432636,41.460753],[44.432749,41.460733],[44.433487,41.460661],[44.435408,41.460473],[44.435532,41.460448],[44.435716,41.460393],[44.436041,41.460247],[44.436167,41.46018],[44.436237,41.460127],[44.436368,41.45999],[44.436714,41.459626],[44.4371,41.45922],[44.437323,41.459043],[44.437447,41.458981],[44.437521,41.458954],[44.437631,41.458931],[44.437989,41.458897],[44.438259,41.458872],[44.437015,41.45789],[44.42833,41.450947],[44.424097,41.447808],[44.422194,41.446555],[44.421424,41.446121],[44.420658,41.445763],[44.419835,41.445482],[44.418466,41.44512],[44.418038,41.445034],[44.417489,41.445004],[44.416987,41.445002],[44.416059,41.445072],[44.415436,41.445186],[44.415026,41.445335],[44.414253,41.445747],[44.413712,41.446137],[44.413342,41.446481],[44.412628,41.447326],[44.411115,41.449469],[44.410343,41.450465],[44.408128,41.453132],[44.407263,41.454027],[44.406288,41.454871],[44.40465,41.456145],[44.402812,41.457404],[44.401172,41.458365],[44.398573,41.459781],[44.397427,41.460328],[44.396044,41.460903],[44.393642,41.461769],[44.391947,41.462253],[44.388925,41.462988],[44.387163,41.463317],[44.385959,41.463482],[44.384336,41.46364],[44.382798,41.46375],[44.381905,41.463769],[44.381146,41.46371],[44.380904,41.463683],[44.380569,41.463628],[44.380221,41.463545],[44.379942,41.463448],[44.37976,41.463367],[44.37938,41.463132],[44.379144,41.462954],[44.37891,41.462698],[44.378795,41.46251],[44.378707,41.462272],[44.378643,41.461899],[44.378625,41.461351],[44.378725,41.460659],[44.378863,41.460195],[44.37908,41.459759],[44.379936,41.458594],[44.380738,41.457769],[44.38131,41.457285],[44.382346,41.456608],[44.382592,41.456477],[44.383208,41.456207],[44.385262,41.455339],[44.387506,41.454391],[44.387733,41.454283],[44.390093,41.453017],[44.390557,41.452691],[44.391221,41.452204],[44.391644,41.451842],[44.392138,41.451269],[44.392259,41.451091],[44.392374,41.450855],[44.392476,41.450475],[44.392527,41.449587],[44.392486,41.449047],[44.392387,41.448381],[44.392279,41.448083],[44.392118,41.447775],[44.391845,41.447403],[44.391359,41.446888],[44.390824,41.446412],[44.390485,41.446169],[44.389971,41.445844],[44.388905,41.445264],[44.388184,41.444934],[44.387471,41.444662],[44.386056,41.444253],[44.385613,41.444153],[44.385037,41.444063],[44.384285,41.444011],[44.382065,41.443986],[44.380168,41.444051],[44.378622,41.44417],[44.37317,41.444683],[44.372933,41.444705],[44.371573,41.444784],[44.371096,41.444791],[44.369842,41.444784],[44.368896,41.444721],[44.36832,41.444657],[44.367516,41.444529],[44.366198,41.444227],[44.365535,41.444036],[44.364289,41.443604],[44.363199,41.443136],[44.362504,41.442761],[44.361777,41.442271],[44.360831,41.441561],[44.360371,41.441171],[44.358719,41.439497],[44.355212,41.435716],[44.353695,41.433907],[44.35144,41.431364],[44.349823,41.429888],[44.348651,41.429016],[44.348109,41.428652],[44.346814,41.427891],[44.345796,41.427344],[44.345,41.426995],[44.343847,41.42659],[44.342257,41.426105],[44.340907,41.425765],[44.33907,41.425432],[44.338114,41.425292],[44.335406,41.42497],[44.328246,41.424307],[44.325549,41.423951],[44.323837,41.423654],[44.322709,41.423423],[44.320422,41.422795],[44.319404,41.422453],[44.318654,41.422174],[44.317595,41.421673],[44.316453,41.421054],[44.314753,41.419996],[44.311262,41.417495],[44.310005,41.416456],[44.307971,41.414505],[44.307439,41.413877],[44.307266,41.413622],[44.306247,41.412227],[44.305341,41.410777],[44.304888,41.409917],[44.304497,41.408809],[44.303667,41.406461],[44.303297,41.404759],[44.303256,41.404408],[44.303316,41.402174],[44.303423,41.401393],[44.303751,41.400545],[44.304076,41.399843],[44.304819,41.398478],[44.305428,41.397524],[44.305857,41.396971],[44.307088,41.395613],[44.30724,41.395462],[44.307828,41.394927],[44.30852,41.394393],[44.310349,41.393153],[44.311348,41.3926],[44.312325,41.392201],[44.314874,41.391373],[44.31289,41.390498],[44.305929,41.38743],[44.302743,41.38608],[44.302632,41.386047],[44.302164,41.385913],[44.301947,41.385854],[44.301738,41.385799],[44.301523,41.385744],[44.301314,41.385694],[44.301111,41.385648],[44.300912,41.385606],[44.300717,41.385567],[44.300526,41.385531],[44.300338,41.385499],[44.300153,41.38547],[44.299926,41.385438],[44.299695,41.385409],[44.299463,41.385382],[44.299228,41.385358],[44.298991,41.385337],[44.298753,41.385318],[44.298513,41.385302],[44.298271,41.385289],[44.298029,41.385279],[44.297785,41.385272],[44.297541,41.385267],[44.297297,41.385265],[44.297052,41.385266],[44.296807,41.38527],[44.296563,41.385277],[44.29632,41.385286],[44.296105,41.385297],[44.295888,41.385311],[44.295668,41.385328],[44.295444,41.385348],[44.295218,41.385371],[44.294988,41.385397],[44.294755,41.385426],[44.294519,41.385457],[44.294279,41.385492],[44.294036,41.38553],[44.293788,41.385571],[44.293536,41.385615],[44.29328,41.385663],[44.293019,41.385713],[44.292752,41.385767],[44.292478,41.385824],[44.292306,41.385863],[44.292131,41.385905],[44.291954,41.38595],[44.291774,41.385998],[44.29159,41.386051],[44.291402,41.386107],[44.291208,41.386167],[44.291008,41.386232],[44.290654,41.386353],[44.290263,41.386492],[44.289879,41.386634],[44.288887,41.387006],[44.288597,41.387112],[44.288335,41.387205],[44.28804,41.387307],[44.287761,41.387399],[44.287495,41.387482],[44.287239,41.387557],[44.28679,41.387689],[44.285878,41.387966],[44.285489,41.388082],[44.285079,41.388198],[44.28489,41.388248],[44.284709,41.388294],[44.2845,41.388346],[44.284297,41.388392],[44.2841,41.388433],[44.283909,41.38847],[44.283721,41.388503],[44.283537,41.388531],[44.283357,41.388555],[44.283179,41.388575],[44.283049,41.388588],[44.282915,41.388599],[44.282639,41.388616],[44.282346,41.388627],[44.282034,41.388632],[44.281722,41.388632],[44.281375,41.388627],[44.281021,41.388619],[44.280302,41.388597],[44.280005,41.388588],[44.279707,41.388576],[44.279408,41.388562],[44.279107,41.388546],[44.278804,41.388527],[44.2785,41.388506],[44.278195,41.388482],[44.277889,41.388456],[44.277581,41.388428],[44.277273,41.388398],[44.276963,41.388365],[44.276653,41.388329],[44.276342,41.388292],[44.27603,41.388252],[44.275718,41.38821],[44.275406,41.388166],[44.275124,41.388122],[44.274837,41.388075],[44.274546,41.388022],[44.274248,41.387964],[44.273944,41.387901],[44.273632,41.387833],[44.27331,41.387759],[44.272976,41.387678],[44.272698,41.387609],[44.272367,41.387523],[44.263924,41.38534],[44.263619,41.385269],[44.263328,41.385203],[44.263049,41.385143],[44.262701,41.385071],[44.262366,41.385006],[44.262042,41.384947],[44.261726,41.384895],[44.261417,41.384848],[44.261115,41.384807],[44.260819,41.384771],[44.260528,41.384741],[44.26013,41.384705],[44.259732,41.384675],[44.259335,41.384649],[44.25894,41.384627],[44.258546,41.384611],[44.258154,41.384599],[44.257764,41.384592],[44.257376,41.384589],[44.256992,41.384592],[44.256611,41.384599],[44.256233,41.384611],[44.255858,41.384627],[44.255488,41.384649],[44.255122,41.384675],[44.254759,41.384706],[44.254402,41.384742],[44.253757,41.384812],[44.253289,41.384867],[44.253072,41.384896],[44.252867,41.384924],[44.252671,41.384953],[44.252484,41.384983],[44.252297,41.385015],[44.252117,41.385049],[44.251942,41.385084],[44.251774,41.38512],[44.25161,41.385158],[44.251451,41.385198],[44.251296,41.385239],[44.251146,41.385282],[44.250971,41.385335],[44.250797,41.385391],[44.250625,41.385448],[44.250454,41.385508],[44.250286,41.385569],[44.25012,41.385633],[44.249957,41.385697],[44.249797,41.385764],[44.249639,41.385832],[44.249485,41.385902],[44.249334,41.385973],[44.249186,41.386046],[44.249041,41.38612],[44.248901,41.386195],[44.248763,41.386271],[44.24863,41.386349],[44.248515,41.386419],[44.2484,41.386491],[44.248285,41.386566],[44.248171,41.386643],[44.248058,41.386722],[44.247945,41.386804],[44.247832,41.386888],[44.247721,41.386975],[44.24761,41.387063],[44.247499,41.387154],[44.24739,41.387247],[44.247281,41.387342],[44.247173,41.387439],[44.247066,41.387538],[44.246856,41.387741],[44.246723,41.387877],[44.246593,41.388015],[44.246466,41.388156],[44.246342,41.388301],[44.246222,41.388447],[44.246105,41.388596],[44.245992,41.388746],[44.245884,41.388899],[44.24573,41.389127],[44.245586,41.389355],[44.245453,41.389583],[44.24539,41.389697],[44.245331,41.38981],[44.245274,41.389923],[44.24522,41.390036],[44.245169,41.390147],[44.245121,41.390259],[44.245075,41.39037],[44.245033,41.39048],[44.244994,41.390589],[44.244957,41.390698],[44.244923,41.390808],[44.244892,41.390921],[44.244864,41.391038],[44.244839,41.391157],[44.244816,41.39128],[44.244796,41.391406],[44.244778,41.391536],[44.244763,41.391672],[44.244751,41.391806],[44.24474,41.391946],[44.244726,41.392248],[44.244719,41.392581],[44.244717,41.393063],[44.244718,41.393318],[44.244725,41.393571],[44.244736,41.393822],[44.244753,41.39407],[44.244774,41.394317],[44.244799,41.394561],[44.24483,41.394802],[44.244865,41.395041],[44.244904,41.395276],[44.244949,41.395509],[44.244998,41.395739],[44.245052,41.395965],[44.24511,41.396189],[44.245173,41.396409],[44.24524,41.396625],[44.245312,41.396839],[44.245386,41.39704],[44.245464,41.397243],[44.245548,41.397446],[44.245637,41.39765],[44.245732,41.397855],[44.245831,41.39806],[44.245935,41.398265],[44.246045,41.398471],[44.246159,41.398677],[44.246278,41.398882],[44.246402,41.399087],[44.24653,41.399292],[44.246663,41.399495],[44.2468,41.399698],[44.246941,41.3999],[44.247086,41.4001],[44.247211,41.400265],[44.247341,41.400431],[44.247479,41.400599],[44.247623,41.400768],[44.247775,41.40094],[44.247934,41.401114],[44.248101,41.401292],[44.248276,41.401473],[44.248455,41.401652],[44.248643,41.401837],[44.248843,41.402029],[44.249055,41.402228],[44.249278,41.402434],[44.249522,41.402655],[44.250141,41.403209],[44.250451,41.403483],[44.25074,41.403735],[44.251015,41.403971],[44.251279,41.404193],[44.251537,41.404407],[44.251788,41.40461],[44.252034,41.404806],[44.252276,41.404993],[44.252517,41.405176],[44.252756,41.405352],[44.252993,41.405522],[44.253228,41.405685],[44.253461,41.405843],[44.253693,41.405996],[44.253925,41.406142],[44.254155,41.406284],[44.254436,41.406449],[44.254733,41.406617],[44.25505,41.406788],[44.255392,41.406966],[44.255735,41.407139],[44.256119,41.407328],[44.256509,41.407515],[44.257334,41.40791],[44.257994,41.408223],[44.258603,41.408508],[44.259179,41.408771],[44.259731,41.409016],[44.260266,41.409247],[44.260785,41.409465],[44.261292,41.40967],[44.261788,41.409864],[44.262056,41.409965],[44.262329,41.410066],[44.262607,41.410167],[44.262892,41.410268],[44.263184,41.410369],[44.263482,41.410471],[44.263789,41.410573],[44.264104,41.410676],[44.264753,41.410882],[44.265452,41.411097],[44.266215,41.411325],[44.267098,41.411583],[44.26795,41.411826],[44.268774,41.412053],[44.269177,41.412162],[44.269574,41.412267],[44.269966,41.412369],[44.270353,41.412467],[44.270737,41.412562],[44.271116,41.412655],[44.271491,41.412744],[44.271863,41.41283],[44.272231,41.412914],[44.272596,41.412994],[44.272957,41.413072],[44.273316,41.413147],[44.273669,41.413218],[44.27403,41.413288],[44.274399,41.413357],[44.274778,41.413424],[44.275168,41.413491],[44.275569,41.413557],[44.275985,41.413623],[44.276416,41.413689],[44.277226,41.413807],[44.278132,41.413932],[44.278911,41.414035],[44.280639,41.41426],[44.281403,41.414361],[44.281931,41.41443],[44.28248,41.414499],[44.283054,41.414568],[44.28366,41.414637],[44.284323,41.414711],[44.285054,41.414789],[44.288039,41.415098],[44.288726,41.41517],[44.289341,41.415237],[44.290052,41.415317],[44.290715,41.415395],[44.291343,41.415472],[44.291943,41.41555],[44.294474,41.415883],[44.295666,41.416043],[44.296278,41.416128],[44.29685,41.416209],[44.297393,41.416288],[44.297912,41.416366],[44.298456,41.41645],[44.298981,41.416534],[44.299489,41.416618],[44.299982,41.416703],[44.300463,41.416789],[44.300932,41.416876],[44.301391,41.416965],[44.30184,41.417055],[44.302972,41.417289],[44.303456,41.417392],[44.303908,41.417489],[44.304342,41.417585],[44.304757,41.417679],[44.305156,41.417771],[44.305541,41.417863],[44.305922,41.417956],[44.306291,41.418049],[44.306651,41.418142],[44.307001,41.418236],[44.307344,41.41833],[44.307678,41.418425],[44.308005,41.418521],[44.308325,41.418618],[44.308734,41.418746],[44.309132,41.418872],[44.30952,41.418999],[44.3099,41.419126],[44.310271,41.419252],[44.310634,41.41938],[44.31099,41.419507],[44.311339,41.419636],[44.311681,41.419765],[44.312017,41.419895],[44.312346,41.420026],[44.312668,41.420158],[44.312985,41.420292],[44.313296,41.420426],[44.313601,41.420561],[44.3139,41.420698],[44.31424,41.420857],[44.314549,41.421004],[44.314836,41.421143],[44.315107,41.421278],[44.315365,41.42141],[44.315612,41.42154],[44.315847,41.421668],[44.316074,41.421794],[44.316468,41.422022],[44.31683,41.422238],[44.317169,41.422448],[44.317486,41.422653],[44.317786,41.422856],[44.31793,41.422956],[44.318069,41.423056],[44.318205,41.423156],[44.318336,41.423255],[44.318464,41.423355],[44.318588,41.423454],[44.318768,41.423601],[44.318939,41.423745],[44.319103,41.423886],[44.31926,41.424025],[44.31941,41.424161],[44.319554,41.424296],[44.319693,41.42443],[44.319825,41.424562],[44.319953,41.424693],[44.320075,41.424824],[44.320192,41.424954],[44.320303,41.425083],[44.320409,41.425211],[44.320511,41.425339],[44.320607,41.425466],[44.320698,41.425593],[44.320843,41.425804],[44.320967,41.425991],[44.321076,41.426166],[44.321172,41.426331],[44.321259,41.426491],[44.321335,41.426646],[44.321401,41.426796],[44.321457,41.426941],[44.321489,41.427037],[44.321519,41.427135],[44.321547,41.427235],[44.321572,41.427336],[44.321595,41.42744],[44.321615,41.427546],[44.321632,41.427653],[44.321647,41.427763],[44.32166,41.427874],[44.32167,41.427988],[44.321678,41.428103],[44.321683,41.42822],[44.321685,41.428339],[44.321685,41.42846],[44.321683,41.428583],[44.321678,41.428708],[44.321665,41.428961],[44.321651,41.429146],[44.321632,41.429313],[44.321609,41.429464],[44.32158,41.429609],[44.321544,41.429744],[44.321501,41.429871],[44.321477,41.429932],[44.321452,41.42999],[44.321414,41.430069],[44.321374,41.430147],[44.321332,41.430224],[44.321288,41.4303],[44.321242,41.430374],[44.321195,41.430446],[44.321145,41.430517],[44.321094,41.430585],[44.321042,41.430651],[44.320988,41.430715],[44.320933,41.430777],[44.320877,41.430836],[44.32082,41.430893],[44.320761,41.430948],[44.320702,41.430999],[44.320641,41.431049],[44.320541,41.431122],[44.32043,41.431194],[44.320307,41.431265],[44.32017,41.431337],[44.320025,41.431406],[44.319861,41.431479],[44.319677,41.431555],[44.319408,41.431663],[44.31925,41.431723],[44.319086,41.43178],[44.318915,41.431833],[44.318737,41.431882],[44.318552,41.431929],[44.318359,41.431972],[44.318157,41.432012],[44.317945,41.432049],[44.317747,41.432081],[44.317539,41.43211],[44.317318,41.432138],[44.31708,41.432166],[44.316671,41.432207],[44.315819,41.432286],[44.315457,41.432322],[44.31515,41.432352],[44.314838,41.432378],[44.314519,41.432402],[44.314194,41.432421],[44.313862,41.432438],[44.313523,41.432451],[44.313175,41.432461],[44.312818,41.432468],[44.312456,41.432471],[44.312083,41.432472],[44.311698,41.432469],[44.311297,41.432463],[44.310881,41.432454],[44.310442,41.432442],[44.309973,41.432426],[44.309458,41.432406],[44.308992,41.432386],[44.308546,41.432365],[44.308117,41.432342],[44.307703,41.432316],[44.307299,41.432289],[44.306907,41.432259],[44.306525,41.432228],[44.306152,41.432193],[44.305786,41.432157],[44.305427,41.432118],[44.305075,41.432076],[44.304731,41.432032],[44.304393,41.431985],[44.30406,41.431935],[44.303734,41.431883],[44.303414,41.431828],[44.303021,41.431756],[44.302623,41.431678],[44.30222,41.431595],[44.301811,41.431505],[44.301397,41.431409],[44.300976,41.431308],[44.30055,41.4312],[44.300117,41.431086],[44.29973,41.430981],[44.299347,41.430873],[44.298967,41.430762],[44.298591,41.430648],[44.298219,41.430531],[44.29785,41.430412],[44.297486,41.430291],[44.297126,41.430167],[44.29677,41.43004],[44.296419,41.429911],[44.296072,41.429779],[44.295729,41.429645],[44.295392,41.429509],[44.295059,41.42937],[44.294731,41.429229],[44.294408,41.429085],[44.293987,41.428892],[44.293563,41.428689],[44.293137,41.428477],[44.292708,41.428256],[44.292276,41.428026],[44.291841,41.427786],[44.291404,41.427537],[44.290962,41.427279],[44.290701,41.427119],[44.290433,41.426948],[44.290157,41.426765],[44.289868,41.426565],[44.289592,41.426368],[44.28929,41.426147],[44.288985,41.425921],[44.288162,41.425303],[44.287912,41.425117],[44.287685,41.424952],[44.287423,41.424766],[44.287175,41.424594],[44.286936,41.424434],[44.286704,41.424284],[44.286206,41.42397],[44.285719,41.423671],[44.285241,41.423384],[44.284772,41.423108],[44.284494,41.422944],[44.283999,41.422639],[44.283806,41.422522],[44.28361,41.422407],[44.283431,41.422306],[44.283218,41.422194],[44.283116,41.422143],[44.283015,41.422095],[44.282916,41.42205],[44.282819,41.422008],[44.282722,41.421968],[44.282626,41.421931],[44.282486,41.421881],[44.282343,41.421833],[44.282198,41.421786],[44.28205,41.421741],[44.281899,41.421698],[44.281747,41.421657],[44.281592,41.421619],[44.281436,41.421582],[44.281278,41.421548],[44.281119,41.421516],[44.280959,41.421486],[44.280798,41.421459],[44.280637,41.421434],[44.280475,41.421412],[44.280314,41.421392],[44.280153,41.421374],[44.28001,41.421361],[44.279864,41.42135],[44.279716,41.421341],[44.279566,41.421334],[44.279413,41.42133],[44.279259,41.421327],[44.279103,41.421327],[44.278945,41.421328],[44.278784,41.421332],[44.278623,41.421338],[44.278459,41.421346],[44.278294,41.421357],[44.278128,41.421369],[44.27796,41.421383],[44.277791,41.4214],[44.277621,41.421419],[44.27738,41.421448],[44.277171,41.421475],[44.27698,41.421503],[44.276802,41.421533],[44.276634,41.421564],[44.276474,41.421597],[44.276323,41.421633],[44.276179,41.42167],[44.276081,41.421699],[44.275982,41.42173],[44.275881,41.421764],[44.27578,41.421801],[44.275677,41.421841],[44.275573,41.421883],[44.275466,41.421929],[44.275357,41.421977],[44.27514,41.422081],[44.274906,41.4222],[44.274652,41.422335],[44.274277,41.422541],[44.274067,41.422661],[44.273852,41.422792],[44.273631,41.422934],[44.273401,41.423091],[44.273181,41.423246],[44.272939,41.423422],[44.272129,41.424032],[44.271757,41.424314],[44.271381,41.424611],[44.270996,41.424923],[44.2706,41.425254],[44.270195,41.425602],[44.269768,41.425977],[44.26931,41.426387],[44.268792,41.426859],[44.268641,41.427],[44.268487,41.427149],[44.268327,41.427308],[44.268159,41.427479],[44.267848,41.427807],[44.267292,41.428406],[44.267074,41.428638],[44.266849,41.428872],[44.266643,41.429081],[44.26641,41.429307],[44.266185,41.429516],[44.266075,41.429614],[44.265965,41.429709],[44.265855,41.4298],[44.265746,41.429889],[44.265557,41.430039],[44.26537,41.430184],[44.265185,41.430325],[44.265002,41.430463],[44.26482,41.430596],[44.264639,41.430726],[44.264459,41.430852],[44.26428,41.430974],[44.264102,41.431094],[44.263925,41.43121],[44.263748,41.431322],[44.263572,41.431431],[44.263396,41.431537],[44.263221,41.43164],[44.263047,41.43174],[44.262872,41.431836],[44.262339,41.432124],[44.262114,41.432242],[44.261903,41.432349],[44.261698,41.432451],[44.261501,41.432546],[44.261311,41.432635],[44.261125,41.432718],[44.260938,41.432797],[44.260756,41.432872],[44.260576,41.432942],[44.260399,41.433006],[44.260225,41.433067],[44.260052,41.433122],[44.259881,41.433174],[44.259711,41.43322],[44.259466,41.433281],[44.259209,41.433338],[44.25894,41.433391],[44.258657,41.43344],[44.258359,41.433485],[44.258044,41.433528],[44.257706,41.433568],[44.257335,41.433606],[44.257147,41.433624],[44.256958,41.433639],[44.256769,41.433653],[44.256579,41.433665],[44.256389,41.433676],[44.256198,41.433684],[44.256007,41.433691],[44.255816,41.433695],[44.255624,41.433698],[44.255433,41.433699],[44.255242,41.433699],[44.255052,41.433696],[44.254862,41.433691],[44.254672,41.433685],[44.254483,41.433677],[44.254295,41.433667],[44.253864,41.433639],[44.253472,41.433607],[44.253108,41.433572],[44.252934,41.433552],[44.252765,41.433531],[44.2526,41.433508],[44.252439,41.433484],[44.252282,41.433458],[44.252129,41.433431],[44.25198,41.433403],[44.251834,41.433373],[44.251692,41.433341],[44.251554,41.433308],[44.251358,41.433257],[44.251161,41.433202],[44.250964,41.433143],[44.250767,41.43308],[44.25057,41.433012],[44.250373,41.432941],[44.250177,41.432866],[44.249982,41.432788],[44.249789,41.432706],[44.249597,41.43262],[44.249408,41.432531],[44.249221,41.432439],[44.249036,41.432345],[44.248855,41.432247],[44.248677,41.432147],[44.248503,41.432044],[44.248387,41.431973],[44.248271,41.431898],[44.248154,41.43182],[44.248037,41.431739],[44.247919,41.431655],[44.247801,41.431566],[44.247681,41.431475],[44.247561,41.431379],[44.24744,41.43128],[44.247318,41.431177],[44.247065,41.430956],[44.246797,41.430711],[44.246496,41.430426],[44.246133,41.430074],[44.245988,41.42993],[44.245856,41.429795],[44.24573,41.429664],[44.245613,41.429538],[44.245503,41.429416],[44.2454,41.429298],[44.245301,41.429178],[44.245207,41.429061],[44.245119,41.428946],[44.245037,41.428832],[44.24496,41.42872],[44.244888,41.428609],[44.244822,41.428498],[44.24476,41.428389],[44.244684,41.42824],[44.244611,41.428084],[44.244541,41.42792],[44.244474,41.427747],[44.244409,41.427565],[44.244346,41.42737],[44.244284,41.427159],[44.244218,41.426921],[44.244174,41.426746],[44.244134,41.426564],[44.244098,41.426372],[44.244065,41.426169],[44.244035,41.42596],[44.244008,41.42573],[44.243981,41.425476],[44.243946,41.425114],[44.243934,41.424969],[44.243928,41.424817],[44.243926,41.424657],[44.243928,41.424486],[44.243934,41.424334],[44.243943,41.424164],[44.243981,41.423589],[44.243993,41.42337],[44.244002,41.423149],[44.244004,41.422951],[44.243998,41.422736],[44.243992,41.422635],[44.243983,41.422536],[44.243972,41.42244],[44.243959,41.422346],[44.243944,41.422255],[44.243926,41.422165],[44.243823,41.421657],[44.24377,41.421421],[44.24374,41.421299],[44.243709,41.421186],[44.243676,41.42108],[44.243643,41.42098],[44.243604,41.420876],[44.243562,41.420777],[44.243518,41.420683],[44.243472,41.420594],[44.243422,41.420508],[44.24337,41.420427],[44.243314,41.420349],[44.243256,41.420275],[44.243173,41.420183],[44.243079,41.420091],[44.242972,41.419997],[44.242849,41.419899],[44.242746,41.419822],[44.242629,41.419739],[44.24214,41.419409],[44.242031,41.419333],[44.241935,41.419263],[44.24171,41.419093],[44.241168,41.418668],[44.241017,41.418555],[44.24088,41.418456],[44.240713,41.418342],[44.240553,41.41824],[44.240397,41.41815],[44.240243,41.418069],[44.24011,41.418005],[44.239972,41.417943],[44.239828,41.417883],[44.239678,41.417826],[44.239522,41.41777],[44.239359,41.417716],[44.239191,41.417664],[44.239016,41.417613],[44.238835,41.417564],[44.238648,41.417517],[44.238452,41.417471],[44.238247,41.417426],[44.238033,41.417382],[44.237805,41.417338],[44.237562,41.417293],[44.237295,41.417247],[44.237108,41.417216],[44.236918,41.417188],[44.236724,41.417163],[44.236527,41.41714],[44.236326,41.417119],[44.236122,41.4171],[44.235915,41.417084],[44.235703,41.41707],[44.235489,41.417058],[44.23527,41.417049],[44.235049,41.417042],[44.234823,41.417038],[44.234595,41.417036],[44.234362,41.417036],[44.234126,41.417039],[44.233886,41.417044],[44.23363,41.417052],[44.23337,41.417066],[44.233106,41.417084],[44.232837,41.417107],[44.232562,41.417134],[44.232283,41.417166],[44.231997,41.417203],[44.231705,41.417245],[44.23141,41.417291],[44.231106,41.417343],[44.230794,41.417399],[44.230471,41.417461],[44.230138,41.417529],[44.22979,41.417602],[44.229422,41.417683],[44.229027,41.417773],[44.228891,41.417806],[44.228753,41.417841],[44.228612,41.41788],[44.228468,41.417921],[44.228322,41.417965],[44.228172,41.418012],[44.227857,41.418117],[44.227586,41.418213],[44.227284,41.418325],[44.226997,41.418434],[44.226304,41.418701],[44.225947,41.418835],[44.2256,41.41896],[44.225283,41.419067],[44.225121,41.419119],[44.224963,41.419167],[44.224809,41.419211],[44.224658,41.419252],[44.22451,41.41929],[44.224364,41.419325],[44.22422,41.419356],[44.224078,41.419385],[44.223768,41.419442],[44.223453,41.419494],[44.223133,41.419542],[44.222808,41.419585],[44.222478,41.419624],[44.222144,41.419659],[44.221806,41.419689],[44.221465,41.419714],[44.221119,41.419735],[44.220771,41.419751],[44.220419,41.419762],[44.220066,41.419769],[44.21971,41.419771],[44.219353,41.419769],[44.218996,41.419761],[44.218637,41.419749],[44.218039,41.419723],[44.217777,41.419708],[44.21753,41.419693],[44.217292,41.419676],[44.217065,41.419657],[44.216846,41.419637],[44.216634,41.419615],[44.216426,41.419591],[44.216224,41.419565],[44.216028,41.419537],[44.215838,41.419507],[44.215652,41.419474],[44.215472,41.41944],[44.215296,41.419403],[44.215124,41.419364],[44.214973,41.419327],[44.214821,41.419287],[44.214665,41.419243],[44.214508,41.419196],[44.214347,41.419145],[44.214184,41.41909],[44.214016,41.419031],[44.213843,41.418968],[44.213677,41.418905],[44.213504,41.418838],[44.213131,41.418686],[44.21274,41.41852],[44.212047,41.41822],[44.211761,41.418095],[44.211479,41.417969],[44.211202,41.417842],[44.210929,41.417714],[44.210661,41.417585],[44.210398,41.417455],[44.210139,41.417324],[44.209885,41.417192],[44.209635,41.41706],[44.209391,41.416926],[44.209151,41.416792],[44.208915,41.416656],[44.208685,41.41652],[44.208459,41.416383],[44.208238,41.416245],[44.208022,41.416106],[44.207808,41.415964],[44.207594,41.415817],[44.207379,41.415664],[44.207162,41.415504],[44.206944,41.415338],[44.206724,41.415166],[44.2065,41.414985],[44.206272,41.414797],[44.20605,41.414608],[44.205821,41.41441],[44.205584,41.4142],[44.205336,41.413976],[44.205085,41.413746],[44.204812,41.413492],[44.204065,41.412789],[44.203833,41.412565],[44.203598,41.412329],[44.203357,41.412078],[44.203108,41.411809],[44.202854,41.411526],[44.202577,41.41121],[44.202291,41.410878],[44.201495,41.409944],[44.201246,41.409657],[44.20102,41.409401],[44.200755,41.409109],[44.200503,41.408839],[44.200257,41.408586],[44.200016,41.408348],[44.199402,41.407755],[44.198943,41.407319],[44.198523,41.406929],[44.198132,41.406576],[44.197936,41.406405],[44.197745,41.406239],[44.197556,41.40608],[44.19737,41.405926],[44.197186,41.405776],[44.197004,41.405632],[44.196823,41.405492],[44.196642,41.405355],[44.196389,41.405168],[44.196138,41.404986],[44.195889,41.404809],[44.195643,41.404638],[44.195399,41.404471],[44.195156,41.404308],[44.194914,41.404151],[44.194674,41.403997],[44.194435,41.403848],[44.194197,41.403704],[44.193959,41.403563],[44.193723,41.403427],[44.193487,41.403294],[44.193252,41.403166],[44.193017,41.403042],[44.192782,41.402921],[44.192267,41.40266],[44.191959,41.402507],[44.191668,41.402368],[44.191403,41.402247],[44.191137,41.402132],[44.190883,41.402031],[44.190759,41.401984],[44.190637,41.401941],[44.190517,41.4019],[44.190398,41.401861],[44.190265,41.401821],[44.190129,41.401781],[44.189851,41.401706],[44.189564,41.401636],[44.189268,41.401571],[44.188964,41.401511],[44.188652,41.401456],[44.188332,41.401407],[44.188006,41.401363],[44.187734,41.401333],[44.187451,41.401308],[44.187154,41.401288],[44.186843,41.401274],[44.186518,41.401264],[44.186169,41.40126],[44.185788,41.40126],[44.185343,41.401264],[44.184997,41.40127],[44.184668,41.40128],[44.184355,41.401293],[44.184054,41.401309],[44.183763,41.401328],[44.183481,41.401351],[44.183209,41.401377],[44.182944,41.401407],[44.182516,41.401461],[44.182209,41.401502],[44.181933,41.401543],[44.181682,41.401585],[44.181442,41.401632],[44.181217,41.401682],[44.181006,41.401736],[44.180906,41.401764],[44.180807,41.401793],[44.180619,41.401856],[44.180427,41.401927],[44.180228,41.402008],[44.180021,41.402099],[44.179811,41.402197],[44.179584,41.402309],[44.179337,41.402437],[44.178985,41.402623],[44.178657,41.402798],[44.17844,41.402916],[44.178244,41.403026],[44.17807,41.403129],[44.177904,41.403233],[44.177751,41.403335],[44.177611,41.403435],[44.177482,41.403535],[44.17733,41.403662],[44.177181,41.403796],[44.177037,41.403934],[44.176898,41.404078],[44.176764,41.404226],[44.176637,41.404378],[44.176515,41.404533],[44.176402,41.404691],[44.176289,41.404859],[44.176184,41.40503],[44.176088,41.405202],[44.176,41.405374],[44.175922,41.405545],[44.175853,41.405716],[44.175794,41.405884],[44.175745,41.40605],[44.175723,41.406139],[44.175704,41.406231],[44.175687,41.406324],[44.175673,41.40642],[44.175663,41.406519],[44.175654,41.40662],[44.175649,41.406724],[44.175646,41.406831],[44.175646,41.40694],[44.175649,41.407052],[44.175662,41.407291],[44.175686,41.407551],[44.175722,41.407855],[44.175754,41.408079],[44.175792,41.408294],[44.175834,41.408501],[44.175882,41.408699],[44.175936,41.408891],[44.175994,41.409075],[44.176059,41.409252],[44.176129,41.409423],[44.176169,41.409511],[44.176213,41.409601],[44.17626,41.409691],[44.176312,41.409783],[44.176368,41.409877],[44.176428,41.409972],[44.176493,41.41007],[44.176563,41.410172],[44.176694,41.410353],[44.176847,41.410553],[44.176996,41.410741],[44.177338,41.411165],[44.17749,41.411358],[44.177934,41.411935],[44.178069,41.412106],[44.178193,41.412258],[44.178323,41.412412],[44.17845,41.412554],[44.178574,41.412687],[44.178697,41.412811],[44.178819,41.412928],[44.178946,41.413044],[44.179079,41.41316],[44.179218,41.413277],[44.179363,41.413394],[44.179514,41.413511],[44.179673,41.41363],[44.179838,41.413749],[44.180008,41.413868],[44.180187,41.413989],[44.180374,41.414111],[44.180571,41.414237],[44.180777,41.414366],[44.180997,41.414501],[44.181234,41.414642],[44.181497,41.414797],[44.18162,41.414868],[44.181748,41.414939],[44.181879,41.415009],[44.182016,41.41508],[44.182304,41.415223],[44.182619,41.415371],[44.182899,41.415496],[44.183214,41.415633],[44.184279,41.416081],[44.184678,41.416252],[44.184881,41.416341],[44.18507,41.416427],[44.185249,41.416509],[44.185418,41.41659],[44.186096,41.416921],[44.186716,41.417228],[44.187295,41.417519],[44.187842,41.4178],[44.188366,41.418075],[44.188868,41.418343],[44.189349,41.418607],[44.189814,41.418868],[44.190646,41.419345],[44.190959,41.419527],[44.191243,41.419696],[44.191517,41.419862],[44.191774,41.420022],[44.192016,41.420177],[44.192247,41.420329],[44.192778,41.420685],[44.193119,41.420918],[44.193427,41.421134],[44.193701,41.421335],[44.193835,41.421437],[44.193963,41.421536],[44.194085,41.421634],[44.194202,41.421731],[44.194314,41.421827],[44.194421,41.421922],[44.194525,41.422017],[44.194624,41.422111],[44.19477,41.422257],[44.194915,41.422407],[44.19506,41.422564],[44.195204,41.422727],[44.195348,41.422896],[44.195491,41.423071],[44.195635,41.423253],[44.19578,41.423443],[44.195891,41.423594],[44.196,41.423748],[44.196107,41.423904],[44.196213,41.424064],[44.196316,41.424227],[44.196418,41.424393],[44.196518,41.424561],[44.196617,41.424733],[44.196873,41.42518],[44.196979,41.42537],[44.197083,41.425567],[44.197169,41.425745],[44.19721,41.425838],[44.197248,41.425927],[44.197281,41.426015],[44.197311,41.4261],[44.197338,41.426183],[44.19736,41.426265],[44.19738,41.426345],[44.197395,41.426423],[44.19741,41.426512],[44.197421,41.426603],[44.19743,41.426696],[44.197435,41.426792],[44.197438,41.426889],[44.197437,41.426989],[44.197434,41.427091],[44.197428,41.427195],[44.197418,41.427302],[44.197406,41.427411],[44.197391,41.427524],[44.197373,41.42764],[44.197327,41.427883],[44.197268,41.428148],[44.197207,41.428387],[44.197144,41.428606],[44.197077,41.42881],[44.197005,41.429002],[44.196928,41.429183],[44.196888,41.42927],[44.196846,41.429354],[44.196802,41.429436],[44.196757,41.429516],[44.196711,41.429593],[44.196663,41.429668],[44.196612,41.429742],[44.196558,41.429817],[44.196501,41.429892],[44.19644,41.429967],[44.196376,41.430044],[44.196308,41.43012],[44.196162,41.430276],[44.196003,41.430434],[44.195827,41.430597],[44.195634,41.430766],[44.195421,41.430943],[44.195301,41.431038],[44.195175,41.431132],[44.195043,41.431225],[44.194904,41.431318],[44.19476,41.431411],[44.194608,41.431503],[44.194449,41.431596],[44.194282,41.431689],[44.194113,41.43178],[44.193934,41.431872],[44.193746,41.431966],[44.193545,41.432063],[44.193336,41.432162],[44.193107,41.432267],[44.192522,41.432528],[44.192354,41.432601],[44.192181,41.432673],[44.192002,41.432745],[44.191818,41.432816],[44.191627,41.432887],[44.19143,41.432958],[44.191225,41.433029],[44.191012,41.433101],[44.190594,41.433236],[44.190126,41.43338],[44.189662,41.433518],[44.188615,41.433824],[44.188128,41.433966],[44.187652,41.434102],[44.187184,41.434232],[44.186725,41.434356],[44.186273,41.434476],[44.185828,41.434589],[44.18539,41.434698],[44.184957,41.434802],[44.184529,41.434901],[44.184106,41.434995],[44.183688,41.435084],[44.183275,41.435168],[44.182866,41.435248],[44.182461,41.435323],[44.182061,41.435394],[44.181664,41.43546],[44.181294,41.435517],[44.180916,41.435571],[44.180529,41.435622],[44.180131,41.43567],[44.179723,41.435715],[44.179301,41.435758],[44.178866,41.435798],[44.178413,41.435835],[44.177991,41.435867],[44.177549,41.435898],[44.177082,41.435927],[44.176582,41.435956],[44.17569,41.436004],[44.173982,41.436087],[44.173285,41.436122],[44.172347,41.436168],[44.171392,41.436209],[44.17042,41.436245],[44.169428,41.436275],[44.168416,41.4363],[44.167381,41.43632],[44.166321,41.436335],[44.165232,41.436345],[44.162712,41.436363],[44.161967,41.436366],[44.1613,41.436367],[44.160612,41.436365],[44.159966,41.43636],[44.159352,41.436352],[44.158764,41.436341],[44.158157,41.436325],[44.15757,41.436306],[44.157002,41.436283],[44.156449,41.436255],[44.155909,41.436224],[44.155381,41.436189],[44.154865,41.436149],[44.15436,41.436105],[44.153942,41.436065],[44.153519,41.436021],[44.153089,41.435974],[44.152652,41.435923],[44.152207,41.435868],[44.151755,41.435809],[44.151293,41.435746],[44.150821,41.435679],[44.150344,41.435608],[44.149853,41.435533],[44.149348,41.435454],[44.148827,41.435369],[44.148287,41.435279],[44.147723,41.435182],[44.147126,41.435078],[44.146484,41.434964],[44.145939,41.434864],[44.145395,41.434763],[44.144855,41.43466],[44.144317,41.434555],[44.143782,41.434447],[44.143249,41.434338],[44.14272,41.434227],[44.142193,41.434113],[44.141669,41.433998],[44.141148,41.433881],[44.14063,41.433762],[44.140115,41.43364],[44.139603,41.433517],[44.139094,41.433392],[44.138588,41.433265],[44.138085,41.433136],[44.137718,41.433039],[44.137344,41.432939],[44.136963,41.432834],[44.136574,41.432726],[44.136177,41.432612],[44.13577,41.432494],[44.134917,41.432241],[44.134081,41.431985],[44.133153,41.431696],[44.132243,41.431408],[44.130174,41.430749],[44.129901,41.430661],[44.129618,41.430566],[44.129323,41.430463],[44.129011,41.430352],[44.128703,41.43024],[44.128364,41.430113],[44.127065,41.42962],[44.126514,41.429414],[44.126213,41.429305],[44.125932,41.429204],[44.125664,41.429111],[44.125407,41.429025],[44.125095,41.428923],[44.124793,41.42883],[44.1245,41.428744],[44.124214,41.428664],[44.123933,41.428591],[44.123656,41.428524],[44.123384,41.428464],[44.123116,41.428409],[44.122633,41.428316],[44.122283,41.428251],[44.121965,41.428195],[44.121674,41.428149],[44.12139,41.428108],[44.121121,41.428075],[44.120863,41.428048],[44.120615,41.428029],[44.120385,41.428014],[44.120162,41.428003],[44.119946,41.427994],[44.119736,41.427988],[44.119532,41.427984],[44.119333,41.427983],[44.119139,41.427985],[44.118949,41.42799],[44.118764,41.427997],[44.118582,41.428007],[44.118405,41.42802],[44.118231,41.428036],[44.118062,41.428054],[44.117896,41.428075],[44.117734,41.428099],[44.117576,41.428126],[44.117356,41.428168],[44.117134,41.428216],[44.116908,41.428271],[44.116681,41.428332],[44.116451,41.428399],[44.11622,41.428471],[44.115988,41.42855],[44.115756,41.428633],[44.11545,41.428748],[44.115235,41.428832],[44.115043,41.428911],[44.114872,41.428987],[44.114711,41.429066],[44.114564,41.429144],[44.11443,41.429223],[44.114308,41.429304],[44.114244,41.42935],[44.114181,41.429399],[44.114119,41.42945],[44.114057,41.429504],[44.113995,41.429561],[44.113934,41.42962],[44.113811,41.429747],[44.11369,41.429884],[44.113565,41.430037],[44.113434,41.430208],[44.11328,41.43042],[44.113167,41.43058],[44.113069,41.430728],[44.112981,41.430868],[44.112904,41.431002],[44.112835,41.431132],[44.112774,41.431257],[44.112722,41.431379],[44.112679,41.431498],[44.112656,41.431571],[44.112635,41.431645],[44.112616,41.431721],[44.112599,41.431799],[44.112571,41.43196],[44.112552,41.432129],[44.11254,41.432306],[44.112537,41.432493],[44.112541,41.43269],[44.112553,41.432901],[44.112566,41.433062],[44.112581,41.433208],[44.112597,41.433345],[44.112616,41.433474],[44.112637,41.433598],[44.112661,41.433716],[44.112687,41.433829],[44.112717,41.433938],[44.112749,41.434044],[44.112784,41.434145],[44.112823,41.434242],[44.112864,41.434335],[44.112909,41.434425],[44.112957,41.434511],[44.113008,41.434592],[44.113062,41.434671],[44.11311,41.434733],[44.113163,41.434796],[44.113221,41.434859],[44.113283,41.434922],[44.113351,41.434986],[44.113423,41.43505],[44.113501,41.435115],[44.113585,41.435181],[44.113751,41.435303],[44.113945,41.435436],[44.11412,41.435551],[44.114645,41.435886],[44.114797,41.435985],[44.114953,41.436082],[44.115112,41.436179],[44.115275,41.436274],[44.115441,41.436369],[44.115612,41.436463],[44.115785,41.436557],[44.115963,41.436649],[44.116144,41.43674],[44.116328,41.436831],[44.116516,41.43692],[44.116707,41.437009],[44.116901,41.437096],[44.117099,41.437183],[44.1173,41.437268],[44.117504,41.437353],[44.117673,41.43742],[44.117848,41.437486],[44.118027,41.437552],[44.118213,41.437616],[44.118406,41.43768],[44.118605,41.437744],[44.118813,41.437807],[44.11903,41.437871],[44.119429,41.437983],[44.119878,41.438102],[44.120304,41.43821],[44.121248,41.438446],[44.121646,41.438548],[44.1219,41.438612],[44.122159,41.438676],[44.122426,41.438738],[44.1227,41.4388],[44.122982,41.438861],[44.123274,41.438922],[44.123576,41.438982],[44.123892,41.439043],[44.124431,41.439143],[44.125033,41.439249],[44.12561,41.439348],[44.126991,41.439579],[44.127689,41.4397],[44.128354,41.43982],[44.12866,41.439878],[44.128953,41.439936],[44.129244,41.439995],[44.129525,41.440054],[44.129798,41.440114],[44.130062,41.440174],[44.13032,41.440235],[44.130572,41.440297],[44.130818,41.44036],[44.131058,41.440425],[44.131402,41.440522],[44.131758,41.440629],[44.132132,41.440747],[44.132529,41.440878],[44.132873,41.440995],[44.133254,41.441129],[44.134493,41.441571],[44.13494,41.441729],[44.135372,41.441878],[44.135764,41.442009],[44.136151,41.442133],[44.136519,41.442244],[44.136873,41.442345],[44.137216,41.442437],[44.137832,41.442595],[44.138226,41.442695],[44.13859,41.442783],[44.138921,41.442861],[44.139247,41.442932],[44.139556,41.442996],[44.139853,41.443052],[44.14014,41.443101],[44.140324,41.443129],[44.140518,41.443154],[44.140721,41.443177],[44.140938,41.443198],[44.141154,41.443217],[44.141395,41.443235],[44.142323,41.443294],[44.142717,41.443323],[44.14293,41.443342],[44.143128,41.443362],[44.143316,41.443383],[44.143495,41.443407],[44.143855,41.443459],[44.144223,41.443517],[44.144598,41.443581],[44.144983,41.44365],[44.145376,41.443726],[44.145781,41.443808],[44.146199,41.443896],[44.146633,41.443992],[44.146842,41.44404],[44.147054,41.444091],[44.14727,41.444146],[44.14749,41.444204],[44.147715,41.444266],[44.147945,41.444331],[44.148183,41.444401],[44.148429,41.444476],[44.148856,41.44461],[44.149329,41.444763],[44.149789,41.444916],[44.150946,41.445306],[44.151573,41.445512],[44.151903,41.445617],[44.152213,41.445712],[44.152508,41.445801],[44.152793,41.445883],[44.153569,41.446104],[44.155317,41.446609],[44.156099,41.446831],[44.156574,41.446963],[44.157019,41.447083],[44.157441,41.447193],[44.157845,41.447296],[44.158289,41.447404],[44.158717,41.447504],[44.159134,41.447596],[44.15954,41.44768],[44.159937,41.447758],[44.160326,41.447828],[44.160708,41.447892],[44.161084,41.447949],[44.161445,41.447999],[44.161815,41.448044],[44.162194,41.448084],[44.162583,41.448121],[44.162984,41.448154],[44.163398,41.448183],[44.163828,41.448208],[44.164275,41.44823],[44.164655,41.448245],[44.165052,41.448258],[44.165471,41.448269],[44.16592,41.448279],[44.166758,41.448291],[44.168808,41.448314],[44.169371,41.448323],[44.169878,41.448334],[44.170383,41.448345],[44.170898,41.448353],[44.171425,41.448358],[44.171966,41.44836],[44.17252,41.448359],[44.173091,41.448356],[44.173682,41.448349],[44.174297,41.448339],[44.17534,41.448317],[44.176504,41.448286],[44.177613,41.448253],[44.180243,41.448169],[44.181558,41.448131],[44.182196,41.448115],[44.182796,41.448101],[44.183369,41.448091],[44.183918,41.448082],[44.184439,41.448076],[44.184945,41.448073],[44.185437,41.448072],[44.185917,41.448073],[44.186387,41.448076],[44.186848,41.448082],[44.1873,41.44809],[44.187744,41.4481],[44.189533,41.448147],[44.190605,41.448177],[44.191602,41.448207],[44.192504,41.448237],[44.193395,41.44827],[44.194235,41.448306],[44.195037,41.448344],[44.195807,41.448385],[44.196588,41.448432],[44.197343,41.448483],[44.198077,41.448538],[44.198791,41.448597],[44.199489,41.44866],[44.20017,41.448728],[44.200837,41.448801],[44.201491,41.448879],[44.201856,41.448922],[44.202263,41.448967],[44.20378,41.449121],[44.204408,41.449189],[44.204744,41.449229],[44.205058,41.449269],[44.205354,41.44931],[44.205636,41.449352],[44.205965,41.449406],[44.206279,41.449463],[44.206579,41.449524],[44.206869,41.449588],[44.207148,41.449656],[44.207418,41.449728],[44.207679,41.449805],[44.207931,41.449886],[44.208206,41.44998],[44.208475,41.450077],[44.208738,41.450177],[44.208994,41.450278],[44.209244,41.450381],[44.209486,41.450487],[44.209721,41.450594],[44.209947,41.450702],[44.210185,41.450823],[44.210421,41.450951],[44.210657,41.451088],[44.210893,41.451232],[44.211129,41.451385],[44.211367,41.451547],[44.211605,41.451718],[44.211846,41.451898],[44.212083,41.452084],[44.212325,41.45228],[44.212572,41.452488],[44.212826,41.45271],[44.213086,41.452944],[44.213362,41.453198],[44.21366,41.453479],[44.214016,41.453819],[44.214146,41.453946],[44.214276,41.454077],[44.214407,41.454212],[44.214539,41.454351],[44.214672,41.454495],[44.214807,41.454644],[44.215083,41.454961],[44.21535,41.455278],[44.215641,41.455634],[44.215928,41.455993],[44.21654,41.456765],[44.216954,41.457288],[44.217312,41.457745],[44.217639,41.458168],[44.217941,41.458566],[44.218228,41.458951],[44.218497,41.459321],[44.218753,41.459679],[44.218995,41.460027],[44.21923,41.460375],[44.219453,41.460715],[44.219665,41.461049],[44.219867,41.461377],[44.220059,41.461701],[44.220241,41.462021],[44.220413,41.462337],[44.220576,41.46265],[44.220726,41.462949],[44.220872,41.463251],[44.221014,41.463555],[44.221152,41.463861],[44.221287,41.464169],[44.221418,41.46448],[44.221544,41.464791],[44.221667,41.465105],[44.221861,41.465625],[44.221951,41.465874],[44.222036,41.466117],[44.222116,41.466354],[44.222192,41.466587],[44.222264,41.466815],[44.222332,41.467038],[44.222397,41.46726],[44.222457,41.467477],[44.222514,41.467692],[44.222567,41.467903],[44.222617,41.468112],[44.222663,41.468318],[44.222705,41.468522],[44.222744,41.468723],[44.222772,41.468886],[44.222799,41.469053],[44.222824,41.469224],[44.222848,41.469399],[44.222889,41.469762],[44.222923,41.470148],[44.22295,41.470537],[44.222973,41.470968],[44.222992,41.471421],[44.223021,41.472255],[44.223081,41.473641],[44.2231,41.474187],[44.223107,41.474487],[44.22311,41.474766],[44.22311,41.475032],[44.223106,41.475285],[44.223098,41.475555],[44.223085,41.475815],[44.223067,41.476067],[44.223045,41.476311],[44.223018,41.476549],[44.222987,41.476781],[44.22295,41.477008],[44.222909,41.477229],[44.222782,41.477851],[44.222734,41.478075],[44.222687,41.478279],[44.222639,41.478478],[44.22259,41.478666],[44.22254,41.478845],[44.222488,41.479015],[44.222432,41.479187],[44.222374,41.479351],[44.222313,41.47951],[44.22225,41.479664],[44.222183,41.479813],[44.222114,41.479957],[44.222041,41.480096],[44.221966,41.480232],[44.221905,41.480334],[44.221841,41.480436],[44.221773,41.480541],[44.2217,41.480646],[44.221624,41.480753],[44.221543,41.480862],[44.221458,41.480974],[44.221368,41.481087],[44.221178,41.481317],[44.220964,41.481565],[44.22072,41.481836],[44.220395,41.482187],[44.220173,41.482421],[44.21994,41.482654],[44.219697,41.482888],[44.219443,41.483122],[44.219178,41.483356],[44.218902,41.483591],[44.218615,41.483826],[44.218317,41.484063],[44.218007,41.484299],[44.217685,41.484538],[44.217351,41.484779],[44.217002,41.485023],[44.216638,41.48527],[44.216258,41.485522],[44.21586,41.485779],[44.215441,41.486045],[44.215261,41.486154],[44.215069,41.486264],[44.214863,41.486377],[44.214638,41.486494],[44.214436,41.486596],[44.21421,41.486706],[44.213434,41.487076],[44.21314,41.487219],[44.212847,41.487366],[44.212589,41.487502],[44.212448,41.487579],[44.212315,41.487655],[44.212188,41.48773],[44.212066,41.487805],[44.211949,41.48788],[44.211837,41.487954],[44.21173,41.48803],[44.211627,41.488105],[44.211402,41.48828],[44.211176,41.488465],[44.210948,41.488661],[44.210718,41.48887],[44.210486,41.489091],[44.210247,41.489327],[44.21,41.48958],[44.209739,41.489857],[44.209371,41.490249],[44.209215,41.490418],[44.209059,41.490593],[44.208924,41.490752],[44.208794,41.490916],[44.20868,41.491073],[44.208628,41.49115],[44.20858,41.491225],[44.208535,41.4913],[44.208493,41.491373],[44.208412,41.49153],[44.208337,41.491693],[44.208266,41.491862],[44.208201,41.492039],[44.208142,41.492222],[44.208088,41.492412],[44.208039,41.49261],[44.207995,41.492814],[44.207948,41.493071],[44.207913,41.493296],[44.207889,41.493504],[44.207875,41.493697],[44.207872,41.49379],[44.207871,41.493881],[44.207874,41.493969],[44.207878,41.494055],[44.207885,41.494139],[44.207895,41.494221],[44.207908,41.494301],[44.207923,41.494378],[44.207947,41.494479],[44.207976,41.494581],[44.20801,41.494685],[44.20805,41.49479],[44.208094,41.494897],[44.208144,41.495005],[44.208198,41.495114],[44.208258,41.495225],[44.208323,41.495337],[44.208393,41.49545],[44.208468,41.495564],[44.208548,41.49568],[44.208632,41.495796],[44.208722,41.495913],[44.208816,41.496031],[44.208915,41.49615],[44.208994,41.496239],[44.209077,41.496328],[44.209167,41.496417],[44.209263,41.496507],[44.209364,41.496596],[44.209472,41.496687],[44.209587,41.496779],[44.20971,41.496873],[44.209824,41.496957],[44.209946,41.497044],[44.210219,41.497229],[44.210453,41.497383],[44.211,41.497734],[44.211242,41.497891],[44.211895,41.498329],[44.212161,41.498504],[44.212444,41.498685],[44.212703,41.498841],[44.212839,41.49892],[44.212973,41.498994],[44.213103,41.499063],[44.213232,41.499129],[44.213358,41.49919],[44.213484,41.499248],[44.213609,41.499302],[44.213732,41.499353],[44.213845,41.499396],[44.213961,41.499438],[44.214082,41.499479],[44.214206,41.499519],[44.214336,41.499559],[44.21447,41.499597],[44.214611,41.499635],[44.214758,41.499672],[44.215027,41.499736],[44.21533,41.499803],[44.215619,41.499863],[44.216267,41.499994],[44.216552,41.500054],[44.217105,41.500171],[44.21763,41.500276],[44.218134,41.500372],[44.21862,41.500458],[44.219093,41.500537],[44.219553,41.500607],[44.220001,41.500668],[44.22044,41.500722],[44.220736,41.500754],[44.221047,41.500781],[44.221374,41.500803],[44.221723,41.500823],[44.222048,41.500837],[44.222409,41.500849],[44.223717,41.500881],[44.22425,41.500898],[44.224534,41.500909],[44.2248,41.500923],[44.225052,41.500938],[44.225293,41.500956],[44.226802,41.501069],[44.227372,41.501114],[44.227689,41.501141],[44.227985,41.501169],[44.228265,41.501197],[44.228532,41.501226],[44.228817,41.501259],[44.229091,41.501295],[44.229356,41.501332],[44.229612,41.501372],[44.229861,41.501413],[44.230104,41.501458],[44.230339,41.501504],[44.230569,41.501553],[44.23099,41.501649],[44.231395,41.501748],[44.231786,41.50185],[44.232164,41.501956],[44.232528,41.502065],[44.23288,41.502178],[44.233052,41.502236],[44.23322,41.502295],[44.233386,41.502355],[44.233548,41.502415],[44.233909,41.502556],[44.234256,41.502699],[44.234588,41.502843],[44.234906,41.50299],[44.23506,41.503063],[44.23521,41.503138],[44.235357,41.503213],[44.235501,41.503288],[44.235641,41.503364],[44.235778,41.503441],[44.235912,41.503518],[44.236042,41.503595],[44.236227,41.503709],[44.236408,41.503824],[44.236584,41.50394],[44.236755,41.504057],[44.236922,41.504174],[44.237084,41.504292],[44.237242,41.504411],[44.237394,41.50453],[44.237541,41.50465],[44.237683,41.50477],[44.237819,41.504891],[44.23795,41.505011],[44.238076,41.505132],[44.238197,41.505254],[44.238312,41.505375],[44.238421,41.505497],[44.238509,41.505599],[44.238595,41.505705],[44.23868,41.505815],[44.238764,41.505929],[44.238846,41.506047],[44.238927,41.50617],[44.239008,41.506297],[44.239088,41.50643],[44.239166,41.506563],[44.239244,41.506703],[44.239323,41.50685],[44.239403,41.507006],[44.23957,41.507344],[44.239782,41.507792],[44.239941,41.508144],[44.240015,41.508315],[44.240085,41.508485],[44.240152,41.508652],[44.240215,41.508816],[44.240275,41.508979],[44.240331,41.50914],[44.240384,41.509299],[44.240433,41.509456],[44.240479,41.509612],[44.240522,41.509766],[44.240561,41.509918],[44.240597,41.510069],[44.24063,41.510218],[44.240659,41.510366],[44.240697,41.510586],[44.240727,41.510816],[44.240751,41.511058],[44.240768,41.511317],[44.240779,41.511573],[44.240786,41.511858],[44.240789,41.512139],[44.240791,41.512774],[44.24079,41.513226],[44.24078,41.513685],[44.240761,41.51415],[44.240734,41.514622],[44.240697,41.515101],[44.240651,41.515588],[44.240597,41.516082],[44.240533,41.516584],[44.240483,41.516941],[44.240428,41.517298],[44.240369,41.517656],[44.240304,41.518014],[44.240236,41.518372],[44.240162,41.518729],[44.240085,41.519086],[44.240002,41.519443],[44.239916,41.5198],[44.239824,41.520156],[44.239729,41.520511],[44.239629,41.520865],[44.239525,41.521218],[44.239416,41.521571],[44.239303,41.521922],[44.239186,41.522271],[44.239099,41.522519],[44.239008,41.522771],[44.238911,41.523026],[44.23881,41.523287],[44.238703,41.523553],[44.23859,41.523826],[44.23847,41.524105],[44.238344,41.524393],[44.238218,41.524676],[44.238084,41.52497],[44.237788,41.525602],[44.237456,41.526291],[44.236937,41.527352],[44.236698,41.52785],[44.236231,41.528856],[44.23603,41.52928],[44.235813,41.529722],[44.235711,41.529924],[44.23561,41.530115],[44.23549,41.530337],[44.235371,41.530549],[44.235253,41.530752],[44.235134,41.530948],[44.235013,41.531137],[44.234892,41.53132],[44.234769,41.531497],[44.234644,41.531669],[44.234507,41.531851],[44.234365,41.532033],[44.234217,41.532216],[44.234063,41.532401],[44.233904,41.532587],[44.233739,41.532775],[44.233568,41.532964],[44.233391,41.533155],[44.233208,41.533348],[44.233018,41.533542],[44.232822,41.53374],[44.232618,41.53394],[44.232408,41.534144],[44.232189,41.534351],[44.231961,41.534562],[44.231724,41.534779],[44.23111,41.535335],[44.230705,41.535694],[44.230512,41.535861],[44.230327,41.536016],[44.230148,41.536163],[44.229975,41.536302],[44.229796,41.536441],[44.22962,41.536573],[44.229447,41.536699],[44.229275,41.536819],[44.229105,41.536933],[44.228935,41.537042],[44.228767,41.537146],[44.228598,41.537246],[44.22837,41.537374],[44.228137,41.537499],[44.227898,41.537622],[44.227653,41.537742],[44.227404,41.537859],[44.227151,41.537973],[44.226894,41.538084],[44.226633,41.538191],[44.226369,41.538294],[44.226102,41.538394],[44.225832,41.53849],[44.225561,41.538581],[44.225289,41.538668],[44.225015,41.538751],[44.224741,41.538829],[44.224467,41.538903],[44.224225,41.538963],[44.223975,41.539019],[44.223719,41.539073],[44.223455,41.539122],[44.223183,41.539169],[44.222902,41.539212],[44.222612,41.539252],[44.222311,41.539289],[44.222009,41.539323],[44.221694,41.539354],[44.221364,41.539383],[44.221016,41.539409],[44.220655,41.539434],[44.220264,41.539458],[44.219831,41.539482],[44.21928,41.53951],[44.219077,41.539519],[44.218869,41.539526],[44.218657,41.539531],[44.218439,41.539535],[44.217985,41.539538],[44.217498,41.539534],[44.21709,41.539526],[44.216638,41.539514],[44.214958,41.539455],[44.214262,41.539435],[44.213423,41.539413],[44.212568,41.539386],[44.211695,41.539353],[44.2108,41.539315],[44.209883,41.53927],[44.208938,41.539221],[44.207962,41.539164],[44.206947,41.539102],[44.206097,41.539047],[44.20521,41.538986],[44.204276,41.53892],[44.203277,41.538848],[44.201421,41.538708],[44.196907,41.53836],[44.195676,41.538267],[44.194566,41.538187],[44.193383,41.538104],[44.192272,41.53803],[44.191214,41.537964],[44.190198,41.537904],[44.189646,41.537876],[44.18904,41.537851],[44.188345,41.537828],[44.186881,41.537785],[44.186247,41.537765],[44.185579,41.537739],[44.184981,41.53771],[44.184628,41.53769],[44.18429,41.537668],[44.183963,41.537644],[44.183647,41.537617],[44.183339,41.537589],[44.18304,41.537558],[44.182747,41.537524],[44.182461,41.537488],[44.182029,41.53743],[44.181618,41.537373],[44.181223,41.537315],[44.180843,41.537257],[44.180475,41.537198],[44.180117,41.537138],[44.17977,41.537076],[44.179431,41.537014],[44.1791,41.536949],[44.178775,41.536883],[44.178459,41.536815],[44.178149,41.536745],[44.177846,41.536673],[44.17755,41.5366],[44.177259,41.536524],[44.176975,41.536446],[44.176753,41.536383],[44.176529,41.536317],[44.176301,41.536247],[44.17607,41.536173],[44.175835,41.536096],[44.175596,41.536015],[44.175351,41.53593],[44.1751,41.53584],[44.174591,41.535652],[44.174041,41.535441],[44.173438,41.535202],[44.17267,41.534891],[44.171963,41.534601],[44.171355,41.534345],[44.170799,41.534104],[44.170284,41.533873],[44.170035,41.533758],[44.169794,41.533644],[44.16956,41.533532],[44.169332,41.53342],[44.16911,41.533308],[44.168893,41.533197],[44.168682,41.533086],[44.168476,41.532975],[44.168257,41.532852],[44.168034,41.532721],[44.167805,41.532579],[44.167566,41.532425],[44.167312,41.532255],[44.167035,41.532064],[44.166744,41.531859],[44.165921,41.531272],[44.165663,41.531092],[44.16543,41.530933],[44.165156,41.530752],[44.164896,41.530588],[44.164645,41.530437],[44.164399,41.530298],[44.164032,41.530097],[44.163698,41.529918],[44.163383,41.529753],[44.163082,41.5296],[44.16279,41.529456],[44.162507,41.529322],[44.16223,41.529195],[44.161959,41.529076],[44.161185,41.528738],[44.160878,41.528607],[44.160708,41.528537],[44.160549,41.528473],[44.160397,41.528415],[44.16025,41.528362],[44.160093,41.528307],[44.159941,41.528258],[44.159793,41.528213],[44.159647,41.528173],[44.159505,41.528136],[44.159364,41.528104],[44.159226,41.528076],[44.159089,41.528052],[44.15896,41.528033],[44.158828,41.528016],[44.158692,41.528],[44.158553,41.527987],[44.158412,41.527976],[44.158267,41.527967],[44.158119,41.527961],[44.157968,41.527956],[44.157813,41.527953],[44.157656,41.527953],[44.157495,41.527955],[44.15733,41.527958],[44.157162,41.527964],[44.15699,41.527972],[44.156814,41.527982],[44.156634,41.527994],[44.156175,41.528026],[44.155939,41.528045],[44.155712,41.528068],[44.15551,41.528094],[44.155409,41.52811],[44.155313,41.528127],[44.155221,41.528146],[44.155133,41.528166],[44.155049,41.528188],[44.154968,41.528211],[44.15489,41.528235],[44.154816,41.528262],[44.154742,41.528291],[44.154668,41.528323],[44.154594,41.528358],[44.15452,41.528396],[44.154445,41.528437],[44.154369,41.528482],[44.154293,41.52853],[44.154214,41.528582],[44.154065,41.528688],[44.153904,41.528812],[44.153745,41.52894],[44.153415,41.529214],[44.153262,41.529345],[44.153109,41.529485],[44.152954,41.529636],[44.152795,41.5298],[44.152644,41.529965],[44.15248,41.530151],[44.151953,41.530768],[44.151852,41.53089],[44.151752,41.53102],[44.15165,41.531159],[44.151546,41.531311],[44.151455,41.531448],[44.151357,41.531602],[44.151026,41.532139],[44.150894,41.532347],[44.150756,41.532557],[44.150625,41.532742],[44.150548,41.532845],[44.150471,41.532942],[44.150394,41.533035],[44.150317,41.533124],[44.150238,41.533209],[44.150159,41.53329],[44.150078,41.533367],[44.149996,41.533442],[44.149836,41.533579],[44.149672,41.533714],[44.149505,41.533845],[44.149335,41.533973],[44.149162,41.534097],[44.148988,41.534217],[44.148811,41.534333],[44.148634,41.534444],[44.148455,41.53455],[44.148276,41.534651],[44.148096,41.534747],[44.147916,41.534837],[44.147736,41.534923],[44.147556,41.535003],[44.147377,41.535077],[44.147198,41.535146],[44.147054,41.535197],[44.146905,41.535246],[44.146751,41.535293],[44.146591,41.535338],[44.146425,41.535381],[44.146254,41.535422],[44.146076,41.535462],[44.145891,41.535499],[44.145703,41.535535],[44.145507,41.535569],[44.145302,41.535602],[44.145086,41.535634],[44.144861,41.535665],[44.144619,41.535696],[44.144039,41.535765],[44.143811,41.535788],[44.143578,41.535808],[44.143339,41.535824],[44.143094,41.535836],[44.142842,41.535844],[44.142582,41.535849],[44.142312,41.53585],[44.142032,41.535848],[44.141775,41.535843],[44.141506,41.535835],[44.141222,41.535823],[44.140918,41.535809],[44.140409,41.535781],[44.139296,41.535713],[44.138808,41.535685],[44.138477,41.535666],[44.138133,41.535641],[44.137774,41.535611],[44.137394,41.535576],[44.137001,41.535535],[44.136567,41.535488],[44.134848,41.535286],[44.134458,41.535242],[44.134107,41.535204],[44.133703,41.535163],[44.133325,41.535129],[44.132966,41.535101],[44.132622,41.535077],[44.132144,41.535046],[44.130941,41.53496],[44.130387,41.534923],[44.130084,41.534905],[44.129802,41.534891],[44.129533,41.534879],[44.129277,41.53487],[44.128993,41.534863],[44.128719,41.53486],[44.128454,41.53486],[44.128197,41.534864],[44.127947,41.534872],[44.127703,41.534883],[44.127465,41.534898],[44.127231,41.534916],[44.126768,41.534958],[44.12642,41.534993],[44.126107,41.535028],[44.125822,41.535066],[44.125549,41.535108],[44.125293,41.535154],[44.125052,41.535204],[44.124936,41.535231],[44.124824,41.535259],[44.124616,41.535315],[44.124407,41.535378],[44.124197,41.535446],[44.123986,41.53552],[44.123776,41.535599],[44.123565,41.535684],[44.123355,41.535775],[44.123146,41.53587],[44.122937,41.535971],[44.122731,41.536076],[44.122526,41.536187],[44.122323,41.536301],[44.122123,41.53642],[44.121927,41.536543],[44.121734,41.536669],[44.121546,41.536799],[44.121365,41.536928],[44.121199,41.53705],[44.121043,41.537167],[44.120898,41.537281],[44.12076,41.537394],[44.12063,41.537504],[44.120508,41.537612],[44.120392,41.537719],[44.120283,41.537825],[44.120181,41.537931],[44.120086,41.538036],[44.119997,41.53814],[44.119915,41.538243],[44.119839,41.538346],[44.11977,41.538448],[44.119707,41.53855],[44.119658,41.538637],[44.119611,41.538727],[44.119566,41.53882],[44.119524,41.538915],[44.119485,41.539013],[44.119447,41.539114],[44.119412,41.539218],[44.119379,41.539324],[44.119349,41.539433],[44.119321,41.539545],[44.119295,41.539659],[44.119272,41.539776],[44.119251,41.539896],[44.119233,41.540018],[44.119217,41.540143],[44.119203,41.540271],[44.119187,41.540477],[44.119178,41.540676],[44.119177,41.540866],[44.119184,41.541049],[44.119199,41.541226],[44.119221,41.541396],[44.119252,41.541559],[44.11929,41.541716],[44.119325,41.541839],[44.119361,41.541954],[44.119397,41.542064],[44.119435,41.542168],[44.119474,41.542268],[44.119514,41.542364],[44.119556,41.542456],[44.1196,41.542544],[44.119646,41.542629],[44.119693,41.542711],[44.119743,41.542788],[44.119794,41.542863],[44.119847,41.542933],[44.119902,41.543001],[44.11996,41.543065],[44.120019,41.543126],[44.120068,41.543172],[44.120121,41.543218],[44.120178,41.543264],[44.120239,41.54331],[44.120304,41.543355],[44.120373,41.543401],[44.120446,41.543446],[44.120525,41.543493],[44.120676,41.543576],[44.120852,41.543666],[44.121003,41.54374],[44.121502,41.543979],[44.121674,41.544063],[44.121849,41.544144],[44.122026,41.544224],[44.122207,41.544303],[44.12239,41.544379],[44.122575,41.544454],[44.122762,41.544526],[44.122952,41.544597],[44.123144,41.544666],[44.123338,41.544733],[44.123534,41.544797],[44.123731,41.544859],[44.123929,41.544919],[44.124129,41.544977],[44.12433,41.545033],[44.124531,41.545086],[44.124779,41.545146],[44.125038,41.545204],[44.125313,41.54526],[44.125605,41.545314],[44.125907,41.545365],[44.126239,41.545417],[44.126606,41.545471],[44.127142,41.545547],[44.127466,41.54559],[44.127798,41.545628],[44.128138,41.545663],[44.128488,41.545693],[44.128847,41.545719],[44.129219,41.545741],[44.129604,41.54576],[44.130005,41.545775],[44.13031,41.545783],[44.130628,41.54579],[44.130961,41.545795],[44.131315,41.545798],[44.132062,41.5458],[44.133585,41.545795],[44.134233,41.545795],[44.134914,41.5458],[44.135225,41.545804],[44.135523,41.545811],[44.136002,41.545821],[44.136502,41.545828],[44.137026,41.545831],[44.137584,41.545832],[44.138123,41.545831],[44.13872,41.545827],[44.140967,41.545803],[44.141907,41.545797],[44.142415,41.545795],[44.14289,41.545796],[44.143341,41.545799],[44.143771,41.545803],[44.144289,41.545813],[44.144786,41.545825],[44.145267,41.545842],[44.145732,41.545862],[44.146186,41.545886],[44.146628,41.545913],[44.14706,41.545945],[44.147482,41.54598],[44.148943,41.546108],[44.149639,41.546173],[44.149995,41.546208],[44.150327,41.546244],[44.150642,41.54628],[44.150942,41.546317],[44.151256,41.546358],[44.151558,41.546401],[44.15185,41.546446],[44.152133,41.546493],[44.152407,41.546542],[44.152674,41.546594],[44.152934,41.546648],[44.153187,41.546704],[44.15352,41.546784],[44.153851,41.546866],[44.15418,41.546952],[44.154505,41.547042],[44.154827,41.547134],[44.155146,41.54723],[44.155461,41.547329],[44.155771,41.547431],[44.156077,41.547536],[44.156378,41.547643],[44.156675,41.547754],[44.156966,41.547867],[44.157253,41.547983],[44.157534,41.548101],[44.157809,41.548222],[44.158079,41.548345],[44.158243,41.548423],[44.15841,41.548506],[44.158578,41.548592],[44.158748,41.548682],[44.158922,41.548777],[44.159098,41.548877],[44.15928,41.548982],[44.159467,41.549093],[44.159779,41.549285],[44.160122,41.549501],[44.160457,41.549718],[44.161314,41.550276],[44.161563,41.550436],[44.161788,41.550579],[44.162131,41.550798],[44.162483,41.551032],[44.162848,41.551284],[44.163232,41.551557],[44.163581,41.551811],[44.163964,41.552097],[44.164342,41.552382],[44.165322,41.553125],[44.165872,41.553536],[44.166168,41.553753],[44.166446,41.553953],[44.166713,41.554141],[44.166971,41.554319],[44.16728,41.554525],[44.16758,41.554719],[44.167875,41.554903],[44.168166,41.555077],[44.168454,41.555242],[44.168739,41.555399],[44.169024,41.555548],[44.169307,41.555688],[44.170124,41.556083],[44.170402,41.556215],[44.170654,41.556333],[44.170906,41.556448],[44.171145,41.556554],[44.171375,41.556653],[44.171597,41.556746],[44.171824,41.556837],[44.172045,41.556922],[44.172261,41.557002],[44.172474,41.557076],[44.172682,41.557145],[44.172888,41.557209],[44.173091,41.557268],[44.173292,41.557322],[44.173529,41.557381],[44.173772,41.557436],[44.174022,41.557488],[44.174279,41.557537],[44.174542,41.557582],[44.174813,41.557624],[44.175092,41.557663],[44.175378,41.557698],[44.175671,41.55773],[44.175973,41.55776],[44.176284,41.557786],[44.176607,41.557809],[44.17694,41.55783],[44.177288,41.557848],[44.177652,41.557864],[44.178038,41.557877],[44.178272,41.557883],[44.17851,41.557886],[44.178754,41.557887],[44.179002,41.557884],[44.179255,41.557879],[44.179515,41.557872],[44.179782,41.557861],[44.180056,41.557848],[44.180331,41.557832],[44.180616,41.557814],[44.180913,41.557793],[44.181224,41.557768],[44.181895,41.55771],[44.182742,41.55763],[44.183128,41.557589],[44.183531,41.55754],[44.183954,41.557483],[44.184405,41.557416],[44.184805,41.557353],[44.185249,41.557279],[44.186762,41.557017],[44.187345,41.556919],[44.187935,41.556825],[44.188207,41.556785],[44.188468,41.556748],[44.189121,41.556654],[44.190342,41.556471],[44.190831,41.556399],[44.191336,41.556328],[44.19179,41.556269],[44.192056,41.556238],[44.192312,41.55621],[44.192559,41.556184],[44.1928,41.556162],[44.193035,41.556143],[44.193264,41.556127],[44.193489,41.556113],[44.19371,41.556103],[44.194065,41.55609],[44.194453,41.556082],[44.194883,41.556077],[44.195473,41.556075],[44.196387,41.556072],[44.196913,41.556073],[44.197406,41.556077],[44.197852,41.556087],[44.198292,41.556102],[44.198707,41.556123],[44.198906,41.556135],[44.199101,41.55615],[44.199291,41.556166],[44.199478,41.556183],[44.200068,41.556244],[44.200557,41.5563],[44.200783,41.556329],[44.201,41.556359],[44.201208,41.556389],[44.201408,41.55642],[44.201606,41.556454],[44.201797,41.556488],[44.201982,41.556524],[44.202162,41.556562],[44.202338,41.556601],[44.202508,41.556641],[44.202674,41.556684],[44.202836,41.556728],[44.202966,41.556766],[44.203098,41.556807],[44.203232,41.556851],[44.203368,41.556898],[44.203507,41.556949],[44.203649,41.557003],[44.203795,41.557061],[44.203946,41.557123],[44.204193,41.557228],[44.204466,41.55735],[44.204737,41.557475],[44.205456,41.557809],[44.205671,41.557907],[44.205865,41.557993],[44.206617,41.558323],[44.207246,41.558603],[44.207817,41.558862],[44.208346,41.559106],[44.208851,41.559345],[44.209329,41.559577],[44.209784,41.559805],[44.21022,41.560029],[44.210448,41.56015],[44.210677,41.560277],[44.210909,41.56041],[44.211144,41.56055],[44.211382,41.560695],[44.211624,41.560849],[44.211872,41.56101],[44.212127,41.56118],[44.212339,41.561324],[44.212558,41.561477],[44.213032,41.561813],[44.213482,41.56214],[44.214563,41.562932],[44.214856,41.563145],[44.215122,41.563335],[44.215404,41.563533],[44.215672,41.563717],[44.215929,41.56389],[44.216177,41.564053],[44.216439,41.56422],[44.216695,41.564378],[44.216947,41.564529],[44.217195,41.564672],[44.217441,41.564808],[44.217685,41.564937],[44.217928,41.565061],[44.21817,41.565178],[44.218427,41.565298],[44.218692,41.565418],[44.218964,41.565538],[44.219244,41.565658],[44.219532,41.565778],[44.21983,41.5659],[44.220138,41.566022],[44.220458,41.566147],[44.220776,41.566267],[44.221108,41.566391],[44.221457,41.566519],[44.221828,41.566652],[44.222622,41.566932],[44.223806,41.567342],[44.225064,41.567774],[44.22558,41.567948],[44.226059,41.568107],[44.226522,41.568259],[44.226965,41.5684],[44.227391,41.568534],[44.227804,41.56866],[44.228217,41.568782],[44.22862,41.568899],[44.229014,41.569009],[44.2294,41.569113],[44.22978,41.569212],[44.230154,41.569305],[44.230522,41.569393],[44.230886,41.569476],[44.231268,41.56956],[44.231648,41.569641],[44.232026,41.569718],[44.232402,41.569792],[44.232777,41.569864],[44.233149,41.569932],[44.233519,41.569997],[44.233887,41.570058],[44.234252,41.570117],[44.234616,41.570172],[44.234978,41.570225],[44.235337,41.570274],[44.235694,41.570319],[44.236048,41.570362],[44.236401,41.570402],[44.236751,41.570438],[44.237174,41.570479],[44.237562,41.570515],[44.237926,41.570547],[44.238273,41.570575],[44.238607,41.5706],[44.238929,41.570622],[44.239242,41.57064],[44.239545,41.570656],[44.239845,41.570668],[44.240137,41.570678],[44.240422,41.570684],[44.240702,41.570688],[44.240976,41.570688],[44.241246,41.570686],[44.24151,41.57068],[44.24177,41.570672],[44.242117,41.570657],[44.242429,41.570643],[44.24272,41.570627],[44.242995,41.57061],[44.243259,41.570592],[44.243513,41.570572],[44.243757,41.57055],[44.243992,41.570526],[44.244224,41.5705],[44.244449,41.570472],[44.244667,41.570442],[44.24488,41.570409],[44.245086,41.570374],[44.245288,41.570337],[44.245484,41.570298],[44.245675,41.570256],[44.245979,41.570183],[44.246284,41.570103],[44.24659,41.570017],[44.246895,41.569923],[44.247199,41.569823],[44.247501,41.569716],[44.247802,41.569604],[44.248099,41.569485],[44.248392,41.569361],[44.248682,41.569232],[44.248966,41.569097],[44.249245,41.568958],[44.249517,41.568815],[44.249783,41.568667],[44.250041,41.568515],[44.250291,41.568361],[44.250445,41.56826],[44.2506,41.568155],[44.250754,41.568044],[44.250909,41.567929],[44.251065,41.567808],[44.251221,41.567681],[44.25138,41.567548],[44.25154,41.567409],[44.251697,41.567268],[44.251858,41.567119],[44.252024,41.566962],[44.252196,41.566795],[44.252371,41.566621],[44.25256,41.56643],[44.253043,41.565931],[44.253234,41.565731],[44.25342,41.565532],[44.253601,41.565334],[44.253776,41.565137],[44.253946,41.564941],[44.254111,41.564747],[44.254271,41.564553],[44.254426,41.564361],[44.254576,41.56417],[44.25472,41.563979],[44.25486,41.56379],[44.254994,41.563602],[44.255124,41.563414],[44.255249,41.563228],[44.255368,41.563042],[44.255483,41.562858],[44.255575,41.562702],[44.255664,41.562542],[44.25575,41.562376],[44.255835,41.562205],[44.255916,41.562029],[44.255996,41.561845],[44.256075,41.561654],[44.256153,41.561454],[44.256215,41.561286],[44.256278,41.561109],[44.256408,41.560721],[44.256527,41.560346],[44.25681,41.559425],[44.256891,41.559172],[44.256966,41.558945],[44.25705,41.558702],[44.257133,41.558475],[44.257216,41.55826],[44.2573,41.558056],[44.257439,41.557733],[44.257588,41.557398],[44.257748,41.557045],[44.257923,41.55667],[44.258263,41.555961],[44.258892,41.554669],[44.259137,41.554162],[44.259383,41.553643],[44.259599,41.553176],[44.260309,41.551615],[44.260805,41.550512],[44.261248,41.549511],[44.261646,41.548596],[44.261839,41.548142],[44.262024,41.547702],[44.262203,41.547273],[44.262374,41.546854],[44.262539,41.546443],[44.262698,41.54604],[44.262852,41.545644],[44.263001,41.545254],[44.263202,41.544713],[44.263406,41.54415],[44.263615,41.543561],[44.26383,41.54294],[44.264047,41.542298],[44.264281,41.541597],[44.264536,41.540821],[44.264878,41.53977],[44.265141,41.538948],[44.265407,41.538088],[44.26568,41.537181],[44.265965,41.536207],[44.266207,41.535361],[44.266473,41.534418],[44.267325,41.531351],[44.267634,41.530249],[44.267935,41.529192],[44.268212,41.528237],[44.268299,41.527935],[44.268386,41.527619],[44.268474,41.527285],[44.268566,41.526927],[44.268726,41.526269],[44.269085,41.524753],[44.269177,41.524378],[44.269262,41.52404],[44.269344,41.523725],[44.269424,41.523428],[44.269503,41.523144],[44.269583,41.522871],[44.269698,41.522497],[44.269815,41.522139],[44.269935,41.521795],[44.270058,41.521462],[44.270186,41.52114],[44.270319,41.520828],[44.270456,41.520524],[44.270598,41.520228],[44.270699,41.520031],[44.270808,41.519826],[44.270927,41.519613],[44.271058,41.519386],[44.271182,41.519175],[44.271323,41.518943],[44.271844,41.518101],[44.272054,41.517756],[44.272266,41.517396],[44.272448,41.517071],[44.272545,41.516896],[44.272656,41.516701],[44.273045,41.516039],[44.273192,41.515784],[44.273335,41.515526],[44.273457,41.515292],[44.273527,41.515152],[44.27359,41.515017],[44.273649,41.514886],[44.273702,41.514758],[44.27375,41.514633],[44.273794,41.51451],[44.273833,41.51439],[44.273867,41.514271],[44.273918,41.514075],[44.273963,41.513875],[44.274002,41.513671],[44.274034,41.513465],[44.274061,41.513256],[44.274082,41.513045],[44.274097,41.512831],[44.274106,41.512615],[44.274109,41.512398],[44.274105,41.512179],[44.274096,41.51196],[44.274081,41.51174],[44.274059,41.511519],[44.274032,41.511299],[44.273998,41.51108],[44.273959,41.510862],[44.273932,41.510731],[44.273901,41.510598],[44.273866,41.510462],[44.273827,41.510324],[44.273784,41.510184],[44.273737,41.51004],[44.273686,41.509892],[44.27363,41.509741],[44.273572,41.509589],[44.273509,41.509433],[44.273367,41.509099],[44.273201,41.508731],[44.272974,41.508248],[44.272889,41.508073],[44.2728,41.507895],[44.272705,41.507715],[44.272606,41.507532],[44.272501,41.507345],[44.27239,41.507155],[44.272274,41.506959],[44.27215,41.506758],[44.272027,41.506562],[44.271896,41.506358],[44.271607,41.50592],[44.271284,41.505445],[44.270772,41.504703],[44.270629,41.5045],[44.270474,41.504289],[44.270306,41.504069],[44.270121,41.503836],[44.269957,41.503632],[44.269771,41.503406],[44.269145,41.502656],[44.268912,41.502376],[44.268686,41.502096],[44.268486,41.501843],[44.268282,41.501573],[44.268097,41.501318],[44.267928,41.501072],[44.267774,41.500833],[44.267658,41.500641],[44.267544,41.500438],[44.26743,41.500221],[44.267313,41.499987],[44.267216,41.499782],[44.267112,41.499553],[44.26678,41.498801],[44.266659,41.498531],[44.266538,41.498272],[44.266424,41.498039],[44.266306,41.497812],[44.266188,41.4976],[44.266069,41.4974],[44.265947,41.497211],[44.265799,41.496996],[44.265641,41.496779],[44.265474,41.49656],[44.265295,41.496339],[44.265106,41.496114],[44.264905,41.495885],[44.26469,41.49565],[44.264462,41.495408],[44.264276,41.495217],[44.264079,41.495019],[44.263869,41.494813],[44.263643,41.494593],[44.263189,41.494163],[44.262307,41.493339],[44.261948,41.493001],[44.261578,41.492646],[44.261253,41.492326],[44.260924,41.492],[44.260577,41.491661],[44.260208,41.491306],[44.25981,41.490927],[44.259074,41.490236],[44.257365,41.488645],[44.256941,41.488246],[44.256559,41.487884],[44.256199,41.487538],[44.255861,41.48721],[44.255541,41.486895],[44.255236,41.48659],[44.254997,41.486352],[44.254729,41.486088],[44.253794,41.485181],[44.253432,41.484826],[44.253068,41.484463],[44.252747,41.484133],[44.252561,41.483936],[44.252385,41.483745],[44.252217,41.483558],[44.252058,41.483376],[44.251907,41.483197],[44.251762,41.483021],[44.251624,41.482847],[44.251493,41.482674],[44.251227,41.482312],[44.250975,41.481957],[44.250739,41.481607],[44.250517,41.481264],[44.250411,41.481094],[44.250308,41.480925],[44.250209,41.480757],[44.250114,41.480591],[44.250021,41.480425],[44.249932,41.480261],[44.249846,41.480098],[44.249764,41.479935],[44.249617,41.479638],[44.24951,41.479419],[44.249418,41.47922],[44.249337,41.479037],[44.249262,41.478858],[44.249197,41.478688],[44.249139,41.478525],[44.249089,41.478366],[44.249042,41.478198],[44.248996,41.478012],[44.248952,41.47781],[44.248885,41.477482],[44.248855,41.477324],[44.248828,41.477158],[44.248804,41.476983],[44.248781,41.476795],[44.248748,41.47645],[44.248683,41.475656],[44.248663,41.47546],[44.248643,41.475283],[44.248622,41.475118],[44.248598,41.474963],[44.248573,41.474814],[44.248544,41.474672],[44.248503,41.47449],[44.248456,41.474301],[44.248401,41.474104],[44.248337,41.473894],[44.248275,41.473697],[44.248202,41.473479],[44.247924,41.472681],[44.247813,41.472351],[44.247756,41.472173],[44.247705,41.472007],[44.24766,41.471849],[44.247619,41.471697],[44.24755,41.471442],[44.247343,41.470701],[44.247283,41.470468],[44.247234,41.470259],[44.247187,41.470027],[44.247151,41.46981],[44.247126,41.469604],[44.247117,41.469504],[44.247112,41.469407],[44.247108,41.469283],[44.247107,41.469158],[44.247109,41.46903],[44.247115,41.468899],[44.247124,41.468765],[44.247136,41.468628],[44.247152,41.468487],[44.247171,41.468342],[44.247192,41.468197],[44.247218,41.468047],[44.247279,41.467726],[44.247355,41.467372],[44.24746,41.466921],[44.247598,41.466317],[44.247651,41.466098],[44.247714,41.465859],[44.247778,41.465647],[44.247815,41.465537],[44.247854,41.465432],[44.247894,41.465331],[44.247936,41.465234],[44.24798,41.465141],[44.248026,41.465051],[44.248074,41.464964],[44.248124,41.46488],[44.248203,41.464758],[44.248288,41.464637],[44.248379,41.464515],[44.248477,41.464394],[44.248581,41.464272],[44.24869,41.464151],[44.248806,41.46403],[44.248927,41.46391],[44.249054,41.463791],[44.249186,41.463673],[44.249322,41.463557],[44.249464,41.463442],[44.249609,41.463329],[44.249758,41.463219],[44.24991,41.463111],[44.250066,41.463007],[44.250218,41.462909],[44.250374,41.462813],[44.250534,41.46272],[44.250697,41.46263],[44.250862,41.462542],[44.25103,41.462457],[44.251199,41.462376],[44.25137,41.462298],[44.251542,41.462224],[44.251714,41.462154],[44.251887,41.462088],[44.25206,41.462026],[44.252233,41.461968],[44.252405,41.461915],[44.252576,41.461865],[44.252746,41.461821],[44.252874,41.46179],[44.253006,41.461762],[44.253143,41.461736],[44.253284,41.461713],[44.25343,41.461692],[44.253582,41.461673],[44.25374,41.461655],[44.253905,41.46164],[44.254056,41.461629],[44.254215,41.461618],[44.254564,41.461601],[44.25486,41.46159],[44.255541,41.46157],[44.255842,41.46156],[44.256219,41.461548],[44.256611,41.461542],[44.257022,41.461541],[44.257458,41.461546],[44.257899,41.461555],[44.258387,41.46157],[44.258912,41.46159],[44.259788,41.461625],[44.260129,41.461638],[44.26112,41.461669],[44.26143,41.461682],[44.261707,41.461696],[44.262014,41.461717],[44.2623,41.461742],[44.26257,41.461771],[44.262826,41.461805],[44.263395,41.461887],[44.263695,41.461933],[44.263981,41.461983],[44.264111,41.462008],[44.264235,41.462034],[44.264362,41.462063],[44.264483,41.462092],[44.264599,41.462124],[44.26471,41.462156],[44.264817,41.46219],[44.26492,41.462225],[44.265019,41.462263],[44.265114,41.462301],[44.26529,41.462381],[44.265466,41.462468],[44.26564,41.462562],[44.265811,41.462662],[44.265978,41.462768],[44.266139,41.462879],[44.266293,41.462994],[44.266438,41.463112],[44.266528,41.463191],[44.266617,41.463274],[44.266703,41.463361],[44.266788,41.463452],[44.26687,41.463547],[44.26695,41.463645],[44.267029,41.463748],[44.267106,41.463855],[44.26718,41.463965],[44.267253,41.464079],[44.267323,41.464197],[44.267392,41.464319],[44.267458,41.464445],[44.267523,41.464575],[44.267585,41.464708],[44.267645,41.464845],[44.267679,41.464928],[44.26771,41.465013],[44.267739,41.4651],[44.267766,41.465191],[44.267791,41.465284],[44.267813,41.465381],[44.267834,41.465482],[44.267853,41.465588],[44.26788,41.46577],[44.267904,41.465974],[44.267924,41.466173],[44.267967,41.466669],[44.267995,41.466934],[44.26801,41.467061],[44.268022,41.467195],[44.268042,41.467486],[44.268055,41.467768],[44.268077,41.468461],[44.268086,41.468651],[44.268097,41.468823],[44.268112,41.469008],[44.268131,41.469181],[44.268153,41.469345],[44.26818,41.469502],[44.268228,41.469789],[44.268326,41.470436],[44.268372,41.470703],[44.268405,41.470868],[44.26844,41.471022],[44.268477,41.471166],[44.268517,41.471301],[44.268567,41.471448],[44.268621,41.471587],[44.26868,41.471718],[44.268744,41.471842],[44.268814,41.471959],[44.268889,41.472071],[44.268969,41.472176],[44.269055,41.472276],[44.269124,41.472348],[44.269198,41.47242],[44.269277,41.472492],[44.269361,41.472564],[44.26945,41.472636],[44.269545,41.472708],[44.269646,41.472781],[44.269752,41.472855],[44.269863,41.472928],[44.26998,41.473002],[44.270103,41.473077],[44.270234,41.473154],[44.270372,41.473232],[44.270519,41.473313],[44.270855,41.473491],[44.271236,41.473686],[44.271396,41.473764],[44.271546,41.473836],[44.271691,41.473902],[44.271831,41.473964],[44.271966,41.47402],[44.272097,41.474072],[44.272229,41.474121],[44.272358,41.474166],[44.272484,41.474206],[44.272608,41.474242],[44.27273,41.474275],[44.272851,41.474303],[44.272969,41.474327],[44.273086,41.474348],[44.273168,41.47436],[44.273252,41.47437],[44.273339,41.474378],[44.273428,41.474384],[44.27352,41.474389],[44.273616,41.474392],[44.27382,41.474393],[44.273988,41.474389],[44.274176,41.474381],[44.274371,41.47437],[44.27491,41.474335],[44.275074,41.474327],[44.27522,41.474321],[44.275371,41.474318],[44.27554,41.474316],[44.2761,41.474317],[44.276306,41.474316],[44.276507,41.474312],[44.276687,41.474305],[44.276902,41.474292],[44.277004,41.474283],[44.277101,41.474272],[44.277196,41.47426],[44.277287,41.474247],[44.277376,41.474232],[44.277462,41.474215],[44.277549,41.474196],[44.277638,41.474174],[44.27782,41.474125],[44.278009,41.474065],[44.278208,41.473995],[44.278403,41.473921],[44.278618,41.473833],[44.278831,41.473742],[44.279283,41.473544],[44.279456,41.473467],[44.279628,41.473384],[44.2798,41.473295],[44.279973,41.4732],[44.280146,41.4731],[44.280321,41.472992],[44.280498,41.472878],[44.280678,41.472756],[44.280837,41.472644],[44.281001,41.472525],[44.281172,41.472397],[44.281351,41.472258],[44.281695,41.471985],[44.282338,41.471461],[44.282599,41.471251],[44.282873,41.471036],[44.283123,41.470847],[44.283269,41.47074],[44.283412,41.470638],[44.283552,41.470542],[44.28369,41.470451],[44.283826,41.470363],[44.283961,41.47028],[44.284095,41.470201],[44.284228,41.470125],[44.284489,41.469977],[44.285007,41.469672],[44.285228,41.469545],[44.285461,41.469416],[44.285673,41.469305],[44.285795,41.469245],[44.285914,41.469189],[44.28603,41.469138],[44.286144,41.46909],[44.286257,41.469046],[44.286368,41.469006],[44.286479,41.468969],[44.286588,41.468936],[44.28685,41.468864],[44.287103,41.468802],[44.287227,41.468774],[44.287348,41.468749],[44.287468,41.468726],[44.287586,41.468706],[44.287702,41.468687],[44.287816,41.468672],[44.287928,41.468658],[44.288038,41.468647],[44.288146,41.468638],[44.288252,41.468632],[44.288356,41.468628],[44.288459,41.468627],[44.288786,41.468627],[44.289029,41.468633],[44.289141,41.468638],[44.289247,41.468646],[44.289346,41.468655],[44.289441,41.468666],[44.289533,41.46868],[44.289621,41.468695],[44.289704,41.468713],[44.289783,41.468733],[44.289858,41.468756],[44.289928,41.468781],[44.289994,41.468808],[44.290056,41.468837],[44.290115,41.468869],[44.290173,41.468906],[44.290233,41.468949],[44.290294,41.468997],[44.290393,41.469084],[44.290599,41.46928],[44.290691,41.469363],[44.290895,41.469532],[44.291297,41.469853],[44.29146,41.469986],[44.291623,41.470124],[44.291762,41.470251],[44.291838,41.470326],[44.291909,41.470399],[44.291973,41.47047],[44.292033,41.47054],[44.292088,41.47061],[44.292137,41.470679],[44.292182,41.470748],[44.292222,41.470816],[44.292265,41.470899],[44.292305,41.470986],[44.292341,41.471075],[44.292374,41.471168],[44.292404,41.471265],[44.292431,41.471365],[44.292454,41.471468],[44.292475,41.471575],[44.292491,41.471685],[44.292505,41.4718],[44.292516,41.471918],[44.292523,41.47204],[44.292528,41.472167],[44.292529,41.472299],[44.292527,41.472438],[44.292523,41.472583],[44.292515,41.472697],[44.292503,41.472814],[44.292485,41.472932],[44.292463,41.473053],[44.292434,41.473177],[44.292401,41.473305],[44.292362,41.473436],[44.292318,41.473571],[44.292271,41.473702],[44.292218,41.473839],[44.29216,41.473982],[44.292095,41.474134],[44.291952,41.474447],[44.291696,41.474985],[44.291615,41.475151],[44.291525,41.475319],[44.291428,41.475488],[44.291322,41.475659],[44.291209,41.475833],[44.291086,41.476011],[44.290954,41.476193],[44.290812,41.47638],[44.290689,41.476537],[44.290557,41.476699],[44.290416,41.476869],[44.290262,41.47705],[44.28997,41.477385],[44.289246,41.478202],[44.28905,41.478428],[44.288876,41.478633],[44.288694,41.478854],[44.288528,41.479063],[44.288375,41.479263],[44.288233,41.479457],[44.287961,41.479839],[44.287281,41.480786],[44.286922,41.481291],[44.286726,41.481573],[44.286546,41.481838],[44.286377,41.48209],[44.286219,41.482331],[44.286054,41.482592],[44.285898,41.482844],[44.285752,41.48309],[44.285614,41.483331],[44.285484,41.483567],[44.285362,41.483799],[44.285247,41.484027],[44.28514,41.484253],[44.284911,41.484747],[44.284762,41.485081],[44.284631,41.485387],[44.28452,41.485666],[44.284468,41.485806],[44.28442,41.485941],[44.284375,41.486073],[44.284335,41.486202],[44.284297,41.486328],[44.284264,41.486452],[44.284233,41.486574],[44.284206,41.486694],[44.284109,41.487133],[44.284067,41.487335],[44.284031,41.487537],[44.284007,41.487719],[44.283999,41.487811],[44.283994,41.4879],[44.283991,41.487986],[44.283992,41.488069],[44.283996,41.48815],[44.284004,41.488228],[44.284014,41.488304],[44.284027,41.488378],[44.284051,41.488477],[44.284081,41.488578],[44.284117,41.48868],[44.28416,41.488784],[44.284209,41.48889],[44.284265,41.488998],[44.284327,41.489108],[44.284397,41.489221],[44.284471,41.489334],[44.284553,41.48945],[44.284642,41.48957],[44.284738,41.489694],[44.284843,41.489822],[44.284957,41.489958],[44.285084,41.490104],[44.285234,41.490271],[44.285378,41.490427],[44.285526,41.49058],[44.285676,41.490728],[44.285829,41.490872],[44.285984,41.491011],[44.28614,41.491144],[44.286299,41.491273],[44.286459,41.491396],[44.28662,41.491513],[44.286783,41.491625],[44.286946,41.491731],[44.28711,41.491831],[44.287275,41.491925],[44.287441,41.492014],[44.287607,41.492096],[44.287774,41.492172],[44.287897,41.492225],[44.288022,41.492276],[44.288149,41.492325],[44.288278,41.492373],[44.288409,41.492419],[44.288542,41.492463],[44.288676,41.492505],[44.288811,41.492545],[44.288947,41.492584],[44.289084,41.49262],[44.28922,41.492653],[44.289357,41.492685],[44.289494,41.492714],[44.289631,41.492741],[44.289767,41.492765],[44.289902,41.492787],[44.290097,41.492814],[44.290301,41.492837],[44.290515,41.492855],[44.290741,41.492868],[44.290977,41.492877],[44.291231,41.492882],[44.291506,41.492882],[44.291822,41.492879],[44.292167,41.492871],[44.292338,41.492864],[44.292509,41.492855],[44.292678,41.492844],[44.292847,41.492832],[44.293014,41.492818],[44.293179,41.492802],[44.293343,41.492785],[44.293505,41.492766],[44.293666,41.492745],[44.293824,41.492722],[44.293981,41.492698],[44.294136,41.492672],[44.294289,41.492644],[44.294439,41.492615],[44.294677,41.492563],[44.294922,41.492502],[44.295178,41.492432],[44.295448,41.49235],[44.295711,41.492266],[44.296001,41.492167],[44.296276,41.492071],[44.296956,41.491828],[44.297166,41.491752],[44.297379,41.491672],[44.297596,41.491588],[44.297816,41.4915],[44.29804,41.491407],[44.29827,41.491309],[44.298507,41.491206],[44.298751,41.491096],[44.299162,41.490907],[44.299617,41.490691],[44.300047,41.490483],[44.301045,41.489996],[44.30153,41.489763],[44.301969,41.489556],[44.302371,41.489373],[44.30253,41.489301],[44.302692,41.489225],[44.302858,41.489145],[44.303026,41.489062],[44.303375,41.488883],[44.303748,41.488684],[44.304068,41.488506],[44.304425,41.488305],[44.305572,41.487642],[44.305979,41.487409],[44.306368,41.487192],[44.306721,41.487],[44.307055,41.486826],[44.307372,41.486667],[44.307678,41.486521],[44.307974,41.486388],[44.308181,41.486299],[44.308385,41.486216],[44.308585,41.486139],[44.308783,41.486066],[44.30898,41.485999],[44.309174,41.485936],[44.309366,41.485879],[44.309557,41.485826],[44.309748,41.485778],[44.309937,41.485735],[44.310125,41.485696],[44.310312,41.485663],[44.310499,41.485634],[44.310684,41.485609],[44.31087,41.485589],[44.311055,41.485574],[44.311217,41.485564],[44.311383,41.485557],[44.311553,41.485552],[44.311729,41.485549],[44.311909,41.485549],[44.312094,41.485551],[44.312286,41.485556],[44.312484,41.485563],[44.312682,41.485572],[44.312887,41.485583],[44.313331,41.485613],[44.31382,41.485653],[44.314521,41.485715],[44.315311,41.485786],[44.315744,41.485827],[44.316153,41.485872],[44.316341,41.485896],[44.316519,41.48592],[44.316703,41.485946],[44.31688,41.485974],[44.31705,41.486004],[44.317215,41.486035],[44.317374,41.486068],[44.317529,41.486102],[44.317679,41.486138],[44.317825,41.486176],[44.318021,41.486232],[44.318219,41.486294],[44.31842,41.486361],[44.318622,41.486435],[44.318827,41.486515],[44.319035,41.486601],[44.319247,41.486693],[44.319463,41.486792],[44.319677,41.486895],[44.319897,41.487005],[44.320125,41.487123],[44.320362,41.487251],[44.320605,41.487385],[44.320868,41.487533],[44.321156,41.487699],[44.321541,41.487923],[44.321691,41.488013],[44.321843,41.488105],[44.321995,41.488202],[44.32215,41.488303],[44.322307,41.488408],[44.322467,41.488518],[44.322631,41.488634],[44.3228,41.488755],[44.323083,41.488964],[44.323394,41.4892],[44.323695,41.489433],[44.324458,41.490029],[44.324877,41.49035],[44.325128,41.490543],[44.325384,41.490748],[44.325649,41.490967],[44.325927,41.491204],[44.326186,41.49143],[44.32647,41.491683],[44.327502,41.49262],[44.327929,41.493002],[44.328162,41.493206],[44.328381,41.493394],[44.328592,41.493571],[44.328796,41.493738],[44.329044,41.493934],[44.329287,41.494118],[44.329526,41.494293],[44.329762,41.494458],[44.329997,41.494615],[44.330231,41.494764],[44.330464,41.494905],[44.330698,41.495038],[44.330936,41.495167],[44.331181,41.495295],[44.331434,41.495423],[44.331696,41.49555],[44.331966,41.495676],[44.332246,41.495803],[44.332536,41.49593],[44.332836,41.496058],[44.333142,41.496184],[44.33346,41.496312],[44.333794,41.496442],[44.334145,41.496576],[44.334511,41.496712],[44.334906,41.496857],[44.335339,41.497012],[44.335852,41.497194],[44.336248,41.497333],[44.336635,41.497465],[44.337014,41.497592],[44.337386,41.497714],[44.337752,41.497831],[44.338112,41.497943],[44.338468,41.498051],[44.338818,41.498155],[44.339165,41.498254],[44.339508,41.498349],[44.339847,41.498439],[44.340182,41.498526],[44.340514,41.498608],[44.340843,41.498687],[44.341169,41.498761],[44.341492,41.498831],[44.341725,41.49888],[44.341963,41.498928],[44.342452,41.49902],[44.342962,41.49911],[44.343496,41.499196],[44.344054,41.49928],[44.344649,41.499364],[44.345293,41.499449],[44.346021,41.499539],[44.346313,41.499574],[44.346611,41.499606],[44.346915,41.499638],[44.347228,41.499668],[44.347548,41.499697],[44.347879,41.499725],[44.348575,41.499778],[44.349229,41.499822],[44.34996,41.499867],[44.35274,41.500019],[44.353212,41.500044],[44.353706,41.500066],[44.354226,41.500085],[44.354782,41.500102],[44.355281,41.500114],[44.355837,41.500125],[44.357767,41.500158],[44.358524,41.500172],[44.359297,41.500192],[44.359991,41.500214],[44.360385,41.50023],[44.360763,41.500248],[44.361129,41.500267],[44.361485,41.500289],[44.361831,41.500312],[44.362169,41.500338],[44.362499,41.500366],[44.362822,41.500396],[44.363126,41.500424],[44.363463,41.500454],[44.364881,41.500569],[44.365507,41.500623],[44.365848,41.500657],[44.366165,41.50069],[44.366464,41.500726],[44.366749,41.500762],[44.367071,41.500808],[44.367378,41.500858],[44.367674,41.50091],[44.367958,41.500966],[44.368233,41.501027],[44.368498,41.501091],[44.368755,41.501159],[44.369005,41.501232],[44.369406,41.501358],[44.369769,41.501478],[44.370106,41.501597],[44.370265,41.501656],[44.37042,41.501715],[44.37057,41.501775],[44.370716,41.501836],[44.370858,41.501896],[44.370995,41.501958],[44.371128,41.502019],[44.371257,41.502082],[44.371382,41.502145],[44.371504,41.502209],[44.371622,41.502274],[44.37174,41.502341],[44.371859,41.50241],[44.371977,41.502482],[44.372212,41.502632],[44.372446,41.50279],[44.372678,41.502957],[44.372908,41.503131],[44.373135,41.503314],[44.373359,41.503503],[44.373748,41.503842],[44.373885,41.503965],[44.374007,41.504078],[44.374125,41.50419],[44.374233,41.504297],[44.374333,41.504401],[44.374425,41.504501],[44.374514,41.504604],[44.374595,41.504704],[44.37467,41.504802],[44.374738,41.504899],[44.374799,41.504995],[44.374853,41.50509],[44.374901,41.505184],[44.374943,41.505277],[44.374973,41.505354],[44.374999,41.505434],[44.375022,41.505516],[44.375041,41.505602],[44.375057,41.505691],[44.375069,41.505784],[44.375079,41.505881],[44.375085,41.505982],[44.375088,41.506158],[44.375083,41.506355],[44.375073,41.506548],[44.37504,41.507029],[44.375034,41.507163],[44.37503,41.507283],[44.375027,41.508047],[44.375023,41.508312],[44.375012,41.508607],[44.375003,41.508741],[44.374993,41.508869],[44.374978,41.509008],[44.374961,41.50914],[44.374941,41.509268],[44.374917,41.509391],[44.374891,41.509511],[44.374861,41.509627],[44.374828,41.50974],[44.374792,41.509849],[44.374751,41.50996],[44.374706,41.510073],[44.374657,41.510187],[44.374603,41.510302],[44.374544,41.51042],[44.374481,41.510539],[44.374413,41.510661],[44.37434,41.510785],[44.374264,41.51091],[44.374182,41.511038],[44.374094,41.51117],[44.374001,41.511307],[44.373901,41.511448],[44.373794,41.511596],[44.373544,41.511929],[44.373348,41.51218],[44.373145,41.512426],[44.372936,41.512667],[44.372722,41.512901],[44.372502,41.513128],[44.372279,41.513348],[44.372165,41.513455],[44.372051,41.51356],[44.371935,41.513664],[44.371819,41.513765],[44.371689,41.513875],[44.371556,41.513984],[44.371421,41.514092],[44.371284,41.514198],[44.371145,41.514304],[44.371004,41.514408],[44.370861,41.514511],[44.370717,41.514612],[44.37057,41.514711],[44.370422,41.514809],[44.370273,41.514905],[44.370122,41.514999],[44.36997,41.515092],[44.369817,41.515182],[44.369663,41.515271],[44.369508,41.515357],[44.369353,41.515441],[44.369192,41.515524],[44.369028,41.515606],[44.368858,41.515688],[44.368683,41.515769],[44.368504,41.51585],[44.368319,41.51593],[44.368128,41.51601],[44.367933,41.51609],[44.367731,41.516169],[44.367522,41.516249],[44.367306,41.516329],[44.367082,41.51641],[44.366849,41.516493],[44.366346,41.516664],[44.366051,41.51676],[44.365753,41.516852],[44.36545,41.516942],[44.365145,41.517029],[44.364836,41.517113],[44.364525,41.517193],[44.364211,41.51727],[44.363895,41.517343],[44.363577,41.517413],[44.363257,41.517479],[44.362936,41.517542],[44.362613,41.517601],[44.36229,41.517656],[44.361966,41.517708],[44.361642,41.517755],[44.361317,41.517799],[44.361101,41.517825],[44.360879,41.517849],[44.360652,41.51787],[44.360418,41.517889],[44.360178,41.517905],[44.35993,41.517919],[44.359672,41.517931],[44.359404,41.51794],[44.358987,41.51795],[44.358528,41.517956],[44.358027,41.517958],[44.357008,41.517956],[44.356574,41.517957],[44.356118,41.517961],[44.355711,41.517968],[44.354997,41.517982],[44.354204,41.517991],[44.353413,41.517996],[44.351332,41.518003],[44.350716,41.518008],[44.350163,41.518015],[44.349536,41.518026],[44.34895,41.518042],[44.348394,41.518061],[44.347863,41.518085],[44.347085,41.518121],[44.345277,41.518197],[44.344418,41.518238],[44.343913,41.518267],[44.343444,41.518297],[44.343,41.518329],[44.342576,41.518364],[44.342118,41.518407],[44.341678,41.518455],[44.341253,41.518507],[44.340843,41.518563],[44.340444,41.518624],[44.340058,41.51869],[44.339681,41.518762],[44.339314,41.518838],[44.339034,41.518901],[44.33876,41.518964],[44.338492,41.519027],[44.33823,41.519091],[44.337974,41.519157],[44.337723,41.519223],[44.337476,41.519289],[44.337235,41.519357],[44.336998,41.519426],[44.336765,41.519496],[44.336537,41.519567],[44.336313,41.519639],[44.336094,41.519712],[44.335878,41.519787],[44.335667,41.519863],[44.33546,41.519939],[44.3352,41.520039],[44.334945,41.52014],[44.334696,41.520242],[44.334451,41.520346],[44.334213,41.52045],[44.33398,41.520556],[44.333752,41.520663],[44.333529,41.520771],[44.333132,41.52097],[44.332776,41.521157],[44.332449,41.521336],[44.332294,41.521424],[44.332145,41.521511],[44.332,41.521598],[44.33186,41.521684],[44.331725,41.52177],[44.331594,41.521857],[44.331467,41.521943],[44.331345,41.522029],[44.331227,41.522115],[44.331112,41.522201],[44.331007,41.522284],[44.330901,41.52237],[44.330795,41.522459],[44.330689,41.522552],[44.330583,41.522647],[44.330476,41.522747],[44.330368,41.52285],[44.33026,41.522957],[44.330042,41.523181],[44.329814,41.523427],[44.329569,41.5237],[44.329278,41.524036],[44.329015,41.524347],[44.328795,41.524614],[44.3286,41.52486],[44.328425,41.525092],[44.328264,41.525317],[44.328119,41.525535],[44.327988,41.525747],[44.327928,41.52585],[44.327871,41.525953],[44.327811,41.526066],[44.327753,41.526181],[44.327696,41.526299],[44.327641,41.526418],[44.327588,41.52654],[44.327536,41.526664],[44.327437,41.526919],[44.327344,41.527184],[44.327257,41.527457],[44.327176,41.527741],[44.327102,41.528035],[44.327046,41.528284],[44.326997,41.528537],[44.326956,41.528793],[44.326923,41.529051],[44.326897,41.529312],[44.326879,41.529576],[44.326868,41.529841],[44.326865,41.530107],[44.326869,41.530375],[44.326881,41.530643],[44.326901,41.530912],[44.326928,41.531181],[44.326963,41.531449],[44.327005,41.531717],[44.327054,41.531983],[44.327111,41.532248],[44.327152,41.532418],[44.327195,41.532588],[44.327241,41.532755],[44.327289,41.532921],[44.327339,41.533085],[44.327392,41.533246],[44.327447,41.533406],[44.327505,41.533564],[44.327565,41.533719],[44.327627,41.533872],[44.327691,41.534023],[44.327758,41.534171],[44.327827,41.534317],[44.327898,41.534461],[44.327971,41.534602],[44.328047,41.53474],[44.328177,41.534966],[44.328319,41.535194],[44.328472,41.535425],[44.328637,41.535659],[44.328813,41.535897],[44.329001,41.536138],[44.329202,41.536384],[44.329415,41.536634],[44.329648,41.536896],[44.329879,41.537146],[44.33011,41.537383],[44.33034,41.537609],[44.33057,41.537825],[44.330801,41.53803],[44.330917,41.538129],[44.331033,41.538225],[44.331149,41.538319],[44.331266,41.53841],[44.331442,41.538544],[44.331622,41.538675],[44.331805,41.538804],[44.331991,41.53893],[44.332179,41.539054],[44.332369,41.539175],[44.332561,41.539293],[44.332755,41.539407],[44.332951,41.539518],[44.333147,41.539626],[44.333345,41.53973],[44.333544,41.53983],[44.333744,41.539927],[44.333944,41.54002],[44.334144,41.540108],[44.334345,41.540193],[44.334559,41.540279],[44.334778,41.540363],[44.335003,41.540444],[44.335232,41.540522],[44.335465,41.540597],[44.335702,41.54067],[44.335943,41.540739],[44.336188,41.540806],[44.336436,41.540869],[44.336687,41.540929],[44.33694,41.540986],[44.337196,41.54104],[44.337453,41.54109],[44.337712,41.541136],[44.337972,41.541179],[44.338232,41.541218],[44.338405,41.541242],[44.338583,41.541263],[44.338764,41.541282],[44.338951,41.541299],[44.339143,41.541314],[44.339341,41.541327],[44.339545,41.541338],[44.339757,41.541347],[44.340174,41.541358],[44.340639,41.541364],[44.341113,41.541365],[44.342075,41.541361],[44.343147,41.54136],[44.343724,41.541356],[44.344008,41.541351],[44.344274,41.541345],[44.344527,41.541336],[44.344769,41.541326],[44.345019,41.541313],[44.345259,41.541297],[44.345492,41.541278],[44.345718,41.541257],[44.345937,41.541234],[44.346151,41.541207],[44.34636,41.541178],[44.346563,41.541146],[44.346746,41.541114],[44.346929,41.541081],[44.347113,41.541045],[44.347297,41.541007],[44.347482,41.540967],[44.347667,41.540925],[44.347853,41.540881],[44.348038,41.540835],[44.348224,41.540787],[44.348409,41.540738],[44.348594,41.540686],[44.348778,41.540632],[44.348962,41.540577],[44.349145,41.54052],[44.349327,41.540461],[44.349508,41.5404],[44.349733,41.540321],[44.349959,41.540239],[44.350186,41.540152],[44.350412,41.540062],[44.350639,41.539967],[44.350866,41.539869],[44.351093,41.539767],[44.35132,41.539662],[44.351546,41.539553],[44.351771,41.53944],[44.351996,41.539324],[44.35222,41.539204],[44.352443,41.539082],[44.352664,41.538956],[44.352884,41.538827],[44.353102,41.538695],[44.353266,41.538592],[44.35343,41.538484],[44.353594,41.53837],[44.353758,41.53825],[44.353923,41.538124],[44.35409,41.537991],[44.35426,41.537852],[44.354433,41.537704],[44.354575,41.537579],[44.354721,41.537446],[44.355035,41.537153],[44.355331,41.536869],[44.356035,41.536183],[44.356225,41.536],[44.356398,41.535837],[44.356581,41.535669],[44.356755,41.535513],[44.356923,41.535366],[44.357088,41.535227],[44.357414,41.534953],[44.357771,41.534641],[44.358114,41.534336],[44.358962,41.533572],[44.359201,41.533359],[44.359419,41.533169],[44.359657,41.532965],[44.359883,41.532775],[44.360101,41.532598],[44.360313,41.532431],[44.360578,41.532229],[44.360837,41.53204],[44.361094,41.531862],[44.361348,41.531696],[44.361601,41.531539],[44.361727,41.531464],[44.361854,41.531392],[44.36198,41.531322],[44.362107,41.531254],[44.362234,41.531188],[44.362361,41.531124],[44.363012,41.530805],[44.363219,41.530705],[44.363406,41.530617],[44.363597,41.530531],[44.363779,41.530451],[44.363953,41.530378],[44.364121,41.530311],[44.364294,41.530246],[44.364463,41.530186],[44.364628,41.530132],[44.36479,41.530083],[44.36495,41.530039],[44.365107,41.53],[44.365262,41.529967],[44.365416,41.529938],[44.36553,41.529919],[44.365647,41.529902],[44.365768,41.529886],[44.365891,41.529873],[44.366017,41.52986],[44.366146,41.52985],[44.366414,41.529833],[44.366696,41.529823],[44.366994,41.529819],[44.367313,41.529821],[44.367659,41.52983],[44.367901,41.52984],[44.368147,41.529854],[44.368397,41.529874],[44.36865,41.529898],[44.368905,41.529927],[44.369163,41.529961],[44.369424,41.529999],[44.369686,41.530042],[44.369811,41.530064],[44.369938,41.530089],[44.370067,41.530116],[44.370199,41.530146],[44.370472,41.530213],[44.370762,41.530291],[44.370994,41.530359],[44.37125,41.530437],[44.371519,41.530522],[44.372275,41.530764],[44.37251,41.530837],[44.372721,41.530901],[44.373022,41.530991],[44.373335,41.531089],[44.373663,41.531196],[44.374011,41.531313],[44.374332,41.531423],[44.374688,41.531549],[44.375972,41.532008],[44.376495,41.532193],[44.377041,41.53238],[44.377292,41.532463],[44.377533,41.532541],[44.377821,41.532631],[44.378099,41.532715],[44.378369,41.532792],[44.378633,41.532865],[44.378891,41.532932],[44.379145,41.532994],[44.379395,41.533052],[44.379641,41.533105],[44.379871,41.533151],[44.380108,41.533196],[44.38035,41.533239],[44.3806,41.533281],[44.380857,41.533321],[44.381122,41.533361],[44.381397,41.533399],[44.381684,41.533437],[44.382195,41.5335],[44.382768,41.533564],[44.383312,41.533621],[44.384578,41.533751],[44.385187,41.533816],[44.385908,41.533893],[44.386645,41.533966],[44.3874,41.534034],[44.388174,41.534098],[44.388969,41.534158],[44.389789,41.534215],[44.390639,41.534268],[44.391524,41.534318],[44.392257,41.534355],[44.393023,41.534392],[44.393831,41.534427],[44.394697,41.534462],[44.396282,41.534522],[44.399905,41.534649],[44.400789,41.534682],[44.401589,41.534714],[44.402314,41.534744],[44.403001,41.534775],[44.403659,41.534807],[44.404292,41.53484],[44.406663,41.534968],[44.40926,41.535111],[44.421435,41.53579],[44.424369,41.535952],[44.426999,41.536094],[44.43005,41.536255],[44.432897,41.5364],[44.435598,41.536533],[44.438181,41.536655],[44.439151,41.536698],[44.440162,41.53674],[44.441225,41.536781],[44.442355,41.536822],[44.444613,41.536897],[44.449003,41.537033],[44.450818,41.537091],[44.452711,41.537157],[44.45441,41.537223],[44.455405,41.537265],[44.456361,41.537308],[44.457286,41.537353],[44.458182,41.5374],[44.459057,41.537449],[44.459909,41.5375],[44.460743,41.537553],[44.46156,41.537609],[44.461813,41.537626],[44.462096,41.537642],[44.463299,41.537702],[44.463573,41.537718],[44.463822,41.537736],[44.46414,41.537762],[44.464435,41.537792],[44.464712,41.537827],[44.464976,41.537866],[44.465237,41.537911],[44.465501,41.537963],[44.46577,41.538022],[44.466043,41.538088],[44.466321,41.53816],[44.466605,41.53824],[44.466896,41.538328],[44.467196,41.538423],[44.467477,41.538517],[44.46777,41.538619],[44.468076,41.538729],[44.468403,41.538851],[44.468689,41.53896],[44.469006,41.539083],[44.470064,41.539501],[44.470461,41.539657],[44.470986,41.539863],[44.471481,41.540062],[44.47195,41.540256],[44.472398,41.540446],[44.472829,41.540635],[44.473243,41.540823],[44.473641,41.54101],[44.474026,41.541198],[44.474591,41.541481],[44.475076,41.54173],[44.475517,41.541964],[44.475724,41.542077],[44.475923,41.542189],[44.476118,41.5423],[44.476306,41.54241],[44.476489,41.542519],[44.476666,41.542628],[44.476837,41.542736],[44.477004,41.542843],[44.477165,41.542951],[44.477322,41.543058],[44.477525,41.543201],[44.477723,41.543344],[44.477918,41.543487],[44.478107,41.54363],[44.478292,41.543773],[44.478473,41.543917],[44.478649,41.544061],[44.478821,41.544204],[44.478988,41.544348],[44.47915,41.544492],[44.479308,41.544636],[44.479461,41.54478],[44.479609,41.544925],[44.479753,41.545069],[44.479892,41.545213],[44.480027,41.545357],[44.48014,41.545483],[44.480252,41.545611],[44.480363,41.545741],[44.480473,41.545875],[44.480582,41.546011],[44.48069,41.54615],[44.480797,41.546291],[44.480903,41.546436],[44.481008,41.546583],[44.481112,41.546732],[44.481215,41.546885],[44.481317,41.54704],[44.481418,41.547199],[44.481519,41.54736],[44.481717,41.547692],[44.481956,41.548109],[44.482058,41.548294],[44.482152,41.54847],[44.482241,41.548639],[44.482323,41.548803],[44.482399,41.548962],[44.48247,41.549116],[44.482537,41.549269],[44.482599,41.549419],[44.482656,41.549566],[44.482708,41.54971],[44.482756,41.549852],[44.482799,41.549991],[44.482837,41.550129],[44.482872,41.550265],[44.482897,41.550381],[44.482921,41.5505],[44.482942,41.550622],[44.482961,41.550746],[44.482977,41.550874],[44.482991,41.551005],[44.483003,41.55114],[44.483013,41.551279],[44.483025,41.551564],[44.483029,41.551873],[44.483025,41.552213],[44.483013,41.552632],[44.482992,41.553213],[44.482971,41.553594],[44.482958,41.553773],[44.482942,41.553942],[44.482924,41.554102],[44.482904,41.554255],[44.482879,41.55441],[44.482852,41.554559],[44.482821,41.554702],[44.482787,41.554842],[44.48275,41.554977],[44.482709,41.555108],[44.482665,41.555235],[44.482617,41.555358],[44.482558,41.555498],[44.482492,41.555639],[44.48242,41.555782],[44.482343,41.555925],[44.482259,41.556071],[44.48217,41.556217],[44.482074,41.556365],[44.481973,41.556514],[44.481865,41.556664],[44.481751,41.556816],[44.481632,41.556969],[44.481506,41.557124],[44.481375,41.55728],[44.481237,41.557438],[44.481093,41.557597],[44.480942,41.557758],[44.480802,41.557902],[44.480657,41.558046],[44.480505,41.55819],[44.480349,41.558333],[44.480186,41.558475],[44.480019,41.558616],[44.479847,41.558756],[44.479669,41.558895],[44.479487,41.559033],[44.4793,41.55917],[44.479109,41.559305],[44.478913,41.559438],[44.478713,41.55957],[44.47851,41.559699],[44.478304,41.559827],[44.478094,41.559952],[44.477923,41.56005],[44.477745,41.560146],[44.47756,41.560242],[44.477368,41.560338],[44.477168,41.560432],[44.476959,41.560527],[44.476742,41.560622],[44.476513,41.560718],[44.476297,41.560806],[44.47607,41.560895],[44.475829,41.560988],[44.475569,41.561085],[44.475098,41.561256],[44.47386,41.561698],[44.473597,41.561792],[44.47333,41.561884],[44.473059,41.561975],[44.472783,41.562064],[44.472503,41.562152],[44.472219,41.562238],[44.47193,41.562323],[44.471635,41.562407],[44.471336,41.56249],[44.471031,41.562571],[44.470721,41.562652],[44.470404,41.562731],[44.470081,41.56281],[44.46975,41.562888],[44.469412,41.562965],[44.469065,41.563042],[44.468567,41.563149],[44.468049,41.563256],[44.467505,41.563364],[44.466929,41.563475],[44.466303,41.563592],[44.465612,41.563717],[44.464878,41.563847],[44.462796,41.564213],[44.462151,41.564329],[44.461573,41.564435],[44.460907,41.564561],[44.460287,41.564682],[44.459701,41.564801],[44.459144,41.564919],[44.458672,41.565019],[44.457493,41.565262],[44.456954,41.565377],[44.456659,41.565441],[44.456385,41.565504],[44.456126,41.565565],[44.455879,41.565626],[44.454672,41.565928],[44.45431,41.566021],[44.453986,41.566106],[44.453655,41.566196],[44.453346,41.566282],[44.453054,41.566368],[44.452775,41.566452],[44.452492,41.566542],[44.45222,41.566633],[44.451959,41.566725],[44.451708,41.566818],[44.451466,41.566912],[44.451233,41.567008],[44.451008,41.567106],[44.450791,41.567206],[44.450591,41.567304],[44.450391,41.567406],[44.450189,41.567514],[44.449985,41.567628],[44.449779,41.567747],[44.44957,41.567873],[44.449358,41.568006],[44.449142,41.568146],[44.448931,41.568287],[44.448713,41.568436],[44.448487,41.568594],[44.44825,41.568764],[44.448011,41.568939],[44.44775,41.569133],[44.44703,41.569676],[44.446501,41.570076],[44.446198,41.570308],[44.445918,41.570529],[44.445669,41.570732],[44.44543,41.570936],[44.445211,41.571132],[44.445108,41.571228],[44.44501,41.571323],[44.444915,41.571417],[44.444824,41.571511],[44.444662,41.571687],[44.4445,41.571876],[44.444337,41.572079],[44.44417,41.5723],[44.444025,41.572501],[44.443867,41.572728],[44.443375,41.573458],[44.443203,41.573709],[44.442927,41.574111],[44.442652,41.574522],[44.442376,41.574944],[44.442101,41.575376],[44.441824,41.575819],[44.441546,41.576274],[44.441266,41.576744],[44.440982,41.577229],[44.440664,41.577785],[44.440357,41.578334],[44.440063,41.578877],[44.439779,41.579414],[44.439507,41.579946],[44.439245,41.580472],[44.438994,41.580994],[44.438754,41.581511],[44.438469,41.582145],[44.438212,41.582733],[44.437978,41.58329],[44.437763,41.583822],[44.437564,41.584337],[44.43747,41.584588],[44.437381,41.584836],[44.437295,41.58508],[44.437214,41.585322],[44.437135,41.58556],[44.437061,41.585795],[44.436802,41.586624],[44.436659,41.587098],[44.436592,41.587328],[44.436532,41.587544],[44.436478,41.587751],[44.436428,41.587949],[44.43638,41.588153],[44.436337,41.588351],[44.436299,41.588543],[44.436265,41.58873],[44.436236,41.588914],[44.436211,41.589093],[44.43619,41.589269],[44.436174,41.589442],[44.43613,41.590018],[44.436116,41.59024],[44.436106,41.590443],[44.4361,41.590641],[44.436098,41.590828],[44.4361,41.591006],[44.436105,41.591177],[44.436116,41.591349],[44.43613,41.591514],[44.436148,41.591675],[44.436171,41.59183],[44.436199,41.591981],[44.436231,41.592128],[44.436267,41.592272],[44.436309,41.592411],[44.43634,41.592506],[44.436375,41.592603],[44.436413,41.592702],[44.436454,41.592802],[44.436547,41.593008],[44.436654,41.593226],[44.436773,41.593447],[44.436911,41.593688],[44.437068,41.593951],[44.437307,41.594342],[44.437451,41.59457],[44.437599,41.594798],[44.437751,41.595023],[44.437908,41.595246],[44.438069,41.595467],[44.438234,41.595685],[44.438402,41.595901],[44.438574,41.596113],[44.439055,41.596707],[44.439254,41.596947],[44.439364,41.597075],[44.439469,41.597194],[44.439571,41.597304],[44.43967,41.597409],[44.439779,41.597518],[44.439886,41.59762],[44.439993,41.597718],[44.4401,41.597809],[44.440208,41.597896],[44.440316,41.597978],[44.440425,41.598056],[44.440534,41.598129],[44.440641,41.598195],[44.440752,41.59826],[44.440868,41.598325],[44.440989,41.598388],[44.441114,41.598451],[44.441245,41.598514],[44.441382,41.598576],[44.441524,41.598637],[44.44167,41.598698],[44.441823,41.598759],[44.441983,41.598819],[44.44215,41.598881],[44.442325,41.598943],[44.442512,41.599006],[44.442931,41.599143],[44.44324,41.599239],[44.443539,41.599326],[44.443828,41.599404],[44.44411,41.599474],[44.444385,41.599536],[44.444653,41.599591],[44.444915,41.599637],[44.445171,41.599676],[44.445354,41.599697],[44.445546,41.599714],[44.445749,41.599725],[44.445967,41.599732],[44.446165,41.599734],[44.446385,41.599733],[44.447159,41.599717],[44.447465,41.599714],[44.447627,41.599715],[44.447777,41.599718],[44.44792,41.599723],[44.448057,41.59973],[44.449054,41.599783],[44.449421,41.599805],[44.449628,41.59982],[44.44982,41.599835],[44.450001,41.599852],[44.450174,41.59987],[44.450359,41.599891],[44.450535,41.599915],[44.450705,41.599941],[44.450869,41.59997],[44.451028,41.6],[44.451181,41.600033],[44.45133,41.600069],[44.451474,41.600107],[44.451734,41.600183],[44.451988,41.600263],[44.452235,41.600349],[44.452475,41.600439],[44.452705,41.600533],[44.452927,41.600631],[44.453138,41.600733],[44.45324,41.600785],[44.453339,41.600838],[44.453622,41.600996],[44.453745,41.601068],[44.453861,41.601138],[44.45397,41.601206],[44.454073,41.601273],[44.45417,41.601339],[44.454261,41.601405],[44.454349,41.601471],[44.454431,41.601536],[44.454509,41.601602],[44.454582,41.601667],[44.45465,41.601732],[44.454713,41.601797],[44.454772,41.601863],[44.454826,41.601928],[44.454896,41.602022],[44.454961,41.602124],[44.455023,41.602235],[44.455083,41.602356],[44.455137,41.602478],[44.455192,41.602616],[44.455244,41.602755],[44.455351,41.603054],[44.455442,41.603311],[44.455514,41.603528],[44.455573,41.603727],[44.455621,41.603913],[44.455659,41.604091],[44.455687,41.604261],[44.455705,41.604424],[44.45571,41.604503],[44.455712,41.60458],[44.455712,41.604686],[44.455708,41.604793],[44.4557,41.604902],[44.455687,41.605013],[44.455671,41.605126],[44.45565,41.605241],[44.455625,41.605358],[44.455596,41.605477],[44.455563,41.605598],[44.455526,41.605721],[44.455485,41.605846],[44.455439,41.605973],[44.455389,41.606102],[44.455336,41.606234],[44.455278,41.606367],[44.455215,41.606504],[44.45516,41.606617],[44.455102,41.60673],[44.455041,41.606843],[44.454976,41.606956],[44.454908,41.607069],[44.454836,41.607182],[44.454762,41.607295],[44.454685,41.607406],[44.454604,41.607518],[44.454521,41.607628],[44.454435,41.607737],[44.454347,41.607845],[44.454256,41.607952],[44.454163,41.608057],[44.454068,41.608161],[44.453971,41.608263],[44.453864,41.608369],[44.453752,41.608476],[44.453634,41.608582],[44.45351,41.608688],[44.45338,41.608795],[44.453245,41.608901],[44.453103,41.609008],[44.452954,41.609115],[44.4528,41.609223],[44.452639,41.609331],[44.452471,41.60944],[44.452295,41.60955],[44.452111,41.609662],[44.451918,41.609777],[44.451714,41.609894],[44.451497,41.610016],[44.451339,41.610103],[44.451174,41.610188],[44.451003,41.610272],[44.450826,41.610356],[44.450642,41.61044],[44.45045,41.610523],[44.45025,41.610607],[44.45004,41.610691],[44.449844,41.610767],[44.449638,41.610845],[44.449419,41.610926],[44.449183,41.61101],[44.448772,41.611154],[44.447935,41.61144],[44.447582,41.611562],[44.447319,41.611653],[44.44705,41.611742],[44.446773,41.611832],[44.446488,41.611921],[44.446194,41.61201],[44.44589,41.6121],[44.445574,41.61219],[44.445244,41.612283],[44.444684,41.612434],[44.444056,41.612599],[44.443459,41.612752],[44.442073,41.613102],[44.441411,41.613273],[44.440825,41.613428],[44.440294,41.613573],[44.438728,41.614012],[44.437092,41.614474],[44.43537,41.614964],[44.433528,41.615492],[44.430227,41.616444],[44.424001,41.618248],[44.421482,41.618976],[44.41342,41.621303],[44.406767,41.623228],[44.403674,41.624126],[44.400715,41.624986],[44.397865,41.625817],[44.395107,41.626623],[44.39324,41.627171],[44.39129,41.627745],[44.389237,41.628352],[44.387039,41.629004],[44.383001,41.630205],[44.37354,41.633027],[44.368905,41.634403],[44.366717,41.63505],[44.364653,41.635658],[44.362681,41.636235],[44.360786,41.636788],[44.360054,41.637],[44.359291,41.637218],[44.358492,41.637444],[44.357643,41.637683],[44.355832,41.638185],[44.352119,41.639207],[44.350533,41.639645],[44.348866,41.640112],[44.348103,41.640328],[44.347375,41.640537],[44.346495,41.640792],[44.345652,41.64104],[44.344838,41.641282],[44.344051,41.641521],[44.343285,41.641757],[44.342539,41.641991],[44.341812,41.642223],[44.341102,41.642454],[44.340752,41.642566],[44.340358,41.642686],[44.339981,41.642797],[44.33909,41.643055],[44.338654,41.643185],[44.338256,41.643309],[44.337898,41.643426],[44.33767,41.643505],[44.337453,41.643584],[44.337246,41.643663],[44.337047,41.643742],[44.336856,41.643822],[44.336673,41.643904],[44.336496,41.643987],[44.336325,41.644071],[44.336137,41.644169],[44.335951,41.644268],[44.335767,41.644369],[44.335585,41.644473],[44.335405,41.644578],[44.335228,41.644684],[44.335054,41.644793],[44.334883,41.644902],[44.334715,41.645013],[44.33455,41.645125],[44.334388,41.645239],[44.334229,41.645354],[44.334075,41.645469],[44.333924,41.645586],[44.333776,41.645703],[44.333633,41.645821],[44.3335,41.645934],[44.33337,41.646047],[44.333243,41.64616],[44.333119,41.646273],[44.332999,41.646385],[44.332883,41.646498],[44.332769,41.646611],[44.332659,41.646723],[44.332553,41.646835],[44.33245,41.646948],[44.33235,41.647059],[44.332253,41.647171],[44.332161,41.647283],[44.332071,41.647394],[44.331985,41.647505],[44.331903,41.647616],[44.331675,41.64793],[44.331532,41.648133],[44.331408,41.648321],[44.331304,41.648494],[44.331256,41.648581],[44.331212,41.648665],[44.331172,41.648747],[44.331136,41.648828],[44.331104,41.648907],[44.331076,41.648984],[44.331052,41.64906],[44.331031,41.649136],[44.331005,41.649246],[44.330983,41.649356],[44.330965,41.649463],[44.33095,41.649569],[44.330939,41.649673],[44.330932,41.649775],[44.330928,41.649874],[44.330929,41.649972],[44.330933,41.650067],[44.330941,41.650159],[44.330953,41.650249],[44.330969,41.650337],[44.330988,41.650422],[44.331011,41.650504],[44.331038,41.650583],[44.331069,41.65066],[44.331132,41.650799],[44.331193,41.650922],[44.331256,41.651034],[44.331321,41.651134],[44.331387,41.651223],[44.331455,41.651301],[44.331489,41.651337],[44.331524,41.651369],[44.33156,41.651399],[44.331596,41.651426],[44.331658,41.651465],[44.331726,41.651498],[44.331801,41.651527],[44.331883,41.651551],[44.331971,41.65157],[44.332067,41.651585],[44.332171,41.651594],[44.332284,41.651599],[44.332377,41.6516],[44.332476,41.651598],[44.332583,41.651593],[44.332698,41.651586],[44.332932,41.651565],[44.33338,41.651517],[44.333558,41.6515],[44.333739,41.651486],[44.333895,41.651479],[44.33417,41.651469],[44.334457,41.651451],[44.334758,41.651426],[44.335079,41.651392],[44.335364,41.651358],[44.33568,41.651317],[44.336756,41.651165],[44.33717,41.651109],[44.337386,41.651082],[44.337588,41.651059],[44.337781,41.651039],[44.337965,41.651021],[44.338315,41.650992],[44.338671,41.650963],[44.339032,41.650937],[44.339401,41.650911],[44.339777,41.650888],[44.34016,41.650865],[44.340956,41.650824],[44.341784,41.650788],[44.34267,41.650756],[44.343637,41.650727],[44.344762,41.650699],[44.345203,41.65069],[44.345664,41.650684],[44.34615,41.65068],[44.34667,41.650679],[44.347631,41.650681],[44.349921,41.650695],[44.350526,41.650696],[44.351074,41.650695],[44.351485,41.650691],[44.351937,41.650682],[44.352438,41.65067],[44.353919,41.650627],[44.354387,41.650617],[44.354806,41.650611],[44.355292,41.65061],[44.355745,41.650615],[44.355962,41.65062],[44.356174,41.650627],[44.356381,41.650635],[44.356583,41.650646],[44.356873,41.650663],[44.357167,41.650683],[44.357465,41.650705],[44.357767,41.650731],[44.358074,41.650759],[44.358386,41.650791],[44.358703,41.650825],[44.359027,41.650862],[44.359355,41.650902],[44.359691,41.650945],[44.360035,41.650991],[44.360388,41.651041],[44.360751,41.651094],[44.361126,41.65115],[44.361926,41.651277],[44.362659,41.651398],[44.363281,41.651506],[44.363848,41.651609],[44.364374,41.651711],[44.364878,41.651816],[44.36512,41.651869],[44.365356,41.651922],[44.365587,41.651976],[44.365812,41.652031],[44.366034,41.652087],[44.36625,41.652144],[44.366517,41.652212],[44.367081,41.652351],[44.367325,41.652413],[44.367578,41.652482],[44.367802,41.652547],[44.367926,41.652586],[44.368044,41.652625],[44.368156,41.652665],[44.368263,41.652706],[44.368366,41.652748],[44.368465,41.65279],[44.368559,41.652834],[44.36865,41.652879],[44.368821,41.652971],[44.368993,41.653071],[44.369165,41.653179],[44.369337,41.653296],[44.36951,41.653422],[44.369683,41.653556],[44.369857,41.653698],[44.370032,41.653849],[44.370248,41.654044],[44.370413,41.654199],[44.370557,41.654342],[44.370681,41.654476],[44.370739,41.654542],[44.370793,41.654607],[44.370843,41.654671],[44.370889,41.654734],[44.370931,41.654796],[44.37097,41.654857],[44.371005,41.654918],[44.371037,41.654978],[44.37107,41.655048],[44.371099,41.65512],[44.371124,41.655195],[44.371146,41.655273],[44.371165,41.655354],[44.371181,41.655439],[44.371193,41.655527],[44.371202,41.65562],[44.371208,41.655703],[44.371211,41.655791],[44.371211,41.655984],[44.371205,41.656167],[44.371185,41.656573],[44.37118,41.656744],[44.371174,41.657043],[44.371165,41.657286],[44.371152,41.657507],[44.371134,41.65771],[44.37111,41.657904],[44.371081,41.658087],[44.371045,41.658262],[44.371003,41.658428],[44.370966,41.658551],[44.370923,41.658675],[44.370873,41.658801],[44.370817,41.658929],[44.370754,41.659059],[44.370684,41.659192],[44.370606,41.659329],[44.370521,41.659471],[44.370447,41.659587],[44.370367,41.659708],[44.37028,41.659835],[44.370185,41.65997],[44.369999,41.660225],[44.369516,41.660872],[44.369381,41.661059],[44.369264,41.661227],[44.369075,41.661502],[44.368885,41.661773],[44.368695,41.662042],[44.368503,41.662307],[44.36831,41.66257],[44.368116,41.662829],[44.367922,41.663086],[44.367726,41.663339],[44.367529,41.66359],[44.367331,41.663837],[44.367132,41.664082],[44.366932,41.664324],[44.366731,41.664562],[44.366529,41.664798],[44.366326,41.665031],[44.366122,41.665261],[44.365858,41.665553],[44.36559,41.665843],[44.365318,41.666132],[44.363309,41.667943],[44.360565,41.670169],[44.360177,41.670454],[44.359276,41.671094],[44.356822,41.6728],[44.356088,41.673284],[44.355308,41.673766],[44.350409,41.67655],[44.349902,41.676805],[44.3492,41.677157],[44.348462,41.67752],[44.347681,41.677898],[44.346842,41.678299],[44.346109,41.678645],[44.345291,41.679028],[44.342617,41.680272],[44.34165,41.680722],[44.340719,41.681161],[44.33988,41.68156],[44.339053,41.68196],[44.338276,41.682341],[44.337539,41.68271],[44.336834,41.683069],[44.336471,41.683258],[44.336092,41.683458],[44.335696,41.68367],[44.335274,41.683899],[44.334488,41.684331],[44.33255,41.685406],[44.332006,41.685704],[44.331515,41.685969],[44.330978,41.686255],[44.330471,41.686519],[44.329985,41.686766],[44.329515,41.686998],[44.327595,41.687943],[44.326784,41.688337],[44.326349,41.688544],[44.32594,41.688736],[44.325549,41.688915],[44.325174,41.689084],[44.324774,41.689259],[44.324385,41.689425],[44.324005,41.689581],[44.323634,41.689729],[44.323268,41.689869],[44.322908,41.690002],[44.322553,41.690127],[44.322203,41.690245],[44.321979,41.690317],[44.321749,41.690389],[44.321513,41.69046],[44.32127,41.690531],[44.321019,41.690602],[44.32076,41.690673],[44.320491,41.690745],[44.320209,41.690818],[44.319744,41.690934],[44.319226,41.691059],[44.318703,41.691182],[44.317305,41.691506],[44.316888,41.691605],[44.316514,41.691696],[44.316346,41.691736],[44.316169,41.691775],[44.315983,41.691813],[44.315785,41.691852],[44.315575,41.691891],[44.315341,41.691932],[44.314401,41.692089],[44.313997,41.69216],[44.313778,41.692201],[44.313575,41.692241],[44.313384,41.692282],[44.313204,41.692324],[44.312988,41.692377],[44.312783,41.692433],[44.312588,41.692492],[44.312403,41.692553],[44.312225,41.692617],[44.312056,41.692685],[44.311894,41.692756],[44.311738,41.692831],[44.3114,41.693001],[44.311195,41.693108],[44.311009,41.69321],[44.310847,41.693307],[44.310768,41.693357],[44.310695,41.693407],[44.310625,41.693457],[44.31056,41.693506],[44.310499,41.693555],[44.310441,41.693605],[44.310387,41.693655],[44.310337,41.693705],[44.310285,41.693761],[44.310234,41.693819],[44.310136,41.693939],[44.310046,41.694064],[44.309964,41.694192],[44.309891,41.694321],[44.309859,41.694386],[44.309829,41.694451],[44.309802,41.694515],[44.309778,41.694579],[44.309756,41.694642],[44.309738,41.694704],[44.309721,41.694773],[44.309707,41.694844],[44.309697,41.694917],[44.309691,41.694992],[44.309687,41.69507],[44.309688,41.69515],[44.309691,41.695232],[44.309699,41.695317],[44.309709,41.695404],[44.309723,41.695493],[44.309741,41.695586],[44.309761,41.695681],[44.309786,41.69578],[44.309814,41.695884],[44.309883,41.696109],[44.309912,41.696193],[44.309945,41.696278],[44.309982,41.696364],[44.310022,41.696451],[44.310066,41.69654],[44.310114,41.69663],[44.310166,41.696721],[44.310222,41.696813],[44.310281,41.696907],[44.310345,41.697003],[44.310413,41.6971],[44.310486,41.697201],[44.310645,41.69741],[44.31083,41.697639],[44.310905,41.697727],[44.310984,41.697814],[44.311067,41.697902],[44.311156,41.697991],[44.311249,41.698081],[44.311349,41.698171],[44.311454,41.698264],[44.311566,41.698359],[44.311771,41.698527],[44.312007,41.69871],[44.312235,41.698881],[44.312761,41.699272],[44.313006,41.699458],[44.313158,41.699577],[44.313326,41.699713],[44.313927,41.700212],[44.314174,41.700413],[44.314308,41.700518],[44.314434,41.700615],[44.314555,41.700705],[44.314673,41.70079],[44.314815,41.700887],[44.314955,41.700977],[44.315092,41.701062],[44.315228,41.70114],[44.315363,41.701213],[44.315498,41.70128],[44.315633,41.701343],[44.315769,41.7014],[44.315966,41.701476],[44.316175,41.701549],[44.316395,41.701619],[44.316627,41.701686],[44.316872,41.701751],[44.317129,41.701813],[44.317401,41.701874],[44.31769,41.701933],[44.317817,41.701956],[44.317948,41.701976],[44.318082,41.701994],[44.318219,41.702009],[44.318361,41.702022],[44.318507,41.702032],[44.318658,41.702039],[44.318815,41.702044],[44.318962,41.702047],[44.319115,41.702047],[44.319449,41.702042],[44.319791,41.702031],[44.320449,41.702004],[44.32072,41.701994],[44.321001,41.701987],[44.321252,41.701984],[44.321398,41.701985],[44.321538,41.701987],[44.321673,41.701991],[44.321804,41.701997],[44.321931,41.702005],[44.322055,41.702015],[44.322175,41.702027],[44.322293,41.70204],[44.32301,41.702126],[44.323212,41.702153],[44.323392,41.702181],[44.323577,41.702214],[44.323748,41.70225],[44.323907,41.702289],[44.324056,41.702331],[44.324172,41.702369],[44.324288,41.702408],[44.324404,41.702451],[44.324519,41.702496],[44.324634,41.702543],[44.324747,41.702593],[44.324859,41.702644],[44.324969,41.702698],[44.325078,41.702754],[44.325184,41.702811],[44.325287,41.70287],[44.325388,41.70293],[44.325486,41.702992],[44.325581,41.703055],[44.325673,41.703119],[44.32576,41.703184],[44.325845,41.70325],[44.325928,41.70332],[44.326009,41.703393],[44.32609,41.703469],[44.32617,41.703549],[44.326248,41.703633],[44.326325,41.703721],[44.326401,41.703812],[44.326476,41.703906],[44.32655,41.704004],[44.326623,41.704106],[44.326695,41.704212],[44.326767,41.704321],[44.326837,41.704435],[44.326907,41.704553],[44.326976,41.704675],[44.327024,41.704767],[44.327069,41.704862],[44.327111,41.704959],[44.32715,41.705061],[44.327186,41.705166],[44.32722,41.705275],[44.32725,41.70539],[44.327279,41.70551],[44.327316,41.705694],[44.32735,41.705899],[44.327383,41.706127],[44.327442,41.706602],[44.32747,41.706805],[44.327503,41.707017],[44.327539,41.707206],[44.327578,41.707411],[44.327615,41.707637],[44.32765,41.707883],[44.327746,41.7086],[44.327781,41.708824],[44.327817,41.709023],[44.327865,41.709254],[44.327919,41.709467],[44.327948,41.709568],[44.327979,41.709667],[44.328012,41.709763],[44.328046,41.709857],[44.328246,41.710397],[44.328332,41.710617],[44.328381,41.710735],[44.32843,41.710844],[44.328479,41.710946],[44.328529,41.711043],[44.328586,41.711143],[44.328644,41.711238],[44.328704,41.711328],[44.328767,41.711412],[44.328832,41.711493],[44.3289,41.711569],[44.328971,41.71164],[44.329044,41.711708],[44.329194,41.711834],[44.329339,41.711948],[44.329481,41.71205],[44.329551,41.712097],[44.329621,41.712141],[44.32969,41.712183],[44.329759,41.712221],[44.329827,41.712257],[44.329895,41.712291],[44.329962,41.712321],[44.330029,41.712349],[44.330096,41.712374],[44.330162,41.712397],[44.330228,41.712417],[44.330298,41.712435],[44.330371,41.712452],[44.330446,41.712467],[44.330524,41.712481],[44.330606,41.712493],[44.33069,41.712503],[44.330777,41.712512],[44.33096,41.712525],[44.331158,41.712531],[44.331371,41.712531],[44.331606,41.712525],[44.331786,41.712517],[44.331963,41.712503],[44.332135,41.712485],[44.332302,41.712463],[44.332461,41.712436],[44.332613,41.712406],[44.332757,41.712371],[44.332893,41.712332],[44.332985,41.712302],[44.333077,41.712268],[44.333169,41.712229],[44.333262,41.712187],[44.333355,41.712141],[44.333448,41.71209],[44.333543,41.712036],[44.333638,41.711976],[44.333732,41.711914],[44.333828,41.711848],[44.333927,41.711776],[44.334028,41.711699],[44.334131,41.711617],[44.334241,41.711527],[44.33451,41.711299],[44.334604,41.711216],[44.334696,41.711131],[44.334787,41.711045],[44.334875,41.710957],[44.33496,41.710868],[44.335043,41.710779],[44.335124,41.710688],[44.335201,41.710597],[44.335275,41.710506],[44.335346,41.710414],[44.335414,41.710321],[44.335479,41.710229],[44.33554,41.710137],[44.335598,41.710045],[44.335652,41.709953],[44.335702,41.709861],[44.335743,41.709781],[44.335781,41.709699],[44.335816,41.709613],[44.335849,41.709525],[44.33588,41.709433],[44.335908,41.709338],[44.335935,41.709238],[44.335959,41.709134],[44.335995,41.70895],[44.336029,41.708744],[44.336056,41.708545],[44.336116,41.708063],[44.336152,41.707818],[44.336174,41.707665],[44.336193,41.707504],[44.336208,41.707335],[44.33622,41.707154],[44.336233,41.706815],[44.336245,41.706215],[44.336251,41.705989],[44.336261,41.705764],[44.336274,41.705561],[44.336295,41.705346],[44.336322,41.705144],[44.336356,41.704953],[44.336397,41.70477],[44.336437,41.704616],[44.336483,41.704457],[44.336533,41.704292],[44.33659,41.704119],[44.336651,41.70394],[44.33672,41.703748],[44.336894,41.703289],[44.33696,41.703114],[44.337154,41.702578],[44.33722,41.702409],[44.337284,41.702259],[44.33736,41.702097]]]}},{"type":"Feature","properties":{"Zone":"მევენახეობის ზონა","Color":"#A0CF6B","isBg":false,"Area_km2":511.96},"geometry":{"type":"Polygon","coordinates":[[[44.364819,41.361262],[44.36252,41.359358],[44.361905,41.358763],[44.361453,41.358268],[44.359483,41.356033],[44.359138,41.355599],[44.358042,41.354009],[44.357882,41.353714],[44.357752,41.353402],[44.357572,41.352786],[44.356883,41.349846],[44.35683,41.349554],[44.356782,41.348993],[44.356876,41.347568],[44.356933,41.347155],[44.357051,41.346676],[44.357222,41.346264],[44.357706,41.345497],[44.358225,41.344804],[44.358996,41.343879],[44.359268,41.343607],[44.359688,41.343288],[44.360849,41.34256],[44.361105,41.342424],[44.361632,41.342225],[44.362302,41.342048],[44.362525,41.342006],[44.36289,41.341957],[44.363245,41.341937],[44.364995,41.342027],[44.365317,41.34206],[44.365679,41.342119],[44.366181,41.342247],[44.366565,41.342361],[44.36749,41.342787],[44.368545,41.343355],[44.368756,41.343491],[44.370704,41.344757],[44.37826,41.350066],[44.383603,41.353746],[44.3879,41.356234],[44.389902,41.357235],[44.392294,41.358301],[44.392747,41.358469],[44.394504,41.358994],[44.395458,41.35925],[44.396055,41.359368],[44.396411,41.359416],[44.397787,41.359519],[44.398969,41.359578],[44.400154,41.359574],[44.40069,41.359547],[44.401263,41.359489],[44.401869,41.359423],[44.403089,41.35922],[44.403729,41.359088],[44.404022,41.359009],[44.405107,41.358646],[44.40658,41.358082],[44.411669,41.356091],[44.414324,41.355052],[44.414823,41.354874],[44.415105,41.35479],[44.416621,41.354496],[44.418208,41.354258],[44.418466,41.354235],[44.419366,41.354207],[44.420887,41.35422],[44.421113,41.35423],[44.42253,41.354332],[44.423427,41.354519],[44.424368,41.354788],[44.424788,41.354948],[44.425167,41.355122],[44.425432,41.355269],[44.426089,41.35572],[44.426759,41.356244],[44.427331,41.356794],[44.427442,41.356927],[44.427523,41.357103],[44.427618,41.357437],[44.427668,41.357663],[44.427717,41.35792],[44.427793,41.358324],[44.427808,41.35857],[44.427834,41.359002],[44.427832,41.359218],[44.427792,41.359932],[44.427704,41.360662],[44.427478,41.362496],[44.42708,41.365718],[44.426816,41.368265],[44.426663,41.370734],[44.426662,41.371446],[44.426687,41.372481],[44.426804,41.374412],[44.427043,41.376778],[44.427619,41.380407],[44.427939,41.38213],[44.428047,41.382659],[44.428154,41.383038],[44.428475,41.384185],[44.428855,41.385436],[44.430717,41.390323],[44.431319,41.391824],[44.432167,41.39384],[44.432577,41.394752],[44.433214,41.39588],[44.433884,41.397015],[44.436738,41.401661],[44.437445,41.402745],[44.437745,41.403174],[44.440348,41.40683],[44.44117,41.40788],[44.441999,41.408856],[44.443579,41.410577],[44.444613,41.41156],[44.445513,41.412349],[44.445873,41.412634],[44.447116,41.413514],[44.44789,41.413991],[44.448491,41.414323],[44.450431,41.415233],[44.450858,41.415401],[44.451318,41.415546],[44.452134,41.415777],[44.454212,41.416285],[44.454476,41.416344],[44.454812,41.416402],[44.455206,41.416436],[44.455698,41.416457],[44.454601,41.415179],[44.452979,41.413425],[44.450666,41.410924],[44.450447,41.41065],[44.450229,41.410281],[44.450137,41.410043],[44.450112,41.409735],[44.450223,41.40918],[44.450288,41.409008],[44.450359,41.408877],[44.450613,41.40854],[44.450825,41.408303],[44.451136,41.407991],[44.451548,41.407602],[44.451737,41.407499],[44.451829,41.407475],[44.452043,41.407484],[44.453076,41.407669],[44.453191,41.407689],[44.454098,41.407805],[44.45442,41.407829],[44.454968,41.407822],[44.455175,41.407789],[44.455306,41.407734],[44.455467,41.40764],[44.455529,41.40758],[44.455595,41.407463],[44.45562,41.407345],[44.455627,41.407124],[44.45551,41.406688],[44.455416,41.406444],[44.455223,41.406089],[44.455084,41.40587],[44.454946,41.405711],[44.454464,41.405311],[44.454156,41.405139],[44.453701,41.404911],[44.453432,41.404794],[44.453004,41.404609],[44.452585,41.404427],[44.452361,41.404293],[44.452254,41.404155],[44.452195,41.404043],[44.452166,41.403909],[44.452188,41.403756],[44.45223,41.403646],[44.452365,41.403499],[44.452474,41.403415],[44.452633,41.403343],[44.452745,41.403298],[44.453016,41.403237],[44.453299,41.4032],[44.453622,41.403167],[44.453624,41.403167],[44.454027,41.403184],[44.454345,41.403225],[44.456312,41.403704],[44.456489,41.403752],[44.456778,41.403813],[44.45701,41.403837],[44.45777,41.403861],[44.458153,41.403855],[44.458367,41.403838],[44.458678,41.403804],[44.460758,41.403438],[44.461221,41.403357],[44.461536,41.403328],[44.462486,41.403284],[44.462974,41.403315],[44.463213,41.403343],[44.463371,41.403376],[44.463531,41.403431],[44.464237,41.40373],[44.46463,41.403897],[44.463931,41.403287],[44.463668,41.403078],[44.463092,41.402661],[44.461368,41.401481],[44.459095,41.399983],[44.457436,41.398814],[44.45587,41.397643],[44.455224,41.397104],[44.454393,41.396303],[44.454075,41.395961],[44.453798,41.395607],[44.453491,41.395108],[44.453465,41.395058],[44.45282,41.393709],[44.452668,41.393317],[44.452507,41.392828],[44.452224,41.391738],[44.452145,41.391345],[44.452111,41.391006],[44.452162,41.390238],[44.452206,41.389836],[44.452277,41.389464],[44.452348,41.389191],[44.4524,41.389048],[44.452528,41.388757],[44.452784,41.388308],[44.452929,41.388088],[44.453135,41.387832],[44.453491,41.387472],[44.454095,41.387013],[44.454365,41.386842],[44.454766,41.386632],[44.45524,41.38645],[44.455327,41.386424],[44.456234,41.386181],[44.45645,41.38614],[44.456641,41.386115],[44.456928,41.386096],[44.457311,41.386093],[44.458568,41.386183],[44.459103,41.386239],[44.459505,41.386308],[44.459932,41.386422],[44.460297,41.386543],[44.462012,41.387186],[44.462364,41.387335],[44.462801,41.387558],[44.463654,41.38806],[44.466811,41.390173],[44.468771,41.391546],[44.471455,41.39352],[44.473441,41.395131],[44.474519,41.396067],[44.475729,41.397274],[44.47776,41.39938],[44.479143,41.400996],[44.479614,41.401613],[44.480095,41.402353],[44.480526,41.403091],[44.480947,41.403882],[44.481421,41.403798],[44.481583,41.403781],[44.481753,41.403765],[44.482602,41.403757],[44.483071,41.403768],[44.483375,41.4038],[44.483675,41.403856],[44.483939,41.403923],[44.484357,41.404048],[44.484682,41.404186],[44.48583,41.404777],[44.488872,41.406323],[44.492944,41.408328],[44.493161,41.408425],[44.493419,41.408513],[44.493667,41.408546],[44.494084,41.408555],[44.494244,41.40855],[44.494447,41.408516],[44.494597,41.408463],[44.494822,41.408348],[44.4977,41.406618],[44.497814,41.406571],[44.497888,41.406541],[44.498069,41.406504],[44.498266,41.4065],[44.498767,41.406533],[44.498901,41.406553],[44.499059,41.406598],[44.499164,41.406658],[44.49974,41.407172],[44.499876,41.407316],[44.500271,41.407736],[44.50034,41.407777],[44.500443,41.407819],[44.500655,41.407878],[44.501036,41.407945],[44.501282,41.407975],[44.501552,41.407983],[44.501766,41.407966],[44.50194,41.407905],[44.503048,41.407334],[44.503136,41.407295],[44.503263,41.407253],[44.504337,41.407066],[44.504807,41.406993],[44.504907,41.406948],[44.504989,41.406805],[44.505003,41.406577],[44.504962,41.406371],[44.504904,41.406208],[44.504803,41.406057],[44.504726,41.405983],[44.503868,41.405392],[44.50367,41.405238],[44.503581,41.405131],[44.503552,41.405072],[44.503508,41.404903],[44.503508,41.404765],[44.503508,41.404681],[44.503584,41.404416],[44.503632,41.404319],[44.503709,41.404239],[44.505019,41.40328],[44.505273,41.403045],[44.505516,41.402792],[44.505654,41.402602],[44.505782,41.402376],[44.505887,41.402141],[44.506092,41.401584],[44.506195,41.401269],[44.506304,41.40106],[44.506764,41.400594],[44.506822,41.400444],[44.506839,41.40033],[44.506842,41.400226],[44.506789,41.40008],[44.50675,41.400023],[44.506516,41.399901],[44.50639,41.399852],[44.506133,41.399738],[44.506026,41.399641],[44.505937,41.399542],[44.505899,41.399429],[44.505907,41.399333],[44.505985,41.399231],[44.506104,41.399141],[44.506206,41.399112],[44.507756,41.398892],[44.507965,41.398858],[44.508147,41.39882],[44.508241,41.398797],[44.508377,41.398717],[44.508443,41.398652],[44.508477,41.398598],[44.508514,41.398502],[44.508573,41.398239],[44.508599,41.397983],[44.508605,41.397786],[44.508575,41.397469],[44.508531,41.397315],[44.508462,41.397139],[44.508344,41.396931],[44.508255,41.396817],[44.508032,41.396591],[44.507813,41.396393],[44.506968,41.395875],[44.506785,41.395775],[44.506508,41.395648],[44.506191,41.39553],[44.505693,41.395365],[44.503373,41.394637],[44.502733,41.394436],[44.502318,41.394296],[44.50194,41.394153],[44.501686,41.394022],[44.501459,41.39387],[44.501384,41.393799],[44.501333,41.393734],[44.501284,41.393652],[44.501202,41.393467],[44.501166,41.393308],[44.501151,41.392947],[44.501236,41.391871],[44.501267,41.390821],[44.501255,41.390031],[44.501207,41.389633],[44.501132,41.389232],[44.501076,41.389039],[44.500774,41.38851],[44.500686,41.388389],[44.50057,41.38826],[44.500175,41.387886],[44.499208,41.38704],[44.499089,41.386943],[44.498959,41.386862],[44.498855,41.386822],[44.498699,41.386793],[44.498477,41.386803],[44.498368,41.386846],[44.498266,41.386902],[44.498173,41.387002],[44.498106,41.38712],[44.498051,41.387451],[44.498026,41.388634],[44.497987,41.388789],[44.497934,41.388874],[44.497838,41.388999],[44.497681,41.389119],[44.497512,41.389206],[44.496901,41.389466],[44.496652,41.389527],[44.496424,41.389541],[44.496208,41.38954],[44.49596,41.389509],[44.495855,41.389482],[44.49574,41.389429],[44.495655,41.389341],[44.495621,41.389264],[44.495222,41.387985],[44.49504,41.387403],[44.494975,41.387318],[44.494857,41.387221],[44.494664,41.387129],[44.494547,41.387095],[44.493904,41.386972],[44.493017,41.386785],[44.492445,41.386643],[44.492236,41.38658],[44.491975,41.38648],[44.491609,41.386291],[44.491193,41.386006],[44.490991,41.385826],[44.490762,41.385574],[44.490569,41.385252],[44.490405,41.384868],[44.490285,41.384528],[44.490108,41.383913],[44.489946,41.383432],[44.489874,41.383316],[44.489802,41.383213],[44.489688,41.383089],[44.488735,41.382393],[44.488524,41.382177],[44.488379,41.381985],[44.488324,41.381785],[44.488328,41.381659],[44.488368,41.381459],[44.488406,41.381331],[44.488471,41.381229],[44.488534,41.381147],[44.488651,41.381005],[44.488903,41.380811],[44.489126,41.380695],[44.489198,41.380666],[44.489666,41.380572],[44.489988,41.38056],[44.490128,41.380555],[44.490289,41.380559],[44.490491,41.380591],[44.490719,41.380666],[44.490997,41.3808],[44.491178,41.380909],[44.491613,41.381191],[44.491922,41.381391],[44.492777,41.3819],[44.493261,41.382142],[44.494196,41.382498],[44.494627,41.3826],[44.494961,41.382654],[44.495363,41.382693],[44.49624,41.382711],[44.496374,41.382714],[44.496983,41.382684],[44.497271,41.382617],[44.497454,41.382555],[44.497554,41.382499],[44.497673,41.382403],[44.497763,41.382308],[44.497847,41.382195],[44.497964,41.381817],[44.49804,41.381387],[44.498084,41.380405],[44.498151,41.379782],[44.498201,41.379585],[44.498237,41.379526],[44.498384,41.379337],[44.499196,41.378711],[44.499328,41.37857],[44.499373,41.378458],[44.499365,41.37827],[44.499283,41.378121],[44.4992,41.378047],[44.498711,41.37785],[44.498284,41.377628],[44.4982,41.377556],[44.498086,41.377389],[44.498053,41.377272],[44.498049,41.377139],[44.498072,41.377048],[44.4981,41.376967],[44.498214,41.376802],[44.499036,41.375863],[44.499261,41.375606],[44.49936,41.375449],[44.499434,41.375278],[44.499459,41.375084],[44.499427,41.374998],[44.499373,41.374902],[44.499278,41.374815],[44.499152,41.374767],[44.498922,41.374738],[44.498651,41.374742],[44.497969,41.374753],[44.497121,41.374766],[44.496949,41.37475],[44.496719,41.374694],[44.496009,41.374424],[44.494827,41.373909],[44.494619,41.373778],[44.494439,41.373641],[44.494362,41.37353],[44.494344,41.373404],[44.494368,41.373306],[44.494448,41.373213],[44.494653,41.373067],[44.494862,41.372978],[44.495345,41.372809],[44.495694,41.372715],[44.495846,41.372686],[44.49641,41.372586],[44.496893,41.3725],[44.49706,41.372466],[44.497186,41.372414],[44.497267,41.372335],[44.497363,41.372032],[44.497431,41.371854],[44.497578,41.371473],[44.497787,41.370943],[44.497922,41.370696],[44.498081,41.370488],[44.498366,41.370196],[44.498693,41.369901],[44.498823,41.369707],[44.498945,41.369479],[44.499002,41.369193],[44.499058,41.368567],[44.499031,41.368269],[44.498952,41.368068],[44.498869,41.367935],[44.498783,41.367845],[44.498589,41.367733],[44.498401,41.367686],[44.498176,41.367662],[44.497214,41.367636],[44.494748,41.367476],[44.494551,41.367453],[44.494416,41.367412],[44.493486,41.366885],[44.493371,41.366835],[44.49312,41.366771],[44.492967,41.366753],[44.49274,41.366752],[44.492558,41.366755],[44.490916,41.367012],[44.490061,41.36712],[44.489727,41.36715],[44.489135,41.367172],[44.488773,41.367155],[44.488308,41.367112],[44.48781,41.36702],[44.486827,41.36674],[44.486627,41.366665],[44.486501,41.366601],[44.486077,41.366354],[44.485883,41.366174],[44.485764,41.366001],[44.485747,41.365922],[44.485754,41.365864],[44.485845,41.365706],[44.485918,41.365642],[44.48608,41.365575],[44.486756,41.365528],[44.488338,41.365416],[44.488599,41.365384],[44.488793,41.365333],[44.488909,41.365284],[44.489678,41.364847],[44.490764,41.36431],[44.49091,41.364261],[44.491663,41.364043],[44.492929,41.363525],[44.494356,41.362941],[44.495027,41.362723],[44.495495,41.362616],[44.495873,41.362569],[44.496366,41.362557],[44.496728,41.362565],[44.497186,41.362613],[44.497775,41.362721],[44.498393,41.362933],[44.498562,41.363013],[44.498643,41.363055],[44.498916,41.363239],[44.499049,41.363347],[44.499446,41.363742],[44.500398,41.364774],[44.500518,41.364858],[44.500765,41.364986],[44.500889,41.36503],[44.501184,41.365118],[44.501518,41.36518],[44.501825,41.365212],[44.502078,41.365227],[44.504252,41.365236],[44.506024,41.365258],[44.505604,41.362361],[44.505467,41.360062],[44.50537,41.356376],[44.505377,41.35505],[44.505682,41.35058],[44.505924,41.348755],[44.506533,41.345812],[44.506806,41.344688],[44.507189,41.343366],[44.507408,41.342678],[44.507697,41.341845],[44.508707,41.339216],[44.50875,41.33912],[44.509044,41.338535],[44.509792,41.337203],[44.510945,41.33522],[44.512119,41.333422],[44.512611,41.332755],[44.513028,41.332252],[44.513693,41.331577],[44.514395,41.330942],[44.514826,41.330598],[44.515089,41.330413],[44.515835,41.329937],[44.516239,41.329707],[44.516825,41.329424],[44.517924,41.328935],[44.518165,41.32884],[44.51828,41.328799],[44.518645,41.3287],[44.518932,41.32863],[44.519494,41.328514],[44.51994,41.328427],[44.520312,41.328366],[44.520759,41.328317],[44.521105,41.328292],[44.521457,41.328285],[44.522122,41.3283],[44.523036,41.328356],[44.523188,41.328371],[44.523893,41.328478],[44.524562,41.328609],[44.525021,41.328725],[44.525353,41.328831],[44.525728,41.328976],[44.526241,41.329216],[44.526794,41.329529],[44.527079,41.329709],[44.527378,41.329933],[44.527598,41.330131],[44.527986,41.330564],[44.528155,41.330809],[44.528291,41.331038],[44.528371,41.33121],[44.528485,41.331609],[44.528629,41.332514],[44.528668,41.333106],[44.528656,41.333486],[44.528613,41.333766],[44.528473,41.33439],[44.52838,41.334722],[44.528307,41.334936],[44.528018,41.3356],[44.527669,41.336185],[44.526279,41.338369],[44.525983,41.338814],[44.525451,41.339626],[44.524158,41.341694],[44.524005,41.341977],[44.523869,41.342286],[44.523598,41.343075],[44.523403,41.34373],[44.523335,41.344016],[44.523318,41.344146],[44.523248,41.344751],[44.523207,41.345373],[44.523212,41.34578],[44.523243,41.345992],[44.523305,41.346189],[44.523892,41.347541],[44.524058,41.347816],[44.524225,41.348021],[44.52448,41.348291],[44.525076,41.34885],[44.52566,41.349342],[44.525972,41.349564],[44.526255,41.349737],[44.527081,41.350171],[44.527827,41.350515],[44.528441,41.350764],[44.528828,41.350886],[44.529476,41.351056],[44.530175,41.351229],[44.531187,41.351458],[44.531693,41.351572],[44.532916,41.351779],[44.533214,41.351822],[44.533867,41.351909],[44.534775,41.352024],[44.53578,41.352122],[44.536878,41.352204],[44.537135,41.352216],[44.539142,41.35225],[44.542977,41.352243],[44.54296,41.354622],[44.542995,41.355081],[44.543068,41.355566],[44.543168,41.356151],[44.543444,41.357549],[44.543573,41.358039],[44.543671,41.358329],[44.54387,41.358763],[44.544077,41.35915],[44.544249,41.359437],[44.545314,41.361134],[44.545759,41.361771],[44.546324,41.362453],[44.546396,41.362533],[44.547403,41.363559],[44.547938,41.364043],[44.548368,41.364383],[44.550454,41.365794],[44.551031,41.366136],[44.551822,41.366536],[44.553313,41.367141],[44.555147,41.367793],[44.555803,41.367991],[44.556272,41.368102],[44.556982,41.368205],[44.557968,41.368321],[44.559271,41.368426],[44.560367,41.368473],[44.56145,41.36846],[44.562148,41.368433],[44.562894,41.368391],[44.563202,41.368362],[44.563353,41.368345],[44.563577,41.368308],[44.563745,41.36827],[44.563928,41.368203],[44.564159,41.3681],[44.564614,41.367819],[44.565668,41.367022],[44.565959,41.366767],[44.566167,41.366534],[44.566302,41.366362],[44.566436,41.366161],[44.566507,41.366034],[44.566864,41.36528],[44.566941,41.365088],[44.56701,41.364857],[44.567022,41.364645],[44.566995,41.364238],[44.566736,41.362798],[44.566637,41.36242],[44.566463,41.361955],[44.566288,41.361577],[44.565791,41.360635],[44.56553,41.360234],[44.564,41.358137],[44.563592,41.35751],[44.56291,41.356304],[44.562508,41.355478],[44.562237,41.35485],[44.562208,41.354767],[44.562094,41.354381],[44.56202,41.354097],[44.561956,41.353823],[44.561884,41.353469],[44.561843,41.353183],[44.56183,41.353027],[44.561829,41.352775],[44.561845,41.352565],[44.56188,41.352313],[44.561907,41.352211],[44.56195,41.352106],[44.562039,41.352024],[44.562199,41.351948],[44.562284,41.351924],[44.562443,41.351907],[44.562793,41.351885],[44.563385,41.35187],[44.564807,41.351878],[44.564951,41.351883],[44.565456,41.351916],[44.566026,41.35198],[44.566658,41.35207],[44.566753,41.352086],[44.56725,41.352182],[44.567609,41.352273],[44.568022,41.352416],[44.569555,41.353185],[44.571361,41.354241],[44.572149,41.354754],[44.577164,41.358486],[44.578759,41.359619],[44.580624,41.360847],[44.581273,41.361234],[44.582504,41.361905],[44.584972,41.363074],[44.588426,41.364365],[44.589847,41.364857],[44.590717,41.365111],[44.591932,41.36542],[44.59447,41.366007],[44.597649,41.365974],[44.597946,41.365939],[44.598961,41.365792],[44.60058,41.365533],[44.601613,41.365325],[44.603973,41.364791],[44.604351,41.364732],[44.604536,41.364723],[44.604793,41.364738],[44.604936,41.364774],[44.605071,41.364832],[44.605686,41.365116],[44.605891,41.365199],[44.606081,41.365237],[44.606234,41.365234],[44.606409,41.365213],[44.606815,41.365015],[44.606945,41.364899],[44.607039,41.36477],[44.607129,41.364576],[44.607193,41.364289],[44.607251,41.363768],[44.607244,41.363617],[44.607226,41.363184],[44.607183,41.362938],[44.607137,41.36287],[44.606181,41.362016],[44.605958,41.361762],[44.605832,41.361577],[44.605728,41.361327],[44.605647,41.361001],[44.605621,41.360854],[44.605615,41.360645],[44.605553,41.360077],[44.605518,41.359924],[44.605413,41.359665],[44.605297,41.359466],[44.605137,41.35924],[44.604362,41.358337],[44.604285,41.35821],[44.6042,41.358002],[44.604168,41.357896],[44.604089,41.357387],[44.604035,41.356253],[44.604022,41.354751],[44.604062,41.354363],[44.604128,41.354104],[44.604229,41.353896],[44.604296,41.35379],[44.605093,41.352961],[44.605257,41.352782],[44.605286,41.352658],[44.605276,41.352569],[44.60522,41.352407],[44.605084,41.352132],[44.604936,41.351832],[44.604823,41.351559],[44.604804,41.351278],[44.604898,41.351094],[44.604985,41.351],[44.605195,41.350892],[44.605355,41.350845],[44.605516,41.350817],[44.60813,41.350758],[44.608225,41.350512],[44.608442,41.350051],[44.608793,41.349459],[44.609027,41.349123],[44.609458,41.348576],[44.610477,41.347422],[44.610773,41.347113],[44.610718,41.347024],[44.610483,41.346781],[44.609934,41.346323],[44.608494,41.345285],[44.608233,41.345022],[44.60813,41.344861],[44.608026,41.344591],[44.607947,41.344216],[44.607921,41.343891],[44.607968,41.343655],[44.608007,41.343538],[44.608138,41.3433],[44.608595,41.342677],[44.60873,41.342493],[44.608898,41.34222],[44.608973,41.34202],[44.609085,41.341368],[44.609063,41.341119],[44.608995,41.34094],[44.60886,41.340803],[44.608695,41.340769],[44.608589,41.340753],[44.608403,41.340737],[44.608236,41.340749],[44.608075,41.340772],[44.607886,41.340819],[44.607647,41.340895],[44.607101,41.341095],[44.605925,41.341523],[44.605721,41.341577],[44.605469,41.341634],[44.604626,41.341804],[44.604148,41.341855],[44.603581,41.341879],[44.603141,41.341847],[44.602781,41.341717],[44.602492,41.341552],[44.602379,41.341436],[44.602119,41.340964],[44.602028,41.340712],[44.601841,41.339982],[44.601298,41.336699],[44.601239,41.336448],[44.601142,41.336226],[44.601038,41.336074],[44.600883,41.335942],[44.60055,41.335737],[44.600315,41.335626],[44.60021,41.335623],[44.600141,41.335643],[44.60004,41.335695],[44.599756,41.335927],[44.599246,41.336493],[44.599078,41.336602],[44.598858,41.336632],[44.598588,41.336609],[44.59715,41.336151],[44.596959,41.336028],[44.596733,41.335775],[44.595838,41.334387],[44.595612,41.334025],[44.595459,41.333849],[44.595249,41.333658],[44.595032,41.333516],[44.594834,41.333443],[44.594187,41.333322],[44.593387,41.333188],[44.589424,41.332605],[44.588482,41.332474],[44.583346,41.331759],[44.583098,41.331758],[44.58284,41.331805],[44.582667,41.331857],[44.582514,41.331921],[44.582377,41.332038],[44.58225,41.332169],[44.582072,41.332426],[44.581898,41.332775],[44.581533,41.333542],[44.580708,41.335273],[44.580417,41.335666],[44.580035,41.336034],[44.579664,41.336292],[44.579364,41.336443],[44.579256,41.336477],[44.578999,41.336507],[44.577994,41.336538],[44.577466,41.336489],[44.577128,41.336403],[44.576783,41.336284],[44.576046,41.335829],[44.575728,41.335634],[44.575129,41.335264],[44.57493,41.335095],[44.574765,41.334917],[44.574538,41.334512],[44.574428,41.334233],[44.574379,41.333808],[44.574431,41.333258],[44.574553,41.332929],[44.574692,41.332687],[44.575165,41.332172],[44.576707,41.330491],[44.576856,41.330307],[44.577423,41.329524],[44.577639,41.329178],[44.578241,41.3281],[44.578716,41.327163],[44.578885,41.326751],[44.578995,41.326365],[44.57903,41.326171],[44.57905,41.325954],[44.579061,41.322667],[44.579113,41.322263],[44.579169,41.322077],[44.579307,41.321814],[44.579442,41.321685],[44.579566,41.3216],[44.579794,41.321464],[44.580114,41.321338],[44.580489,41.321245],[44.581004,41.321158],[44.581244,41.32115],[44.581419,41.321151],[44.581722,41.32117],[44.581938,41.321201],[44.58245,41.321395],[44.582741,41.321554],[44.58314,41.321881],[44.584211,41.323048],[44.584403,41.323216],[44.584683,41.323415],[44.58555,41.323893],[44.587799,41.324859],[44.588304,41.325035],[44.589733,41.32551],[44.590269,41.325673],[44.591691,41.326095],[44.592774,41.326336],[44.593281,41.326406],[44.593972,41.326475],[44.594501,41.326491],[44.594931,41.326485],[44.595213,41.326443],[44.595562,41.326369],[44.595846,41.32628],[44.596278,41.326101],[44.596522,41.325963],[44.596707,41.325838],[44.596946,41.325628],[44.597098,41.325401],[44.597116,41.325261],[44.59711,41.325173],[44.59705,41.32497],[44.596969,41.324864],[44.596817,41.324747],[44.596701,41.324683],[44.596554,41.324625],[44.596382,41.324567],[44.594889,41.324339],[44.594184,41.324176],[44.59378,41.324038],[44.593752,41.324021],[44.593548,41.323886],[44.59338,41.32374],[44.592815,41.323051],[44.59259,41.322853],[44.592331,41.322682],[44.59193,41.322452],[44.588504,41.320851],[44.587865,41.320553],[44.586753,41.319951],[44.5859,41.319408],[44.584999,41.31868],[44.584421,41.318127],[44.584113,41.317784],[44.583756,41.317303],[44.583551,41.316948],[44.583388,41.31659],[44.583294,41.31633],[44.583162,41.315777],[44.5831,41.315244],[44.5831,41.315013],[44.583134,41.314649],[44.583197,41.314543],[44.58337,41.314393],[44.583584,41.314295],[44.583712,41.314248],[44.583942,41.314187],[44.584288,41.314131],[44.584982,41.314103],[44.585592,41.314096],[44.587289,41.314185],[44.587733,41.314234],[44.588059,41.314299],[44.588271,41.314369],[44.588702,41.314603],[44.588724,41.314622],[44.588494,41.314006],[44.58826,41.313159],[44.58818,41.312686],[44.588174,41.31224],[44.588234,41.31177],[44.588391,41.311332],[44.588586,41.310963],[44.588834,41.310659],[44.589504,41.310061],[44.590306,41.309448],[44.590877,41.309065],[44.591333,41.308816],[44.592436,41.308273],[44.592857,41.308102],[44.593368,41.30794],[44.59395,41.307813],[44.595557,41.307525],[44.596194,41.307465],[44.596588,41.307452],[44.599017,41.307526],[44.599687,41.307577],[44.600762,41.307679],[44.603774,41.308199],[44.605312,41.308514],[44.608113,41.309097],[44.613189,41.310253],[44.614914,41.310683],[44.619593,41.311974],[44.62159,41.312627],[44.623368,41.313322],[44.623871,41.313563],[44.624198,41.313744],[44.624533,41.313961],[44.625351,41.314668],[44.625562,41.314882],[44.626281,41.315782],[44.6265,41.316096],[44.626707,41.316452],[44.627037,41.317254],[44.62725,41.317914],[44.627689,41.319445],[44.627812,41.319947],[44.628028,41.321148],[44.628363,41.323516],[44.628668,41.325355],[44.628852,41.326199],[44.629046,41.326919],[44.629574,41.32854],[44.629806,41.32904],[44.630558,41.330488],[44.632202,41.333236],[44.632938,41.334249],[44.63505,41.336647],[44.636361,41.338035],[44.63679,41.338452],[44.637614,41.339118],[44.640116,41.340969],[44.642255,41.34247],[44.643098,41.342989],[44.643896,41.343424],[44.645928,41.344413],[44.647137,41.344949],[44.648232,41.345364],[44.651517,41.346457],[44.653473,41.347048],[44.658759,41.348974],[44.660262,41.349585],[44.663123,41.350871],[44.66407,41.351361],[44.664584,41.351659],[44.665159,41.35203],[44.665687,41.352404],[44.670039,41.355663],[44.671829,41.357004],[44.672657,41.357584],[44.675361,41.359352],[44.678425,41.361083],[44.679451,41.36162],[44.681338,41.362487],[44.683979,41.363564],[44.684728,41.363838],[44.688666,41.365078],[44.690799,41.365691],[44.693827,41.366429],[44.694535,41.366587],[44.694945,41.366654],[44.69544,41.366712],[44.695867,41.366744],[44.69727,41.366789],[44.698671,41.366792],[44.699149,41.366773],[44.699499,41.366724],[44.70015,41.366594],[44.701699,41.366193],[44.701987,41.366092],[44.702752,41.365789],[44.705416,41.36471],[44.705543,41.364658],[44.706784,41.364198],[44.707699,41.36388],[44.708711,41.363578],[44.710172,41.363227],[44.711351,41.362981],[44.711741,41.362918],[44.712378,41.362886],[44.713239,41.362862],[44.716945,41.362849],[44.71758,41.362862],[44.718318,41.362886],[44.723458,41.363296],[44.72464,41.363405],[44.72557,41.363537],[44.726401,41.363693],[44.728468,41.364234],[44.728836,41.364348],[44.729184,41.364482],[44.729468,41.364619],[44.734667,41.367556],[44.734917,41.367709],[44.735076,41.367779],[44.735497,41.367951],[44.736172,41.368172],[44.736291,41.368207],[44.736437,41.368239],[44.736682,41.36828],[44.736842,41.368302],[44.737133,41.368321],[44.7372,41.368323],[44.737522,41.368321],[44.737627,41.368314],[44.737798,41.368299],[44.738094,41.368236],[44.738262,41.368179],[44.738416,41.36812],[44.738758,41.367922],[44.738837,41.36787],[44.739005,41.367748],[44.739183,41.367577],[44.739433,41.367296],[44.739545,41.367112],[44.739736,41.366648],[44.739867,41.366167],[44.739903,41.365973],[44.739978,41.365355],[44.740023,41.364585],[44.740025,41.364143],[44.73999,41.363606],[44.739944,41.363146],[44.739908,41.36298],[44.739769,41.362456],[44.739654,41.362134],[44.739163,41.361046],[44.739005,41.360771],[44.73793,41.359391],[44.737498,41.358893],[44.736727,41.358121],[44.736089,41.357549],[44.733138,41.355183],[44.732325,41.354531],[44.729913,41.352551],[44.72863,41.351411],[44.728027,41.350792],[44.726985,41.349575],[44.726202,41.348465],[44.725773,41.347781],[44.725238,41.346741],[44.724487,41.344773],[44.723968,41.343169],[44.723657,41.341802],[44.723537,41.341086],[44.723444,41.340175],[44.723495,41.338644],[44.723566,41.337629],[44.723674,41.336805],[44.723901,41.335764],[44.724319,41.334235],[44.724519,41.333647],[44.725119,41.332167],[44.725458,41.331475],[44.726342,41.329882],[44.727708,41.327971],[44.728765,41.326723],[44.729506,41.325944],[44.731044,41.324551],[44.732636,41.323405],[44.733671,41.322728],[44.734236,41.322396],[44.735801,41.321571],[44.73707,41.320966],[44.737904,41.320614],[44.738819,41.320315],[44.743435,41.31913],[44.744032,41.319006],[44.746454,41.31859],[44.754733,41.317311],[44.758347,41.316611],[44.759467,41.316352],[44.760336,41.31612],[44.760935,41.315934],[44.762014,41.315539],[44.763172,41.315026],[44.763946,41.31464],[44.764427,41.314368],[44.765026,41.313982],[44.765709,41.313493],[44.766177,41.313112],[44.767055,41.312287],[44.767887,41.311398],[44.768383,41.310796],[44.769084,41.30985],[44.769939,41.30843],[44.770129,41.308051],[44.770209,41.307824],[44.770284,41.307496],[44.770319,41.307102],[44.770346,41.306206],[44.77035,41.305258],[44.770296,41.304734],[44.770192,41.304306],[44.769929,41.303657],[44.769851,41.303511],[44.769678,41.303253],[44.769528,41.303061],[44.769022,41.302558],[44.768231,41.301902],[44.766251,41.300382],[44.763349,41.298181],[44.762376,41.297332],[44.760967,41.295947],[44.760176,41.29504],[44.758799,41.293153],[44.75802,41.292009],[44.757821,41.29169],[44.756775,41.289851],[44.755083,41.286791],[44.754683,41.286023],[44.75227,41.2817],[44.749588,41.27696],[44.749038,41.275989],[44.748045,41.274119],[44.74716,41.272239],[44.74693,41.271679],[44.746861,41.27146],[44.746788,41.271085],[44.746744,41.270612],[44.74679,41.269816],[44.746834,41.269461],[44.746945,41.269003],[44.747329,41.267963],[44.747556,41.267476],[44.747771,41.267106],[44.748492,41.266026],[44.749102,41.265256],[44.749289,41.265058],[44.751929,41.262591],[44.753035,41.261702],[44.76102,41.254973],[44.765312,41.251027],[44.766023,41.250297],[44.766735,41.249482],[44.766999,41.24914],[44.767333,41.248668],[44.767564,41.248297],[44.767787,41.247871],[44.767932,41.247495],[44.768084,41.246644],[44.768115,41.246373],[44.768122,41.246163],[44.76812,41.245952],[44.768065,41.245047],[44.767967,41.244611],[44.767848,41.244261],[44.767461,41.243652],[44.766774,41.24287],[44.766399,41.242512],[44.765481,41.241815],[44.764379,41.241111],[44.763956,41.240889],[44.763493,41.240689],[44.762946,41.240496],[44.760901,41.239873],[44.759141,41.239409],[44.756074,41.238679],[44.750454,41.237476],[44.741561,41.235727],[44.730567,41.233736],[44.72993,41.235023],[44.729873,41.23517],[44.72978,41.235488],[44.729624,41.236165],[44.729569,41.236592],[44.729559,41.236791],[44.729569,41.237028],[44.729608,41.237421],[44.729703,41.237922],[44.729781,41.238195],[44.730047,41.23892],[44.730429,41.239766],[44.730642,41.240142],[44.730694,41.240222],[44.730907,41.240474],[44.731138,41.240685],[44.731612,41.241058],[44.732653,41.241725],[44.732864,41.241847],[44.734208,41.242626],[44.734316,41.242703],[44.734401,41.242791],[44.734459,41.242902],[44.734514,41.243039],[44.734543,41.243146],[44.734663,41.243737],[44.734672,41.243832],[44.73468,41.243996],[44.734652,41.244428],[44.734632,41.244569],[44.734537,41.245024],[44.734469,41.245228],[44.73438,41.2454],[44.734027,41.245862],[44.733813,41.246102],[44.73358,41.246332],[44.73342,41.246471],[44.732771,41.246966],[44.732351,41.24723],[44.73206,41.247413],[44.731232,41.247853],[44.731038,41.247943],[44.730696,41.248072],[44.730438,41.248141],[44.730274,41.248172],[44.7299,41.248221],[44.72906,41.248281],[44.728813,41.248286],[44.72809,41.248239],[44.727563,41.248178],[44.72702,41.248089],[44.72605,41.247856],[44.72488,41.247481],[44.724423,41.247313],[44.724172,41.247195],[44.723432,41.246793],[44.722729,41.246349],[44.722366,41.246089],[44.721528,41.24543],[44.720671,41.244675],[44.720187,41.244182],[44.719314,41.243189],[44.716797,41.240104],[44.715527,41.238635],[44.715095,41.238188],[44.713796,41.236986],[44.712901,41.236187],[44.712834,41.236138],[44.712663,41.236042],[44.712193,41.235804],[44.709409,41.234727],[44.70623,41.233634],[44.704296,41.232896],[44.703892,41.2327],[44.702459,41.231888],[44.701375,41.231155],[44.701055,41.230899],[44.700656,41.230519],[44.700174,41.229965],[44.700044,41.229787],[44.699919,41.229559],[44.69975,41.229118],[44.699637,41.228781],[44.699593,41.228603],[44.699468,41.227952],[44.699346,41.226998],[44.704103,41.226953],[44.705053,41.226902],[44.706718,41.226724],[44.707749,41.226588],[44.708296,41.226497],[44.708767,41.22638],[44.709361,41.226212],[44.709743,41.226076],[44.710958,41.225552],[44.711248,41.225415],[44.711729,41.225147],[44.712204,41.224839],[44.712948,41.224281],[44.713288,41.224006],[44.713534,41.223788],[44.713727,41.223584],[44.713931,41.223324],[44.715011,41.221785],[44.714162,41.220898],[44.713578,41.220454],[44.712086,41.22033],[44.710114,41.220325],[44.708623,41.2202],[44.707558,41.220036],[44.706867,41.219512],[44.706871,41.218586],[44.706661,41.217982],[44.705967,41.218262],[44.705272,41.218703],[44.704577,41.219184],[44.703511,41.219262],[44.702446,41.219017],[44.701649,41.218452],[44.701227,41.217646],[44.701496,41.216963],[44.701607,41.216038],[44.70161,41.215434],[44.701025,41.215231],[44.700172,41.21527],[44.698627,41.215265],[44.697882,41.215062],[44.696924,41.214698],[44.695805,41.214695],[44.69543,41.215136],[44.695427,41.21578],[44.695957,41.216466],[44.696914,41.21687],[44.697711,41.217436],[44.697708,41.218039],[44.696961,41.218319],[44.695467,41.218597],[44.694347,41.218835],[44.69296,41.219154],[44.69152,41.219351],[44.690029,41.219186],[44.688217,41.219101],[44.686935,41.219741],[44.685813,41.220422],[44.684583,41.221264],[44.683459,41.222307],[44.682174,41.22355],[44.681209,41.224795],[44.680934,41.226444],[44.680929,41.22753],[44.681402,41.22894],[44.682136,41.231437],[44.682499,41.23345],[44.683239,41.23482],[44.683926,41.236109],[44.685092,41.23744],[44.686312,41.238731],[44.687482,41.239378],[44.68849,41.240226],[44.688488,41.240789],[44.687953,41.24119],[44.686833,41.241187],[44.685449,41.240821],[44.684491,41.240416],[44.682312,41.239123],[44.681462,41.238597],[44.680714,41.238877],[44.679913,41.239156],[44.679007,41.239154],[44.678155,41.23895],[44.676984,41.238504],[44.675602,41.237816],[44.674806,41.23713],[44.674113,41.237048],[44.673313,41.237206],[44.672458,41.237566],[44.670698,41.237883],[44.669472,41.237879],[44.66862,41.237595],[44.667715,41.237432],[44.667022,41.23747],[44.665741,41.237788],[44.664513,41.238147],[44.663767,41.238104],[44.663288,41.237862],[44.662492,41.237215],[44.662175,41.236732],[44.661111,41.236326],[44.659673,41.23604],[44.658343,41.235594],[44.657386,41.235108],[44.656748,41.234824],[44.655681,41.234862],[44.65456,41.23514],[44.653388,41.235177],[44.652643,41.234933],[44.651899,41.234408],[44.650675,41.234042],[44.64977,41.233878],[44.648437,41.233874],[44.64673,41.23411],[44.644649,41.234587],[44.642728,41.235023],[44.641448,41.2351],[44.640275,41.235096],[44.639101,41.235455],[44.637392,41.236053],[44.634991,41.236528],[44.633976,41.236927],[44.63312,41.237488],[44.632049,41.238329],[44.630713,41.238808],[44.628793,41.239043],[44.62746,41.23916],[44.626232,41.239518],[44.62511,41.239916],[44.623563,41.240113],[44.622016,41.240228],[44.620361,41.240746],[44.618122,41.240779],[44.615561,41.241132],[44.613215,41.241125],[44.610923,41.241157],[44.608581,41.240626],[44.607785,41.23998],[44.606936,41.239212],[44.606939,41.23877],[44.607793,41.238612],[44.609179,41.238616],[44.610086,41.238418],[44.610995,41.237938],[44.610999,41.237254],[44.61074,41.236006],[44.610322,41.234596],[44.609368,41.233708],[44.607773,41.233018],[44.60607,41.23253],[44.60506,41.232124],[44.604797,41.2316],[44.60491,41.230514],[44.605397,41.229309],[44.605942,41.227339],[44.606164,41.225811],[44.606543,41.224766],[44.607028,41.223963],[44.607034,41.222836],[44.607411,41.222234],[44.608269,41.221432],[44.608326,41.220748],[44.607903,41.220103],[44.606788,41.219415],[44.606101,41.218568],[44.605415,41.217398],[44.604567,41.216631],[44.603611,41.216145],[44.60271,41.215337],[44.602399,41.213807],[44.601929,41.212196],[44.600664,41.209938],[44.600205,41.208978],[44.60002,41.206442],[44.599432,41.20469],[44.598565,41.202635],[44.598373,41.201367],[44.597944,41.199736],[44.597153,41.198254],[44.596445,41.196501],[44.596139,41.194328],[44.595506,41.193239],[44.59471,41.192783],[44.59403,41.192932],[44.593747,41.193384],[44.593503,41.194198],[44.593296,41.195313],[44.593133,41.195916],[44.592533,41.196005],[44.592096,41.195611],[44.591459,41.195156],[44.590982,41.194762],[44.590223,41.19479],[44.589781,41.19521],[44.589738,41.195693],[44.589495,41.196205],[44.588734,41.196474],[44.588095,41.196472],[44.587378,41.196168],[44.586624,41.19535],[44.585627,41.194954],[44.584707,41.195192],[44.584143,41.195854],[44.58386,41.196517],[44.584093,41.197574],[44.584563,41.199055],[44.585509,41.200989],[44.585979,41.2025],[44.586052,41.203647],[44.585889,41.20419],[44.585285,41.204882],[44.58516,41.205636],[44.585157,41.206209],[44.585353,41.206753],[44.58555,41.207176],[44.586227,41.207631],[44.58798,41.208422],[44.59244,41.211033],[44.594113,41.211884],[44.59427,41.212367],[44.593588,41.212727],[44.592709,41.212754],[44.59159,41.21263],[44.589994,41.212292],[44.588396,41.212196],[44.587159,41.21192],[44.585843,41.211432],[44.585209,41.210675],[44.584735,41.209648],[44.584139,41.209193],[44.58354,41.20907],[44.582979,41.20934],[44.582894,41.210124],[44.582767,41.21124],[44.582442,41.212054],[44.581401,41.212472],[44.57932,41.212827],[44.578442,41.212733],[44.576847,41.212184],[44.576051,41.211638],[44.575734,41.211184],[44.575737,41.210762],[44.576019,41.210401],[44.5765,41.210131],[44.577782,41.209743],[44.578823,41.209324],[44.580146,41.208635],[44.58067,41.207943],[44.580515,41.207188],[44.579958,41.206854],[44.578999,41.206911],[44.577717,41.207329],[44.576634,41.207928],[44.575954,41.208016],[44.575517,41.207743],[44.57556,41.2072],[44.575844,41.206537],[44.576332,41.205241],[44.576097,41.204486],[44.575341,41.204],[44.574503,41.203846],[44.573421,41.204325],[44.572533,41.20574],[44.571484,41.207185],[44.570361,41.207845],[44.569362,41.207841],[44.568565,41.207506],[44.56793,41.20684],[44.567775,41.206115],[44.567941,41.20512],[44.568067,41.204215],[44.567914,41.203248],[44.567677,41.202855],[44.566998,41.202672],[44.566479,41.20267],[44.56584,41.202667],[44.564561,41.202662],[44.563762,41.202599],[44.563124,41.202476],[44.562405,41.202473],[44.561284,41.202741],[44.56064,41.203523],[44.559518,41.203881],[44.558439,41.203907],[44.557602,41.203571],[44.556488,41.202964],[44.555775,41.201995],[44.555181,41.201238],[44.553909,41.200177],[44.553398,41.198938],[44.552613,41.196973],[44.551583,41.195672],[44.548603,41.193246],[44.546418,41.191366],[44.545463,41.190819],[44.544664,41.190907],[44.544064,41.190965],[44.543503,41.191204],[44.543259,41.191806],[44.543655,41.192351],[44.544131,41.192896],[44.545244,41.193655],[44.546395,41.194746],[44.547347,41.195806],[44.547502,41.196531],[44.547418,41.197104],[44.546698,41.197192],[44.5461,41.196948],[44.545584,41.196523],[44.544948,41.196038],[44.543911,41.195702],[44.542553,41.195697],[44.540834,41.195901],[44.538551,41.196707],[44.53703,41.197002],[44.536071,41.197119],[44.535032,41.197115],[44.534073,41.197111],[44.533393,41.19729],[44.53327,41.197681],[44.533587,41.198075],[44.534063,41.198499],[44.534621,41.198713],[44.535297,41.199138],[44.535571,41.199924],[44.535006,41.200706],[44.534244,41.201246],[44.533281,41.201695],[44.532839,41.202055],[44.532916,41.202508],[44.533871,41.203025],[44.535107,41.203423],[44.5369,41.204184],[44.539013,41.204887],[44.540805,41.205799],[44.541397,41.206828],[44.54139,41.207854],[44.541183,41.208819],[44.541175,41.209935],[44.541528,41.210902],[44.542521,41.211781],[44.543157,41.212327],[44.543074,41.212779],[44.542193,41.213048],[44.540314,41.2131],[44.538317,41.212972],[44.537236,41.213209],[44.536515,41.213447],[44.536472,41.21393],[44.536987,41.214475],[44.538182,41.215053],[44.539778,41.215422],[44.540335,41.215817],[44.540291,41.21642],[44.539131,41.216476],[44.53801,41.216743],[44.537728,41.217164],[44.537844,41.217617],[44.538721,41.217983],[44.539877,41.21847],[44.541153,41.218807],[44.541989,41.219294],[44.542505,41.219899],[44.542933,41.22153],[44.543087,41.222286],[44.543483,41.222891],[44.544079,41.223346],[44.545157,41.223501],[44.546277,41.223505],[44.547476,41.22351],[44.547832,41.223964],[44.547867,41.224779],[44.547681,41.225044],[44.547382,41.225471],[44.546462,41.225618],[44.545263,41.225584],[44.543946,41.225216],[44.543128,41.225092],[44.542309,41.224968],[44.542371,41.224983],[44.542431,41.225001],[44.542491,41.225021],[44.54255,41.225043],[44.542609,41.225068],[44.542667,41.225096],[44.542724,41.225126],[44.54278,41.225159],[44.542836,41.225194],[44.542892,41.225232],[44.542947,41.225273],[44.543001,41.225316],[44.543055,41.225362],[44.543109,41.225411],[44.543163,41.225463],[44.543216,41.225518],[44.543305,41.225615],[44.543395,41.225722],[44.543486,41.22584],[44.54358,41.225969],[44.543661,41.226087],[44.54375,41.22622],[44.544032,41.226659],[44.544133,41.226814],[44.544235,41.226963],[44.544328,41.227091],[44.544428,41.227225],[44.544526,41.227362],[44.544623,41.227503],[44.544719,41.227648],[44.544814,41.227796],[44.544908,41.227949],[44.545001,41.228106],[44.545094,41.228267],[44.545185,41.228432],[44.545277,41.228602],[44.545369,41.228778],[44.545461,41.228961],[44.54565,41.229349],[44.545851,41.229785],[44.546164,41.230453],[44.546239,41.230624],[44.546302,41.230777],[44.546363,41.230943],[44.546412,41.2311],[44.54645,41.231249],[44.546477,41.231393],[44.546497,41.231545],[44.546508,41.231704],[44.546512,41.23187],[44.546508,41.232045],[44.546497,41.232228],[44.546478,41.232423],[44.546451,41.232635],[44.546414,41.232877],[44.546347,41.233325],[44.546324,41.233449],[44.546299,41.233559],[44.546267,41.233672],[44.546231,41.233775],[44.546188,41.233871],[44.546141,41.233959],[44.5461,41.234024],[44.546055,41.234088],[44.546005,41.234153],[44.545952,41.234218],[44.545894,41.234283],[44.545832,41.234348],[44.545766,41.234412],[44.545696,41.234477],[44.545622,41.23454],[44.545544,41.234603],[44.545463,41.234666],[44.545379,41.234727],[44.545292,41.234787],[44.545203,41.234846],[44.545111,41.234903],[44.545018,41.234958],[44.544904,41.235019],[44.544781,41.23508],[44.544649,41.235139],[44.544506,41.235196],[44.544354,41.235253],[44.544188,41.23531],[44.544005,41.235369],[44.543792,41.235434],[44.543658,41.235472],[44.543518,41.235509],[44.543373,41.235545],[44.54322,41.235579],[44.54306,41.235612],[44.542891,41.235645],[44.542711,41.235677],[44.542514,41.23571],[44.542347,41.235735],[44.542176,41.235756],[44.542,41.235773],[44.541819,41.235785],[44.541632,41.235794],[44.54144,41.2358],[44.54124,41.235801],[44.541031,41.235798],[44.540858,41.235794],[44.540676,41.235786],[44.540484,41.235777],[44.540279,41.235764],[44.539899,41.235737],[44.538995,41.235666],[44.538757,41.235649],[44.538542,41.235636],[44.538322,41.235625],[44.538211,41.235621],[44.537732,41.235611],[44.533851,41.235675],[44.532361,41.23591],[44.530868,41.236626],[44.529477,41.237944],[44.52819,41.239544],[44.526916,41.24212],[44.526691,41.242586],[44.526629,41.242709],[44.526571,41.242817],[44.526466,41.243006],[44.526356,41.243193],[44.526243,41.243377],[44.526126,41.24356],[44.526005,41.243739],[44.525881,41.243916],[44.525754,41.24409],[44.525623,41.244261],[44.52549,41.244428],[44.525353,41.244592],[44.525214,41.244752],[44.525072,41.244909],[44.524927,41.245062],[44.52478,41.245211],[44.524631,41.245356],[44.524479,41.245497],[44.524342,41.245618],[44.524198,41.24574],[44.524048,41.245861],[44.523892,41.245982],[44.523729,41.246104],[44.523559,41.246226],[44.523382,41.246348],[44.523197,41.246472],[44.523007,41.246595],[44.522808,41.246719],[44.5226,41.246845],[44.522382,41.246974],[44.522155,41.247105],[44.521914,41.24724],[44.521658,41.24738],[44.521381,41.24753],[44.521152,41.247651],[44.520923,41.247768],[44.520694,41.247883],[44.520466,41.247995],[44.520237,41.248103],[44.520009,41.248208],[44.519781,41.24831],[44.519554,41.248409],[44.519327,41.248504],[44.5191,41.248597],[44.518875,41.248685],[44.518649,41.248771],[44.518425,41.248853],[44.5182,41.248932],[44.517977,41.249007],[44.517755,41.24908],[44.517368,41.249199],[44.516987,41.249309],[44.516613,41.249411],[44.516244,41.249504],[44.515881,41.249588],[44.515524,41.249664],[44.515347,41.249698],[44.515172,41.249731],[44.514998,41.249761],[44.514826,41.249789],[44.514469,41.249843],[44.514126,41.249889],[44.513794,41.249928],[44.513472,41.24996],[44.513159,41.249985],[44.512855,41.250004],[44.51256,41.250015],[44.512272,41.250019],[44.512011,41.250019],[44.511764,41.250016],[44.511528,41.250011],[44.511302,41.250003],[44.511084,41.249992],[44.510873,41.249979],[44.51067,41.249962],[44.510472,41.249943],[44.51028,41.249921],[44.510093,41.249897],[44.509912,41.249869],[44.509736,41.249838],[44.509566,41.249804],[44.5094,41.249768],[44.50924,41.249728],[44.509085,41.249685],[44.50895,41.249644],[44.508815,41.249601],[44.50868,41.249555],[44.508544,41.249506],[44.50841,41.249455],[44.508276,41.249402],[44.508142,41.249346],[44.50801,41.249287],[44.507879,41.249227],[44.50775,41.249164],[44.507622,41.2491],[44.507496,41.249034],[44.507373,41.248966],[44.507252,41.248896],[44.507134,41.248825],[44.507019,41.248753],[44.506819,41.248621],[44.506625,41.248482],[44.506438,41.248339],[44.506259,41.248193],[44.506173,41.248118],[44.50609,41.248043],[44.506009,41.247968],[44.505931,41.247892],[44.505855,41.247815],[44.505782,41.247738],[44.505712,41.247661],[44.505645,41.247584],[44.505571,41.247494],[44.505498,41.247401],[44.505428,41.247307],[44.505359,41.247211],[44.505293,41.247113],[44.50523,41.247013],[44.505169,41.246912],[44.50511,41.24681],[44.505055,41.246707],[44.505002,41.246603],[44.504953,41.246498],[44.504906,41.246394],[44.504863,41.246289],[44.504823,41.246184],[44.504787,41.246079],[44.504754,41.245975],[44.504729,41.245885],[44.504708,41.245792],[44.504691,41.245696],[44.504677,41.245598],[44.504668,41.245496],[44.504662,41.245391],[44.50466,41.245282],[44.504661,41.245167],[44.504671,41.244972],[44.504691,41.244754],[44.504715,41.244546],[44.504777,41.244071],[44.504801,41.243851],[44.504816,41.243668],[44.504824,41.243501],[44.504832,41.243137],[44.504837,41.242207],[44.504845,41.241778],[44.504854,41.241543],[44.504865,41.241325],[44.50488,41.241118],[44.504898,41.240921],[44.504928,41.240673],[44.504965,41.24042],[44.50501,41.240163],[44.505064,41.2399],[44.505126,41.239631],[44.505196,41.239355],[44.505275,41.239069],[44.505364,41.238773],[44.505442,41.238528],[44.505527,41.238272],[44.50562,41.238003],[44.505722,41.237715],[44.505918,41.237186],[44.506389,41.235941],[44.507339,41.233364],[44.507644,41.232422],[44.508049,41.230632],[44.50817,41.229901],[44.508176,41.229042],[44.508061,41.227809],[44.50797,41.227284],[44.507937,41.227159],[44.507736,41.226623],[44.50763,41.226395],[44.507363,41.226012],[44.507217,41.225832],[44.507026,41.225629],[44.506391,41.225062],[44.506222,41.224952],[44.506049,41.224881],[44.505658,41.224797],[44.505151,41.22474],[44.504368,41.224691],[44.503826,41.224685],[44.50359,41.224698],[44.503351,41.224726],[44.5025,41.224931],[44.502359,41.224981],[44.49899,41.226261],[44.49883,41.226325],[44.498606,41.22641],[44.498472,41.226458],[44.498343,41.226501],[44.498217,41.226541],[44.498094,41.226577],[44.497972,41.226609],[44.497853,41.226638],[44.497735,41.226664],[44.497619,41.226686],[44.497432,41.226717],[44.497239,41.226745],[44.497039,41.226769],[44.496831,41.226789],[44.496615,41.226807],[44.496392,41.226821],[44.496159,41.226832],[44.495223,41.226812],[44.494852,41.226791],[44.494257,41.226739],[44.493612,41.226661],[44.49291,41.226534],[44.492316,41.226394],[44.491543,41.226167],[44.490628,41.225842],[44.489766,41.225454],[44.488273,41.22461],[44.484672,41.222432],[44.482722,41.221165],[44.481208,41.220267],[44.480913,41.220114],[44.479823,41.219634],[44.478856,41.219247],[44.478112,41.218966],[44.477472,41.218753],[44.474142,41.217846],[44.469593,41.216704],[44.463381,41.215418],[44.454611,41.213649],[44.454504,41.21363],[44.45241,41.213286],[44.451711,41.213171],[44.450579,41.213009],[44.449923,41.212924],[44.449068,41.212858],[44.448388,41.212836],[44.447534,41.212866],[44.447149,41.212899],[44.445974,41.213045],[44.445255,41.21318],[44.444914,41.213272],[44.444397,41.213457],[44.44419,41.213537],[44.443888,41.213674],[44.442944,41.214143],[44.442594,41.214343],[44.4424,41.214477],[44.442082,41.214745],[44.44185,41.214972],[44.441618,41.215214],[44.441349,41.215548],[44.440969,41.216077],[44.440744,41.216434],[44.440635,41.216661],[44.440571,41.216858],[44.440525,41.217112],[44.440492,41.217364],[44.44044,41.217801],[44.440435,41.217894],[44.440449,41.21854],[44.440508,41.219237],[44.4406,41.219806],[44.440673,41.220179],[44.440758,41.220485],[44.440918,41.22084],[44.442144,41.222593],[44.442545,41.22304],[44.443094,41.223585],[44.444201,41.224585],[44.444874,41.225111],[44.445261,41.225352],[44.445783,41.225618],[44.447084,41.226204],[44.447886,41.226529],[44.44852,41.226739],[44.449365,41.226985],[44.455994,41.228594],[44.460194,41.229613],[44.460641,41.229729],[44.461522,41.229963],[44.461961,41.230083],[44.462372,41.230198],[44.46276,41.23031],[44.463131,41.230419],[44.463516,41.230537],[44.463885,41.230653],[44.464241,41.23077],[44.464585,41.230887],[44.464919,41.231005],[44.465243,41.231124],[44.465558,41.231244],[44.465865,41.231367],[44.466116,41.23147],[44.466371,41.231577],[44.46663,41.231689],[44.466894,41.231805],[44.467163,41.231926],[44.467439,41.232052],[44.467721,41.232184],[44.468013,41.232322],[44.468492,41.232553],[44.46893,41.232768],[44.469339,41.232975],[44.469724,41.233175],[44.470091,41.233373],[44.470441,41.233567],[44.470775,41.233759],[44.471095,41.23395],[44.471316,41.234086],[44.471537,41.234226],[44.47176,41.234372],[44.471984,41.234522],[44.47221,41.234676],[44.472438,41.234837],[44.472669,41.235002],[44.472902,41.235174],[44.473137,41.23535],[44.473376,41.235533],[44.47362,41.235723],[44.473871,41.235921],[44.474129,41.236129],[44.474397,41.236348],[44.47468,41.236582],[44.474983,41.236836],[44.475257,41.237067],[44.475514,41.237288],[44.475759,41.237502],[44.475992,41.23771],[44.476216,41.237913],[44.476431,41.238111],[44.476637,41.238307],[44.476836,41.238499],[44.477108,41.238769],[44.477362,41.239029],[44.477602,41.23928],[44.477828,41.239524],[44.478008,41.239726],[44.478189,41.239934],[44.478371,41.240149],[44.478555,41.240372],[44.478739,41.240602],[44.478927,41.240841],[44.479118,41.241091],[44.479314,41.241353],[44.479491,41.241593],[44.479661,41.241829],[44.479825,41.24206],[44.479983,41.242288],[44.480136,41.242514],[44.480283,41.242736],[44.480426,41.242956],[44.480563,41.243173],[44.480695,41.243388],[44.480822,41.243602],[44.480945,41.243813],[44.481063,41.244023],[44.481176,41.244231],[44.481285,41.244438],[44.481389,41.244643],[44.481489,41.244846],[44.481724,41.245336],[44.481796,41.24549],[44.481857,41.24563],[44.481917,41.245771],[44.481969,41.245905],[44.482014,41.246033],[44.482054,41.246156],[44.482096,41.246298],[44.482133,41.246436],[44.482168,41.24657],[44.482199,41.246701],[44.482226,41.246829],[44.48225,41.246954],[44.48227,41.247077],[44.482288,41.247197],[44.482301,41.247316],[44.482312,41.247432],[44.482319,41.247545],[44.482323,41.247657],[44.482323,41.247766],[44.48232,41.247874],[44.482314,41.247979],[44.482304,41.248083],[44.482266,41.248417],[44.482249,41.248539],[44.482232,41.248649],[44.482211,41.248757],[44.482189,41.248858],[44.482165,41.248953],[44.482139,41.249044],[44.482109,41.249133],[44.482076,41.249218],[44.48204,41.249299],[44.482001,41.249376],[44.481959,41.249449],[44.481914,41.249518],[44.481865,41.249584],[44.481814,41.249646],[44.481769,41.249694],[44.481722,41.249742],[44.481671,41.249791],[44.481618,41.249839],[44.481502,41.249934],[44.481375,41.250028],[44.48124,41.25012],[44.481097,41.250207],[44.480949,41.250288],[44.480798,41.250363],[44.480715,41.2504],[44.480627,41.250434],[44.480536,41.250466],[44.48044,41.250496],[44.480339,41.250524],[44.480233,41.250549],[44.480121,41.250573],[44.480004,41.250594],[44.4799,41.250611],[44.47979,41.250627],[44.479546,41.250656],[44.479311,41.250679],[44.478767,41.250727],[44.478509,41.250754],[44.478349,41.250771],[44.477879,41.250799],[44.475526,41.250942],[44.47515,41.250987],[44.474763,41.251064],[44.474263,41.251187],[44.473813,41.251325],[44.473697,41.251364],[44.473582,41.251408],[44.473423,41.251484],[44.47323,41.251593],[44.472251,41.252243],[44.472199,41.252284],[44.472068,41.252406],[44.471946,41.252553],[44.4718,41.252766],[44.471426,41.253503],[44.471356,41.253696],[44.471313,41.253843],[44.471275,41.254026],[44.471221,41.254383],[44.471194,41.254767],[44.471195,41.254908],[44.47122,41.255166],[44.471285,41.255537],[44.471373,41.255837],[44.47143,41.255999],[44.471601,41.256359],[44.47204,41.257177],[44.47229,41.257568],[44.472467,41.257813],[44.472694,41.258055],[44.472785,41.258144],[44.472999,41.258307],[44.473759,41.258848],[44.47401,41.259013],[44.474733,41.259465],[44.475,41.259618],[44.475188,41.259712],[44.475469,41.259828],[44.475841,41.259964],[44.477988,41.260643],[44.478464,41.260773],[44.483303,41.261825],[44.483419,41.26185],[44.484066,41.261987],[44.485736,41.262332],[44.48622,41.262436],[44.486653,41.262532],[44.487151,41.262649],[44.487613,41.262763],[44.487834,41.262821],[44.488048,41.262878],[44.488257,41.262937],[44.488461,41.262995],[44.489089,41.263183],[44.489382,41.263274],[44.489663,41.263362],[44.489935,41.26345],[44.490198,41.263537],[44.490454,41.263624],[44.490702,41.26371],[44.490945,41.263797],[44.491182,41.263884],[44.491414,41.263972],[44.491639,41.26406],[44.491859,41.264148],[44.492075,41.264237],[44.492285,41.264327],[44.492491,41.264418],[44.492993,41.264645],[44.493432,41.264852],[44.493636,41.264951],[44.493831,41.265048],[44.494019,41.265144],[44.494199,41.265239],[44.494376,41.265334],[44.494546,41.265429],[44.494711,41.265523],[44.49487,41.265617],[44.495024,41.265711],[44.495173,41.265806],[44.495317,41.2659],[44.495456,41.265995],[44.495736,41.266192],[44.495993,41.266382],[44.496232,41.266566],[44.496454,41.266746],[44.496662,41.266924],[44.496855,41.2671],[44.496946,41.267187],[44.497034,41.267274],[44.497119,41.267361],[44.4972,41.267447],[44.49747,41.267745],[44.49758,41.267872],[44.497681,41.267991],[44.497775,41.268107],[44.497861,41.268218],[44.497941,41.268326],[44.498015,41.268431],[44.498084,41.268535],[44.498148,41.268638],[44.498205,41.268739],[44.498257,41.268837],[44.498304,41.268935],[44.498344,41.26903],[44.49838,41.269125],[44.49841,41.269218],[44.498438,41.269323],[44.498462,41.26943],[44.498481,41.26954],[44.498496,41.269653],[44.498507,41.269768],[44.498514,41.269885],[44.498516,41.270004],[44.498514,41.270124],[44.498507,41.270246],[44.498497,41.270369],[44.498481,41.270492],[44.498462,41.270616],[44.498438,41.270739],[44.49841,41.270862],[44.498378,41.270983],[44.498342,41.271103],[44.498311,41.271194],[44.498277,41.271286],[44.49824,41.271379],[44.498199,41.271472],[44.498155,41.271566],[44.498108,41.27166],[44.498058,41.271754],[44.498005,41.271848],[44.497948,41.271943],[44.497889,41.272037],[44.497827,41.27213],[44.497762,41.272223],[44.497695,41.272315],[44.497625,41.272406],[44.497554,41.272496],[44.49748,41.272584],[44.497405,41.272669],[44.497325,41.272753],[44.497239,41.272838],[44.497148,41.272923],[44.497051,41.273008],[44.496948,41.273094],[44.496839,41.273181],[44.496724,41.273269],[44.496608,41.273354],[44.496486,41.27344],[44.496354,41.27353],[44.496213,41.273624],[44.495915,41.273815],[44.495394,41.27414],[44.495195,41.274261],[44.494992,41.274382],[44.494783,41.274501],[44.494569,41.274619],[44.494349,41.274736],[44.494125,41.274851],[44.493896,41.274965],[44.493661,41.275078],[44.493421,41.275189],[44.493177,41.275299],[44.492927,41.275407],[44.492672,41.275514],[44.492413,41.27562],[44.492148,41.275724],[44.491878,41.275827],[44.491604,41.275928],[44.491158,41.276087],[44.490379,41.27632],[44.490013,41.276416],[44.48897,41.276667],[44.488609,41.276743],[44.488329,41.276791],[44.487656,41.276889],[44.48622,41.277072],[44.485853,41.277114],[44.48524,41.277204],[44.484977,41.277254],[44.484502,41.277353],[44.483896,41.277528],[44.483629,41.277631],[44.483403,41.277749],[44.483201,41.277879],[44.483108,41.277949],[44.482965,41.278079],[44.482697,41.278344],[44.4818,41.279313],[44.481564,41.279612],[44.48088,41.28058],[44.480626,41.280999],[44.480468,41.281337],[44.480135,41.282164],[44.480057,41.282474],[44.480015,41.282859],[44.479999,41.283355],[44.480064,41.28451],[44.480138,41.285142],[44.480229,41.285728],[44.480424,41.286619],[44.480573,41.287114],[44.481014,41.28824],[44.481325,41.288916],[44.481797,41.289817],[44.482096,41.29031],[44.482786,41.291319],[44.48316,41.291775],[44.484143,41.292795],[44.484977,41.293572],[44.485788,41.294234],[44.486679,41.29492],[44.486901,41.295054],[44.487087,41.295144],[44.487473,41.295308],[44.488647,41.29573],[44.48903,41.295844],[44.48945,41.295939],[44.490204,41.296058],[44.490684,41.296107],[44.490978,41.296123],[44.492745,41.296128],[44.494196,41.296132],[44.494384,41.296139],[44.49455,41.296148],[44.494731,41.296164],[44.494897,41.296186],[44.494976,41.296198],[44.495052,41.296213],[44.495125,41.296228],[44.495197,41.296245],[44.495336,41.296284],[44.495478,41.296329],[44.495624,41.296381],[44.495773,41.29644],[44.495926,41.296507],[44.496083,41.29658],[44.496246,41.296662],[44.496417,41.296752],[44.496497,41.296798],[44.496578,41.296846],[44.496658,41.296897],[44.496739,41.296952],[44.496819,41.29701],[44.4969,41.297071],[44.496982,41.297136],[44.497066,41.297206],[44.497201,41.297324],[44.497347,41.297458],[44.49749,41.297596],[44.497865,41.297962],[44.497978,41.298069],[44.498081,41.298164],[44.498526,41.298568],[44.498932,41.298947],[44.499309,41.299309],[44.499662,41.299658],[44.499831,41.29983],[44.499994,41.3],[44.500153,41.300167],[44.500307,41.300333],[44.500457,41.300498],[44.500602,41.300661],[44.500743,41.300823],[44.50088,41.300984],[44.501136,41.301292],[44.501347,41.301551],[44.501536,41.301789],[44.501707,41.302012],[44.501867,41.302228],[44.502014,41.302437],[44.50215,41.302639],[44.502275,41.302836],[44.502475,41.303164],[44.502632,41.303433],[44.502768,41.303678],[44.502886,41.303907],[44.50294,41.304019],[44.50299,41.304129],[44.503037,41.304236],[44.50308,41.304341],[44.50312,41.304445],[44.503156,41.304546],[44.503189,41.304647],[44.503219,41.304746],[44.50325,41.304861],[44.50328,41.304977],[44.503306,41.305093],[44.503331,41.305209],[44.503352,41.305325],[44.503371,41.305441],[44.503388,41.305556],[44.503402,41.30567],[44.503413,41.305783],[44.503422,41.305896],[44.503428,41.306008],[44.503431,41.306119],[44.503432,41.306229],[44.50343,41.306338],[44.503425,41.306446],[44.503418,41.306552],[44.503408,41.306658],[44.503396,41.306764],[44.503381,41.30687],[44.503364,41.306976],[44.503322,41.307189],[44.503272,41.3074],[44.503212,41.307609],[44.503178,41.307712],[44.503143,41.307815],[44.503105,41.307917],[44.503065,41.308017],[44.503023,41.308117],[44.502979,41.308215],[44.50289,41.308402],[44.502802,41.308575],[44.502712,41.308736],[44.50262,41.308889],[44.502526,41.309032],[44.502429,41.309168],[44.502329,41.309295],[44.502225,41.309415],[44.502116,41.309531],[44.501997,41.309647],[44.50187,41.309762],[44.501733,41.309878],[44.501588,41.309993],[44.501434,41.310107],[44.501272,41.310221],[44.501101,41.310333],[44.500953,41.310425],[44.500796,41.310516],[44.500629,41.310606],[44.500451,41.310696],[44.500263,41.310786],[44.500062,41.310877],[44.499844,41.310971],[44.499605,41.311069],[44.499403,41.31115],[44.499224,41.311219],[44.499058,41.31128],[44.498902,41.311335],[44.49875,41.311385],[44.498604,41.31143],[44.498463,41.31147],[44.498325,41.311505],[44.498192,41.311535],[44.498055,41.311563],[44.497913,41.311588],[44.497767,41.311609],[44.497617,41.311628],[44.497461,41.311645],[44.4973,41.311659],[44.497132,41.31167],[44.496965,41.311678],[44.496791,41.311684],[44.496608,41.311687],[44.496414,41.311689],[44.496216,41.311688],[44.495999,41.311685],[44.495397,41.311673],[44.494958,41.311659],[44.494565,41.311641],[44.49438,41.31163],[44.494202,41.311618],[44.494029,41.311604],[44.493861,41.311588],[44.493697,41.311571],[44.493537,41.311551],[44.493381,41.311531],[44.493229,41.311508],[44.493081,41.311484],[44.492937,41.311458],[44.492796,41.31143],[44.492659,41.3114],[44.492535,41.311371],[44.492409,41.311339],[44.492282,41.311304],[44.492153,41.311267],[44.492022,41.311227],[44.491889,41.311185],[44.491753,41.311139],[44.491615,41.311091],[44.491332,41.310986],[44.491032,41.310868],[44.490706,41.310732],[44.490324,41.310567],[44.490159,41.310493],[44.489992,41.310415],[44.489824,41.310334],[44.489655,41.310248],[44.489483,41.310159],[44.48931,41.310065],[44.489133,41.309967],[44.488953,41.309865],[44.488774,41.30976],[44.48859,41.309649],[44.4884,41.309532],[44.488202,41.309408],[44.48778,41.309136],[44.487252,41.308788],[44.486974,41.308599],[44.486689,41.308396],[44.486395,41.308177],[44.486085,41.307939],[44.485834,41.30774],[44.485558,41.307518],[44.484504,41.306651],[44.484052,41.306286],[44.483749,41.306042],[44.483415,41.305769],[44.483393,41.305751],[44.480722,41.303583],[44.477812,41.301524],[44.472617,41.299113],[44.470163,41.298288],[44.469841,41.298187],[44.469329,41.298022],[44.469051,41.297929],[44.468794,41.29784],[44.468551,41.297754],[44.46832,41.297669],[44.467854,41.297496],[44.466769,41.297098],[44.466254,41.296906],[44.465954,41.29679],[44.465676,41.29668],[44.465414,41.296574],[44.465166,41.29647],[44.4649,41.296354],[44.464647,41.296239],[44.464405,41.296124],[44.464173,41.296009],[44.463951,41.295893],[44.463738,41.295777],[44.463533,41.295659],[44.463337,41.295539],[44.46318,41.29544],[44.463023,41.295338],[44.462866,41.295232],[44.462708,41.295122],[44.46255,41.295008],[44.462391,41.294891],[44.46223,41.29477],[44.462068,41.294644],[44.461906,41.294515],[44.461742,41.294381],[44.461576,41.294242],[44.461407,41.294099],[44.461236,41.29395],[44.46106,41.293794],[44.460694,41.293461],[44.460382,41.293171],[44.460147,41.292948],[44.459938,41.292745],[44.459752,41.292556],[44.459577,41.29237],[44.459418,41.292192],[44.459271,41.292018],[44.459138,41.291849],[44.459052,41.291733],[44.458968,41.291614],[44.458886,41.291491],[44.458805,41.291363],[44.458726,41.291231],[44.458648,41.291095],[44.45857,41.290953],[44.458493,41.290806],[44.45842,41.29066],[44.458346,41.290507],[44.458272,41.290345],[44.458195,41.290173],[44.458039,41.289808],[44.457803,41.289235],[44.457737,41.289072],[44.457673,41.288905],[44.457611,41.288735],[44.457549,41.28856],[44.457489,41.288381],[44.45743,41.288197],[44.457313,41.28781],[44.457202,41.287414],[44.457088,41.286976],[44.45697,41.286496],[44.456794,41.285759],[44.456709,41.285385],[44.456628,41.284994],[44.456548,41.28458],[44.456469,41.284137],[44.456404,41.283746],[44.456335,41.28331],[44.456117,41.28186],[44.456033,41.281323],[44.455963,41.280851],[44.455934,41.280628],[44.455497,41.277571],[44.455236,41.276053],[44.455086,41.275389],[44.454898,41.274667],[44.454757,41.274238],[44.454689,41.274067],[44.454593,41.27387],[44.454225,41.273206],[44.453656,41.272456],[44.453558,41.272349],[44.453413,41.272231],[44.453112,41.272035],[44.452912,41.271926],[44.452819,41.271886],[44.45241,41.271722],[44.452133,41.271638],[44.451927,41.271591],[44.45148,41.271542],[44.451031,41.271516],[44.450763,41.271516],[44.450547,41.271521],[44.449469,41.271608],[44.448942,41.271708],[44.448366,41.271885],[44.447475,41.272236],[44.447122,41.272385],[44.446644,41.272639],[44.444703,41.273718],[44.444579,41.273795],[44.444312,41.273967],[44.444062,41.274135],[44.443494,41.274524],[44.443227,41.274702],[44.443,41.274847],[44.442789,41.274975],[44.442641,41.275059],[44.442497,41.275138],[44.442356,41.27521],[44.442217,41.275277],[44.442079,41.275339],[44.441942,41.275396],[44.441806,41.275449],[44.44167,41.275496],[44.441405,41.275582],[44.441152,41.275658],[44.440908,41.275724],[44.440673,41.275782],[44.440446,41.275832],[44.440225,41.275872],[44.440118,41.27589],[44.440012,41.275905],[44.439907,41.275918],[44.439804,41.275929],[44.439696,41.275938],[44.439585,41.275945],[44.439471,41.27595],[44.439354,41.275952],[44.439234,41.275952],[44.439111,41.27595],[44.438983,41.275946],[44.438851,41.27594],[44.438585,41.275921],[44.438291,41.275893],[44.43797,41.275857],[44.437492,41.275797],[44.437322,41.275775],[44.43715,41.27575],[44.436977,41.275723],[44.436803,41.275694],[44.436629,41.275663],[44.436453,41.27563],[44.436276,41.275594],[44.436098,41.275557],[44.435919,41.275517],[44.43574,41.275475],[44.43556,41.275431],[44.435379,41.275385],[44.435016,41.275287],[44.434652,41.275181],[44.434475,41.275126],[44.434296,41.275068],[44.434115,41.275006],[44.433931,41.274941],[44.433746,41.274872],[44.433557,41.274799],[44.433365,41.274722],[44.43317,41.274642],[44.432973,41.274558],[44.432772,41.274469],[44.432565,41.274376],[44.43235,41.274277],[44.431895,41.27406],[44.431367,41.273801],[44.431117,41.273675],[44.430866,41.273544],[44.430615,41.273409],[44.430363,41.27327],[44.430111,41.273127],[44.429858,41.272979],[44.429604,41.272827],[44.429349,41.272671],[44.429094,41.27251],[44.428837,41.272345],[44.42858,41.272175],[44.428321,41.272],[44.42806,41.271821],[44.427798,41.271637],[44.427534,41.271448],[44.427268,41.271253],[44.427022,41.271068],[44.426769,41.270871],[44.426508,41.270661],[44.426232,41.270432],[44.425985,41.270223],[44.425711,41.269987],[44.424575,41.268993],[44.424223,41.268684],[44.423861,41.268361],[44.423488,41.26802],[44.423098,41.267658],[44.422675,41.267258],[44.422212,41.266815],[44.421723,41.266341],[44.421133,41.265766],[44.417799,41.26264],[44.414151,41.259637],[44.413373,41.259047],[44.413072,41.258853],[44.412491,41.258504],[44.411125,41.257712],[44.410399,41.257341],[44.409832,41.257086],[44.409355,41.256906],[44.408013,41.256483],[44.407416,41.256322],[44.406889,41.256207],[44.406146,41.256096],[44.405877,41.256063],[44.404601,41.255943],[44.403362,41.255863],[44.39961,41.255766],[44.399055,41.255771],[44.398665,41.255793],[44.398245,41.255838],[44.397701,41.25592],[44.397379,41.25599],[44.397107,41.256086],[44.396955,41.25615],[44.39666,41.256336],[44.396186,41.256705],[44.395809,41.257073],[44.3955,41.257539],[44.395331,41.257883],[44.395177,41.258355],[44.395125,41.258626],[44.3951,41.258919],[44.395097,41.2592],[44.395139,41.259746],[44.395276,41.260547],[44.395555,41.261643],[44.395701,41.262043],[44.395965,41.262613],[44.396649,41.263813],[44.397105,41.264409],[44.397833,41.265295],[44.400238,41.268223],[44.400412,41.268468],[44.400568,41.268698],[44.400727,41.268939],[44.40089,41.269195],[44.40106,41.269471],[44.401204,41.26971],[44.401363,41.269978],[44.401902,41.270905],[44.402114,41.271266],[44.402304,41.271592],[44.402367,41.271706],[44.404391,41.275229],[44.405576,41.276681],[44.4061,41.277194],[44.406857,41.277851],[44.410242,41.280284],[44.411533,41.281059],[44.412974,41.281833],[44.413755,41.282252],[44.415599,41.28323],[44.416074,41.283485],[44.416502,41.283717],[44.417019,41.284003],[44.417498,41.284274],[44.417947,41.284535],[44.418373,41.284789],[44.418844,41.285077],[44.419312,41.285368],[44.419775,41.285662],[44.420234,41.285958],[44.420688,41.286256],[44.421138,41.286557],[44.421582,41.28686],[44.422022,41.287165],[44.422369,41.287409],[44.422715,41.287657],[44.423059,41.287906],[44.423401,41.288158],[44.423742,41.288413],[44.424081,41.28867],[44.424419,41.28893],[44.424755,41.289191],[44.425089,41.289455],[44.425421,41.289722],[44.425751,41.28999],[44.426079,41.290261],[44.426405,41.290534],[44.42673,41.290808],[44.427051,41.291085],[44.427371,41.291364],[44.427708,41.291662],[44.428042,41.291962],[44.428372,41.292263],[44.428699,41.292565],[44.429022,41.292869],[44.429341,41.293173],[44.429657,41.293478],[44.429969,41.293785],[44.430276,41.294092],[44.43058,41.2944],[44.43088,41.294709],[44.431175,41.295019],[44.431467,41.295329],[44.431754,41.29564],[44.432037,41.295951],[44.432316,41.296263],[44.432662,41.296657],[44.433,41.29705],[44.433332,41.297442],[44.433656,41.297833],[44.433973,41.298223],[44.434282,41.298612],[44.434585,41.298999],[44.43488,41.299386],[44.435168,41.299772],[44.435449,41.300157],[44.435723,41.300541],[44.43599,41.300924],[44.436249,41.301305],[44.436501,41.301686],[44.436746,41.302066],[44.436984,41.302445],[44.437198,41.302798],[44.437415,41.303169],[44.437636,41.303563],[44.437867,41.303986],[44.438067,41.304362],[44.438285,41.304782],[44.438997,41.306175],[44.439262,41.306689],[44.439367,41.306893],[44.439474,41.307106],[44.439536,41.307235],[44.441826,41.311786],[44.442794,41.313167],[44.443041,41.313442],[44.443953,41.314232],[44.444998,41.315076],[44.445158,41.315191],[44.445858,41.315617],[44.446908,41.316182],[44.450039,41.317423],[44.450936,41.317748],[44.451119,41.317811],[44.451709,41.318009],[44.452854,41.318383],[44.453324,41.318539],[44.453811,41.318705],[44.454245,41.318859],[44.454497,41.318951],[44.454737,41.319043],[44.454968,41.319133],[44.45519,41.319223],[44.455404,41.319314],[44.455612,41.319404],[44.455813,41.319495],[44.456008,41.319587],[44.45656,41.319853],[44.456917,41.320029],[44.457241,41.320193],[44.457531,41.320347],[44.457809,41.320502],[44.457939,41.320578],[44.458065,41.320654],[44.458186,41.320729],[44.458303,41.320804],[44.458416,41.320879],[44.458525,41.320953],[44.458678,41.321062],[44.458826,41.32117],[44.45897,41.321278],[44.459108,41.321385],[44.459243,41.321492],[44.459372,41.321598],[44.459498,41.321704],[44.459618,41.32181],[44.459735,41.321916],[44.459847,41.322021],[44.459954,41.322126],[44.460057,41.322231],[44.460156,41.322335],[44.460251,41.322439],[44.460341,41.322543],[44.460427,41.322647],[44.460509,41.322752],[44.46059,41.322859],[44.460668,41.322969],[44.460745,41.323081],[44.46082,41.323195],[44.460893,41.323312],[44.460964,41.323431],[44.461033,41.323552],[44.4611,41.323675],[44.461165,41.323799],[44.461227,41.323926],[44.461287,41.324054],[44.461344,41.324183],[44.461399,41.324314],[44.461452,41.324446],[44.461502,41.324578],[44.46155,41.324717],[44.461594,41.324859],[44.461634,41.325004],[44.461671,41.325153],[44.461704,41.325307],[44.461734,41.325464],[44.46176,41.325626],[44.461783,41.325793],[44.461802,41.325962],[44.461818,41.326138],[44.461831,41.32632],[44.461841,41.32651],[44.461848,41.326707],[44.461851,41.326916],[44.461853,41.32714],[44.461851,41.327388],[44.461844,41.327698],[44.461828,41.328002],[44.461804,41.328302],[44.461773,41.328596],[44.461733,41.328885],[44.461685,41.329167],[44.46163,41.329444],[44.461566,41.329714],[44.461528,41.329854],[44.461487,41.329997],[44.46144,41.330142],[44.461389,41.33029],[44.461334,41.330441],[44.461273,41.330596],[44.461207,41.330755],[44.461136,41.33092],[44.460993,41.33123],[44.460826,41.331574],[44.460672,41.331878],[44.46021,41.332777],[44.459986,41.333214],[44.45976,41.333643],[44.459531,41.334064],[44.4593,41.334479],[44.459065,41.334886],[44.458827,41.335286],[44.458587,41.335679],[44.458343,41.336065],[44.458096,41.336444],[44.457845,41.336817],[44.457592,41.337183],[44.457335,41.337543],[44.457074,41.337896],[44.456811,41.338243],[44.456544,41.338583],[44.456273,41.338917],[44.455912,41.339354],[44.45562,41.339703],[44.455352,41.340019],[44.4551,41.340309],[44.454854,41.340587],[44.454616,41.34085],[44.454384,41.341099],[44.454156,41.341337],[44.453924,41.341571],[44.453694,41.341796],[44.453466,41.342011],[44.453238,41.342219],[44.453011,41.342418],[44.452783,41.342609],[44.452555,41.342793],[44.452327,41.34297],[44.451982,41.343229],[44.451688,41.343447],[44.451415,41.343645],[44.451158,41.343826],[44.450907,41.343998],[44.450665,41.344159],[44.450428,41.34431],[44.450197,41.344452],[44.449964,41.344589],[44.449734,41.344719],[44.449507,41.34484],[44.449281,41.344954],[44.449058,41.345061],[44.448836,41.34516],[44.448614,41.345253],[44.448394,41.345339],[44.448224,41.345401],[44.448054,41.345461],[44.447884,41.345519],[44.447715,41.345575],[44.447546,41.345628],[44.447378,41.345679],[44.447211,41.345727],[44.447044,41.345773],[44.446879,41.345816],[44.446714,41.345857],[44.446551,41.345895],[44.446389,41.345931],[44.446228,41.345964],[44.446068,41.345995],[44.445909,41.346023],[44.445752,41.346048],[44.445505,41.346084],[44.445259,41.346115],[44.445017,41.346141],[44.444777,41.346163],[44.444542,41.346179],[44.44431,41.346191],[44.444083,41.346198],[44.443861,41.346199],[44.443687,41.346197],[44.443511,41.346192],[44.443333,41.346184],[44.443154,41.346172],[44.442973,41.346158],[44.44279,41.34614],[44.442606,41.34612],[44.442421,41.346096],[44.442235,41.34607],[44.442049,41.34604],[44.441863,41.346008],[44.441676,41.345973],[44.44149,41.345935],[44.441304,41.345894],[44.44112,41.34585],[44.440936,41.345804],[44.440754,41.345755],[44.44057,41.345701],[44.440385,41.345642],[44.440198,41.345579],[44.440009,41.34551],[44.439818,41.345438],[44.439625,41.34536],[44.43943,41.345277],[44.439232,41.34519],[44.439033,41.345097],[44.43883,41.345],[44.438624,41.344897],[44.438414,41.344788],[44.4382,41.344674],[44.43798,41.344553],[44.437754,41.344425],[44.437601,41.344334],[44.437447,41.344239],[44.437293,41.344139],[44.437139,41.344034],[44.436983,41.343923],[44.436826,41.343806],[44.436665,41.343683],[44.436501,41.343552],[44.436246,41.34334],[44.43597,41.343101],[44.435683,41.342845],[44.435118,41.342332],[44.434879,41.342118],[44.434627,41.341896],[44.434397,41.3417],[44.434075,41.341427],[44.43372,41.341121],[44.433449,41.340884],[44.431306,41.339037],[44.427815,41.336389],[44.426931,41.335878],[44.426724,41.335773],[44.425954,41.335433],[44.425396,41.335231],[44.424703,41.33507],[44.423848,41.334962],[44.422951,41.334918],[44.422137,41.334933],[44.42065,41.335053],[44.419834,41.335199],[44.419243,41.335382],[44.418547,41.335659],[44.41773,41.336025],[44.416523,41.336699],[44.41566,41.337239],[44.412832,41.33923],[44.412011,41.339917],[44.411991,41.339934],[44.411098,41.340717],[44.410849,41.340931],[44.410623,41.341122],[44.410377,41.341325],[44.410142,41.341514],[44.409915,41.34169],[44.409694,41.341857],[44.409455,41.342035],[44.408935,41.342427],[44.408724,41.342585],[44.408461,41.342775],[44.408221,41.342942],[44.40809,41.34303],[44.407962,41.343113],[44.407836,41.343191],[44.407712,41.343266],[44.40759,41.343337],[44.407469,41.343404],[44.407349,41.343468],[44.40723,41.343529],[44.407085,41.3436],[44.406938,41.343669],[44.406788,41.343737],[44.406635,41.343803],[44.40648,41.343868],[44.406322,41.343932],[44.406162,41.343994],[44.406,41.344055],[44.405836,41.344114],[44.40567,41.344171],[44.405501,41.344227],[44.405332,41.344281],[44.405161,41.344333],[44.404988,41.344384],[44.404814,41.344432],[44.404639,41.344479],[44.404194,41.344593],[44.404035,41.344631],[44.40389,41.344664],[44.403747,41.344693],[44.403612,41.344717],[44.403483,41.344737],[44.403359,41.344753],[44.403236,41.344765],[44.403109,41.344775],[44.40298,41.344782],[44.402849,41.344786],[44.402714,41.344787],[44.402578,41.344786],[44.402438,41.344781],[44.402296,41.344775],[44.402152,41.344765],[44.402005,41.344753],[44.401855,41.344737],[44.401703,41.34472],[44.401549,41.344699],[44.401392,41.344676],[44.401233,41.344649],[44.401071,41.344621],[44.400799,41.344567],[44.400548,41.344512],[44.400313,41.344454],[44.400093,41.344393],[44.399988,41.344361],[44.399887,41.344328],[44.399788,41.344294],[44.399693,41.344259],[44.399602,41.344224],[44.399513,41.344187],[44.399428,41.344149],[44.399345,41.34411],[44.399266,41.34407],[44.399187,41.344027],[44.399107,41.343982],[44.399027,41.343934],[44.398947,41.343883],[44.398867,41.343829],[44.398786,41.343772],[44.398704,41.343712],[44.39854,41.343584],[44.398368,41.343441],[44.398186,41.343279],[44.397971,41.34308],[44.397805,41.342921],[44.397663,41.342781],[44.397537,41.342649],[44.397424,41.342524],[44.397321,41.342401],[44.397229,41.342282],[44.397147,41.342166],[44.397075,41.342052],[44.397005,41.341926],[44.39694,41.341791],[44.396881,41.341648],[44.396826,41.341495],[44.396776,41.341333],[44.396729,41.341157],[44.396684,41.340963],[44.396635,41.340726],[44.396615,41.340616],[44.396597,41.340505],[44.396581,41.340393],[44.396568,41.340279],[44.396557,41.340164],[44.396549,41.340047],[44.396543,41.33993],[44.396539,41.339811],[44.396538,41.33969],[44.39654,41.339569],[44.396544,41.339446],[44.39655,41.339323],[44.39657,41.339073],[44.396599,41.33882],[44.396626,41.338642],[44.396657,41.338466],[44.396692,41.338292],[44.396731,41.338122],[44.396775,41.337956],[44.396823,41.337793],[44.396875,41.337633],[44.396931,41.337478],[44.39698,41.337354],[44.397034,41.33723],[44.397092,41.337104],[44.397156,41.336977],[44.397224,41.336848],[44.397298,41.336717],[44.397377,41.336584],[44.397461,41.336449],[44.39755,41.336313],[44.397645,41.336174],[44.397745,41.336032],[44.397852,41.335886],[44.397966,41.335735],[44.398088,41.335579],[44.398219,41.335414],[44.398362,41.335238],[44.398447,41.335137],[44.398536,41.335035],[44.398629,41.334931],[44.398726,41.334826],[44.398933,41.334611],[44.399161,41.334387],[44.399398,41.334164],[44.399666,41.33392],[44.399956,41.333662],[44.400457,41.333223],[44.400663,41.333048],[44.400879,41.332873],[44.401105,41.332699],[44.401344,41.332525],[44.401594,41.332351],[44.401858,41.332175],[44.402136,41.331997],[44.40243,41.331815],[44.407143,41.328844],[44.408378,41.327995],[44.409147,41.327423],[44.409802,41.326871],[44.410621,41.325888],[44.410828,41.325611],[44.411019,41.325303],[44.411309,41.324737],[44.411556,41.324105],[44.411639,41.323781],[44.411763,41.322869],[44.411755,41.322022],[44.411668,41.321028],[44.411586,41.320423],[44.41147,41.320093],[44.411195,41.319528],[44.410389,41.318163],[44.409861,41.317475],[44.408973,41.316464],[44.407787,41.3152],[44.402846,41.310449],[44.402562,41.310207],[44.402308,41.309985],[44.402064,41.30977],[44.401838,41.309566],[44.401624,41.309368],[44.401422,41.309176],[44.400514,41.308303],[44.400004,41.307806],[44.39976,41.307562],[44.399533,41.307333],[44.399319,41.307113],[44.399118,41.3069],[44.398913,41.306679],[44.398719,41.306464],[44.398535,41.306254],[44.398359,41.306047],[44.398191,41.305843],[44.398031,41.305642],[44.397879,41.305442],[44.397734,41.305245],[44.397631,41.305105],[44.397327,41.304702],[44.397236,41.304574],[44.397157,41.304459],[44.397075,41.30433],[44.397005,41.304208],[44.396945,41.304091],[44.396894,41.303977],[44.396849,41.303858],[44.396809,41.303732],[44.396773,41.303599],[44.396741,41.303457],[44.396713,41.30331],[44.396689,41.303148],[44.396666,41.302968],[44.39664,41.302732],[44.396624,41.302572],[44.396613,41.302415],[44.396605,41.30226],[44.396601,41.302109],[44.396601,41.30196],[44.396605,41.301813],[44.396613,41.301669],[44.396624,41.301528],[44.39665,41.301263],[44.396672,41.301076],[44.396697,41.300907],[44.396726,41.300755],[44.396761,41.300608],[44.396802,41.300472],[44.396849,41.300345],[44.396902,41.300226],[44.396939,41.300154],[44.396981,41.300083],[44.397027,41.300011],[44.397078,41.299938],[44.397133,41.299864],[44.397194,41.299789],[44.39726,41.299713],[44.397332,41.299634],[44.397472,41.299491],[44.397638,41.299334],[44.397782,41.299204],[44.398069,41.29895],[44.398479,41.298598],[44.399501,41.29772],[44.399694,41.297549],[44.399838,41.297399],[44.399888,41.29734],[44.400058,41.297083],[44.400147,41.296854],[44.400185,41.296723],[44.400219,41.296532],[44.40023,41.296402],[44.400222,41.295852],[44.400161,41.295544],[44.400129,41.295417],[44.400072,41.295268],[44.399949,41.295002],[44.399811,41.294815],[44.399497,41.294482],[44.39927,41.294284],[44.397782,41.293304],[44.397223,41.292969],[44.396444,41.292576],[44.394806,41.291835],[44.394396,41.291671],[44.394069,41.291561],[44.393682,41.291454],[44.391393,41.290917],[44.39113,41.290878],[44.390473,41.290794],[44.389751,41.290759],[44.388791,41.290764],[44.3884,41.290812],[44.387739,41.290947],[44.387476,41.291017],[44.387011,41.291169],[44.386766,41.291261],[44.386446,41.291405],[44.386179,41.291551],[44.385587,41.29189],[44.38541,41.292009],[44.385294,41.292099],[44.385211,41.292175],[44.385051,41.292341],[44.384905,41.292506],[44.384541,41.292946],[44.384437,41.293082],[44.383726,41.294076],[44.38337,41.294739],[44.383147,41.29518],[44.382988,41.295566],[44.382625,41.296563],[44.382609,41.296613],[44.38207,41.29866],[44.381834,41.299748],[44.381526,41.301598],[44.3815,41.302066],[44.381524,41.304599],[44.381493,41.306782],[44.381443,41.30742],[44.381313,41.308465],[44.38128,41.308597],[44.381214,41.308842],[44.381145,41.309082],[44.381073,41.309317],[44.380998,41.309547],[44.38093,41.309747],[44.380856,41.309949],[44.380779,41.310152],[44.380696,41.310358],[44.38061,41.310566],[44.380518,41.310776],[44.380422,41.310989],[44.380322,41.311204],[44.380216,41.311422],[44.380106,41.311643],[44.379991,41.311867],[44.37987,41.312094],[44.379744,41.312326],[44.379612,41.312562],[44.379474,41.312804],[44.37933,41.313051],[44.379195,41.313275],[44.379049,41.313508],[44.378889,41.313751],[44.378714,41.314011],[44.378562,41.31423],[44.378391,41.314473],[44.37777,41.31534],[44.377522,41.315689],[44.377186,41.316173],[44.376371,41.317354],[44.375997,41.317892],[44.375596,41.31846],[44.375231,41.318966],[44.375028,41.31924],[44.374831,41.319504],[44.374638,41.319758],[44.374447,41.320004],[44.374258,41.320242],[44.374071,41.320474],[44.373886,41.3207],[44.373701,41.320919],[44.373095,41.321635],[44.372794,41.321985],[44.372494,41.322327],[44.372219,41.322631],[44.372075,41.322785],[44.371935,41.322932],[44.371796,41.323074],[44.371659,41.32321],[44.371523,41.323342],[44.371388,41.32347],[44.371254,41.323594],[44.371119,41.323714],[44.370909,41.323902],[44.370443,41.324328],[44.370246,41.324504],[44.370121,41.324613],[44.370003,41.324712],[44.369889,41.324804],[44.369778,41.32489],[44.369654,41.324982],[44.369532,41.325068],[44.369411,41.325147],[44.369291,41.325221],[44.369172,41.32529],[44.369053,41.325354],[44.368934,41.325413],[44.368814,41.325466],[44.368686,41.325519],[44.368552,41.32557],[44.368414,41.325619],[44.368272,41.325666],[44.368124,41.325711],[44.367973,41.325754],[44.367817,41.325795],[44.367657,41.325833],[44.367493,41.325869],[44.367325,41.325903],[44.367153,41.325934],[44.366978,41.325963],[44.366801,41.32599],[44.36662,41.326014],[44.366438,41.326035],[44.366254,41.326054],[44.365954,41.326079],[44.365668,41.326097],[44.365393,41.326107],[44.36526,41.326109],[44.36513,41.326109],[44.365002,41.326107],[44.364877,41.326104],[44.364754,41.326098],[44.364634,41.326091],[44.364516,41.326082],[44.364401,41.326071],[44.364288,41.326058],[44.364178,41.326043],[44.364061,41.326025],[44.363943,41.326005],[44.363826,41.325983],[44.363709,41.325959],[44.363592,41.325933],[44.363477,41.325906],[44.363363,41.325877],[44.36325,41.325847],[44.36314,41.325814],[44.363031,41.325781],[44.362924,41.325746],[44.362819,41.32571],[44.362717,41.325672],[44.362618,41.325633],[44.362521,41.325593],[44.362427,41.325551],[44.362324,41.325503],[44.362221,41.325451],[44.362119,41.325394],[44.362016,41.325333],[44.361913,41.325269],[44.36181,41.325199],[44.361706,41.325126],[44.3616,41.325047],[44.361497,41.324967],[44.361393,41.324881],[44.361285,41.324789],[44.361173,41.324691],[44.361061,41.324588],[44.360939,41.324475],[44.36063,41.324177],[44.360525,41.324072],[44.360421,41.323962],[44.360318,41.323848],[44.360217,41.323729],[44.360116,41.323606],[44.360017,41.323477],[44.359917,41.323342],[44.359817,41.323201],[44.359724,41.323064],[44.35963,41.322921],[44.359534,41.322768],[44.359433,41.322604],[44.359242,41.322282],[44.358846,41.3216],[44.358732,41.321401],[44.358621,41.321196],[44.358512,41.320986],[44.358405,41.320769],[44.358299,41.320545],[44.358195,41.320313],[44.358091,41.320071],[44.357987,41.319819],[44.357825,41.319407],[44.357656,41.318949],[44.357488,41.318478],[44.357039,41.317191],[44.356899,41.316801],[44.356768,41.316453],[44.356608,41.316029],[44.356445,41.315584],[44.356278,41.315115],[44.356103,41.314612],[44.355789,41.31368],[44.355725,41.313488],[44.355498,41.312842],[44.354079,41.308917],[44.353371,41.307078],[44.3527,41.305549],[44.352214,41.304539],[44.351237,41.302888],[44.349791,41.300967],[44.344953,41.303283],[44.340413,41.305456],[44.340227,41.304941],[44.340038,41.304421],[44.33988,41.304135],[44.339709,41.303928],[44.339329,41.303644],[44.337907,41.30277],[44.336921,41.302218],[44.334571,41.301362],[44.332834,41.300819],[44.332686,41.300776],[44.331531,41.300446],[44.331089,41.300319],[44.330644,41.300187],[44.330247,41.300065],[44.329816,41.299928],[44.329417,41.299793],[44.329226,41.299725],[44.329041,41.299658],[44.32886,41.29959],[44.328684,41.299522],[44.327732,41.299154],[44.327476,41.299051],[44.327249,41.298956],[44.327013,41.298851],[44.326796,41.298749],[44.326595,41.298648],[44.326407,41.298546],[44.326228,41.298444],[44.32606,41.298345],[44.325901,41.298248],[44.325749,41.298153],[44.325604,41.298059],[44.325466,41.297966],[44.325335,41.297873],[44.325209,41.297782],[44.325088,41.29769],[44.324974,41.297598],[44.324864,41.297507],[44.324761,41.297415],[44.324663,41.297324],[44.32457,41.297233],[44.324483,41.297141],[44.324401,41.29705],[44.324342,41.29698],[44.324285,41.296909],[44.324228,41.296834],[44.324173,41.296757],[44.324064,41.296595],[44.323958,41.29642],[44.323854,41.296234],[44.32375,41.29603],[44.323641,41.295803],[44.323512,41.29552],[44.323403,41.295273],[44.323321,41.295079],[44.323252,41.294904],[44.323194,41.294742],[44.323144,41.294585],[44.323103,41.294435],[44.323071,41.294292],[44.323047,41.294153],[44.323037,41.29407],[44.323029,41.293985],[44.323023,41.293898],[44.32302,41.293809],[44.323019,41.293718],[44.32302,41.293626],[44.323031,41.293434],[44.32305,41.293234],[44.32308,41.293023],[44.323119,41.292797],[44.32317,41.292549],[44.323198,41.29243],[44.32323,41.292309],[44.323266,41.292187],[44.323306,41.292062],[44.32335,41.291936],[44.323398,41.291807],[44.323451,41.291676],[44.323508,41.291542],[44.323569,41.291407],[44.323634,41.291268],[44.323704,41.291125],[44.32378,41.290978],[44.323861,41.290825],[44.323949,41.290664],[44.324151,41.290308],[44.324234,41.290168],[44.324322,41.290026],[44.324413,41.289883],[44.32451,41.289739],[44.324611,41.289593],[44.324716,41.289445],[44.324827,41.289295],[44.324943,41.289143],[44.325063,41.28899],[44.325188,41.288833],[44.32532,41.288673],[44.325458,41.288509],[44.325603,41.288341],[44.325756,41.288166],[44.326092,41.287792],[44.326286,41.287582],[44.326486,41.287373],[44.326692,41.287164],[44.326903,41.286955],[44.32712,41.286747],[44.327343,41.28654],[44.327571,41.286334],[44.327804,41.286128],[44.328043,41.285923],[44.328287,41.285719],[44.328536,41.285516],[44.328789,41.285315],[44.329048,41.285115],[44.32931,41.284916],[44.329577,41.284719],[44.329849,41.284524],[44.330081,41.284363],[44.330323,41.284203],[44.330576,41.284044],[44.330839,41.283885],[44.331114,41.283726],[44.331401,41.283567],[44.333441,41.282568],[44.336368,41.281134],[44.338294,41.280146],[44.340281,41.278987],[44.341689,41.278046],[44.342398,41.277525],[44.343564,41.276492],[44.344199,41.275877],[44.344961,41.274987],[44.345202,41.27465],[44.345524,41.274114],[44.345915,41.27324],[44.346159,41.272525],[44.346413,41.271413],[44.346444,41.27067],[44.3464,41.27006],[44.346338,41.269601],[44.346141,41.268755],[44.345867,41.267881],[44.345372,41.266633],[44.345171,41.266206],[44.344825,41.265633],[44.343544,41.263775],[44.342694,41.262682],[44.342455,41.262411],[44.342377,41.262342],[44.342247,41.262242],[44.342063,41.262132],[44.34154,41.26181],[44.341076,41.261555],[44.340925,41.261482],[44.340805,41.261436],[44.340586,41.261359],[44.340317,41.261275],[44.340077,41.26122],[44.339843,41.261171],[44.339334,41.261086],[44.338932,41.261047],[44.338436,41.261033],[44.337815,41.261056],[44.336975,41.261143],[44.336503,41.261237],[44.336247,41.261312],[44.336063,41.261377],[44.335596,41.261574],[44.334357,41.262177],[44.333772,41.262501],[44.332211,41.263469],[44.331758,41.263766],[44.331313,41.264079],[44.330277,41.264879],[44.328716,41.26615],[44.328501,41.266331],[44.328133,41.266632],[44.327796,41.266899],[44.327575,41.267074],[44.327334,41.267274],[44.327105,41.267468],[44.326562,41.267937],[44.326283,41.268172],[44.326145,41.268285],[44.326013,41.26839],[44.325886,41.268489],[44.325763,41.268582],[44.325602,41.268699],[44.325445,41.268808],[44.32529,41.268909],[44.325137,41.269005],[44.324984,41.269094],[44.324832,41.269177],[44.32468,41.269255],[44.324527,41.269327],[44.324393,41.269387],[44.324255,41.269445],[44.324113,41.269503],[44.323967,41.269559],[44.323818,41.269614],[44.323664,41.269668],[44.323507,41.269721],[44.323346,41.269774],[44.323182,41.269825],[44.323013,41.269875],[44.32284,41.269924],[44.322663,41.269972],[44.322482,41.270019],[44.322297,41.270065],[44.322107,41.27011],[44.321913,41.270154],[44.321444,41.270259],[44.321289,41.270291],[44.32115,41.270318],[44.321011,41.270342],[44.320879,41.270361],[44.320754,41.270376],[44.320634,41.270387],[44.320466,41.270398],[44.320293,41.270403],[44.320118,41.270403],[44.31994,41.270399],[44.31976,41.270389],[44.319578,41.270374],[44.319396,41.270354],[44.319213,41.270329],[44.31903,41.2703],[44.318848,41.270266],[44.318668,41.270227],[44.318491,41.270183],[44.318316,41.270136],[44.318146,41.270084],[44.31798,41.270029],[44.31782,41.26997],[44.31773,41.269934],[44.317639,41.269896],[44.317457,41.269813],[44.317275,41.269722],[44.317093,41.269622],[44.316913,41.269516],[44.316735,41.269402],[44.316561,41.269283],[44.316393,41.269159],[44.316309,41.269093],[44.316226,41.269023],[44.316145,41.26895],[44.316064,41.268874],[44.315983,41.268794],[44.315903,41.268711],[44.315824,41.268623],[44.315744,41.268531],[44.315667,41.268438],[44.315589,41.268339],[44.315509,41.268236],[44.315427,41.268125],[44.315257,41.267884],[44.315027,41.267546],[44.31492,41.267381],[44.314816,41.267207],[44.314713,41.26702],[44.314608,41.266819],[44.314578,41.266756],[44.313033,41.263192],[44.312649,41.262298],[44.312418,41.261832],[44.312274,41.261585],[44.311886,41.260981],[44.311717,41.260748],[44.31147,41.260457],[44.310955,41.259924],[44.309883,41.258943],[44.30953,41.25868],[44.309104,41.258414],[44.30879,41.258262],[44.308431,41.258112],[44.307729,41.257858],[44.306547,41.257488],[44.306025,41.257365],[44.305683,41.257295],[44.305242,41.257235],[44.299883,41.256738],[44.29907,41.256663],[44.298889,41.25664],[44.298713,41.256615],[44.297748,41.256472],[44.297248,41.256395],[44.296766,41.256316],[44.296546,41.256277],[44.296336,41.256238],[44.296118,41.256196],[44.295909,41.256152],[44.295707,41.256108],[44.295512,41.256063],[44.295323,41.256017],[44.295139,41.255969],[44.29496,41.25592],[44.294786,41.255869],[44.294587,41.255807],[44.294385,41.255741],[44.294181,41.255672],[44.293976,41.255598],[44.293768,41.255521],[44.293558,41.255439],[44.293345,41.255353],[44.29313,41.255263],[44.292912,41.255169],[44.292691,41.255071],[44.292465,41.254967],[44.292234,41.254859],[44.291998,41.254745],[44.291755,41.254625],[44.291503,41.254498],[44.291241,41.254362],[44.291059,41.254266],[44.29087,41.254163],[44.290674,41.254051],[44.290466,41.253929],[44.290147,41.253737],[44.289339,41.253239],[44.288963,41.253012],[44.288156,41.252535],[44.287754,41.252295],[44.287483,41.25213],[44.287202,41.251957],[44.286911,41.251774],[44.286604,41.25158],[44.285932,41.251145],[44.28502,41.250546],[44.282686,41.249054],[44.281352,41.248267],[44.279785,41.247437],[44.279214,41.247193],[44.278668,41.246996],[44.278127,41.246835],[44.277195,41.246609],[44.276949,41.246562],[44.276553,41.24651],[44.276037,41.246466],[44.273937,41.246428],[44.2733,41.246467],[44.273123,41.246488],[44.272486,41.24661],[44.271993,41.246727],[44.271642,41.24685],[44.27145,41.246938],[44.271239,41.247063],[44.270723,41.247452],[44.270444,41.247731],[44.270159,41.248094],[44.270019,41.248337],[44.26991,41.248587],[44.26979,41.248987],[44.269725,41.249262],[44.269684,41.249681],[44.269691,41.250063],[44.269733,41.250477],[44.269791,41.250849],[44.270018,41.251815],[44.270279,41.252541],[44.271411,41.255095],[44.27172,41.255663],[44.272605,41.257014],[44.275065,41.26044],[44.275669,41.261129],[44.276606,41.262117],[44.278198,41.263529],[44.279477,41.264516],[44.280246,41.264996],[44.282249,41.266076],[44.285688,41.267713],[44.288593,41.269015],[44.293905,41.271397],[44.294043,41.271467],[44.294375,41.27164],[44.294705,41.271818],[44.295011,41.271989],[44.295297,41.272157],[44.295567,41.272323],[44.295922,41.272549],[44.296239,41.272755],[44.296531,41.272949],[44.296804,41.273136],[44.297062,41.273318],[44.297306,41.273495],[44.297537,41.273669],[44.297756,41.273841],[44.297967,41.274013],[44.298166,41.274184],[44.298355,41.274354],[44.298534,41.274522],[44.298703,41.274691],[44.298862,41.274858],[44.299012,41.275026],[44.299152,41.275193],[44.299279,41.275353],[44.299401,41.275515],[44.29952,41.275678],[44.299635,41.275842],[44.299745,41.276008],[44.29985,41.276174],[44.29995,41.27634],[44.300046,41.276506],[44.300136,41.276672],[44.300221,41.276837],[44.3003,41.277002],[44.300374,41.277166],[44.300442,41.277329],[44.300505,41.277491],[44.300562,41.277651],[44.300613,41.27781],[44.300671,41.278014],[44.300723,41.278222],[44.300767,41.278433],[44.300804,41.278648],[44.300834,41.278866],[44.300857,41.279086],[44.300872,41.279308],[44.300881,41.279532],[44.300881,41.279756],[44.300875,41.279981],[44.300861,41.280205],[44.300839,41.280429],[44.300811,41.280651],[44.300775,41.28087],[44.300732,41.281087],[44.300682,41.281301],[44.300622,41.281522],[44.300553,41.281744],[44.300474,41.281968],[44.300387,41.282193],[44.30029,41.282417],[44.300185,41.282642],[44.300071,41.282865],[44.29995,41.283088],[44.29982,41.283308],[44.299684,41.283525],[44.29954,41.283739],[44.29939,41.283949],[44.299233,41.284155],[44.299071,41.284355],[44.298903,41.28455],[44.298731,41.28474],[44.298594,41.284881],[44.298449,41.285022],[44.298297,41.285163],[44.298135,41.285304],[44.297966,41.285446],[44.297788,41.285588],[44.297601,41.28573],[44.297406,41.285873],[44.297202,41.286017],[44.296989,41.286161],[44.296766,41.286307],[44.296532,41.286456],[44.296287,41.286606],[44.296029,41.286761],[44.295755,41.28692],[44.295461,41.287087],[44.29515,41.287258],[44.294835,41.287424],[44.294517,41.287586],[44.294196,41.287742],[44.293873,41.287893],[44.293547,41.288039],[44.29322,41.288178],[44.292892,41.288311],[44.292564,41.288438],[44.292235,41.288559],[44.291907,41.288673],[44.291579,41.28878],[44.291252,41.288881],[44.290926,41.288974],[44.290602,41.289061],[44.290279,41.289141],[44.290051,41.289193],[44.289815,41.289243],[44.289574,41.289289],[44.289325,41.289333],[44.289069,41.289374],[44.288804,41.289413],[44.288531,41.289449],[44.288247,41.289483],[44.287965,41.289513],[44.287672,41.289542],[44.287363,41.28957],[44.287035,41.289596],[44.286704,41.289621],[44.286337,41.289646],[44.285273,41.289712],[44.284902,41.289733],[44.284523,41.28975],[44.284137,41.289763],[44.283742,41.289772],[44.283338,41.289778],[44.282924,41.28978],[44.282498,41.289778],[44.282059,41.289772],[44.281622,41.289763],[44.281168,41.289751],[44.280694,41.289735],[44.280193,41.289715],[44.279679,41.289692],[44.279116,41.289664],[44.277614,41.289584],[44.277058,41.289552],[44.2765,41.289517],[44.275941,41.289478],[44.275381,41.289436],[44.274821,41.289391],[44.27426,41.289343],[44.273698,41.289291],[44.273136,41.289237],[44.272573,41.289179],[44.272011,41.289118],[44.271448,41.289053],[44.270885,41.288986],[44.270322,41.288915],[44.269759,41.288842],[44.269197,41.288765],[44.268635,41.288685],[44.267134,41.288466],[44.266599,41.288386],[44.266114,41.288311],[44.265638,41.288235],[44.265189,41.288161],[44.264761,41.288087],[44.26435,41.288014],[44.263937,41.287936],[44.263537,41.287858],[44.26315,41.287778],[44.262774,41.287697],[44.262407,41.287615],[44.262051,41.28753],[44.261702,41.287443],[44.261363,41.287354],[44.261055,41.28727],[44.260743,41.287182],[44.260428,41.28709],[44.260109,41.286994],[44.259786,41.286893],[44.259458,41.286788],[44.259125,41.286678],[44.258786,41.286563],[44.258443,41.286445],[44.258092,41.286321],[44.257733,41.286191],[44.257364,41.286055],[44.256985,41.285913],[44.256592,41.285762],[44.256181,41.285603],[44.255746,41.285433],[44.25478,41.285049],[44.254064,41.284759],[44.253734,41.284621],[44.253423,41.284489],[44.253126,41.284361],[44.252841,41.284235],[44.252558,41.284107],[44.252286,41.283981],[44.252022,41.283856],[44.251768,41.283731],[44.251521,41.283607],[44.251282,41.283483],[44.25105,41.283359],[44.250825,41.283234],[44.25037,41.282976],[44.249941,41.282725],[44.249532,41.282478],[44.249142,41.282236],[44.248768,41.281995],[44.248411,41.281757],[44.248069,41.28152],[44.247742,41.281284],[44.247583,41.281166],[44.247428,41.281048],[44.247276,41.28093],[44.247127,41.280811],[44.246982,41.280693],[44.246841,41.280575],[44.246702,41.280457],[44.246567,41.280339],[44.246435,41.280221],[44.246307,41.280102],[44.246182,41.279984],[44.24606,41.279865],[44.245941,41.279746],[44.245825,41.279627],[44.245713,41.279508],[44.245603,41.279389],[44.245464,41.279231],[44.245324,41.279063],[44.24518,41.278883],[44.245031,41.278689],[44.244899,41.278511],[44.244754,41.278311],[44.244153,41.277465],[44.243479,41.27654],[44.243298,41.276286],[44.243139,41.276058],[44.242975,41.275816],[44.242827,41.275587],[44.242692,41.275368],[44.242567,41.275156],[44.24236,41.274784],[44.242177,41.274441],[44.242013,41.274117],[44.241937,41.273961],[44.241866,41.273808],[44.241798,41.273657],[44.241734,41.273508],[44.241674,41.273362],[44.241618,41.273218],[44.241564,41.273076],[44.241515,41.272936],[44.241469,41.272798],[44.241426,41.272661],[44.241378,41.272495],[44.241332,41.27233],[44.24129,41.272165],[44.241251,41.272001],[44.241215,41.271838],[44.241182,41.271677],[44.241152,41.271516],[44.241126,41.271357],[44.241103,41.271198],[44.241083,41.271042],[44.241066,41.270886],[44.241052,41.270732],[44.241042,41.270579],[44.241035,41.270428],[44.241031,41.270279],[44.24103,41.270131],[44.241032,41.270034],[44.241036,41.269935],[44.241269,41.26855],[44.241835,41.265185],[44.242015,41.263162],[44.242008,41.262612],[44.241825,41.261229],[44.241752,41.26088],[44.241586,41.260439],[44.2413,41.259926],[44.240908,41.259365],[44.240452,41.258853],[44.239659,41.258081],[44.239318,41.25782],[44.239071,41.25766],[44.238866,41.257554],[44.238663,41.257468],[44.238451,41.257393],[44.238131,41.2573],[44.237769,41.257218],[44.237333,41.257135],[44.236997,41.257082],[44.236655,41.25704],[44.236306,41.257012],[44.23557,41.256982],[44.235347,41.256985],[44.234986,41.257001],[44.234858,41.257016],[44.234503,41.257077],[44.234093,41.257168],[44.233798,41.257259],[44.233371,41.257409],[44.232817,41.257629],[44.231496,41.258213],[44.230758,41.258571],[44.230483,41.258721],[44.228789,41.259745],[44.224637,41.262359],[44.217565,41.266844],[44.213015,41.269725],[44.212268,41.270235],[44.211946,41.2705],[44.21049,41.271876],[44.209944,41.272477],[44.209696,41.272794],[44.209581,41.272965],[44.209321,41.273444],[44.209,41.274156],[44.208883,41.274499],[44.208827,41.274751],[44.208793,41.2751],[44.208787,41.275904],[44.208908,41.276906],[44.208998,41.277279],[44.209113,41.277626],[44.209301,41.277982],[44.209506,41.278273],[44.210082,41.278959],[44.210186,41.279063],[44.210381,41.279219],[44.210659,41.279405],[44.210937,41.279528],[44.211247,41.27963],[44.211426,41.27967],[44.211819,41.279723],[44.212286,41.279753],[44.218496,41.279957],[44.223125,41.280062],[44.223502,41.280067],[44.223915,41.280069],[44.224399,41.280067],[44.225429,41.280056],[44.225877,41.280054],[44.22635,41.280054],[44.226773,41.28006],[44.227024,41.280066],[44.227264,41.280074],[44.227495,41.280084],[44.22772,41.280096],[44.227938,41.280111],[44.228151,41.280128],[44.228358,41.280147],[44.228562,41.280168],[44.229088,41.280228],[44.229426,41.280271],[44.229584,41.280294],[44.229733,41.280318],[44.229874,41.280343],[44.230009,41.280369],[44.2303,41.280429],[44.230508,41.280476],[44.230693,41.280525],[44.230777,41.280549],[44.230857,41.280575],[44.23101,41.280629],[44.231165,41.280692],[44.231322,41.280763],[44.231483,41.280844],[44.231648,41.280933],[44.231819,41.281032],[44.232002,41.281145],[44.232205,41.281276],[44.232366,41.281386],[44.232527,41.281506],[44.232689,41.281636],[44.232853,41.281777],[44.233018,41.281927],[44.233191,41.282093],[44.233375,41.282278],[44.233587,41.282499],[44.233731,41.282655],[44.233875,41.282821],[44.234019,41.282997],[44.234166,41.283186],[44.234313,41.283383],[44.234468,41.2836],[44.234634,41.283841],[44.234844,41.284152],[44.234913,41.284258],[44.234983,41.284368],[44.235053,41.284485],[44.235126,41.28461],[44.235276,41.28488],[44.23549,41.28528],[44.235991,41.286156],[44.237182,41.287819],[44.238978,41.289987],[44.242333,41.293108],[44.246184,41.295972],[44.249758,41.298292],[44.250993,41.298986],[44.252906,41.299927],[44.255595,41.301079],[44.257092,41.301637],[44.258256,41.302008],[44.259937,41.302457],[44.261174,41.302728],[44.262266,41.302916],[44.263418,41.303051],[44.264256,41.303095],[44.266452,41.303135],[44.280513,41.303253],[44.285524,41.303294],[44.285838,41.303319],[44.286143,41.303349],[44.28644,41.303383],[44.286729,41.303421],[44.287012,41.303464],[44.287266,41.303507],[44.287525,41.303554],[44.28779,41.303604],[44.28806,41.303659],[44.288337,41.303717],[44.288621,41.30378],[44.288913,41.303847],[44.289215,41.303919],[44.289895,41.304087],[44.290189,41.304163],[44.290464,41.304236],[44.290727,41.304308],[44.290978,41.304379],[44.291219,41.30445],[44.291451,41.304521],[44.291679,41.304593],[44.291899,41.304666],[44.292112,41.30474],[44.292319,41.304815],[44.292519,41.304891],[44.292713,41.304968],[44.292902,41.305047],[44.293085,41.305126],[44.293261,41.305206],[44.293435,41.305288],[44.29361,41.305373],[44.293784,41.30546],[44.293958,41.30555],[44.294131,41.305642],[44.294304,41.305737],[44.294475,41.305834],[44.294646,41.305933],[44.294816,41.306035],[44.294985,41.306139],[44.295153,41.306245],[44.295319,41.306353],[44.295484,41.306462],[44.295647,41.306574],[44.295809,41.306688],[44.296237,41.30699],[44.296433,41.30713],[44.296625,41.307274],[44.296792,41.307407],[44.296876,41.307476],[44.296954,41.307544],[44.297028,41.307612],[44.297097,41.307678],[44.297163,41.307744],[44.297225,41.30781],[44.297284,41.307875],[44.297338,41.307941],[44.297492,41.308135],[44.297551,41.308215],[44.297602,41.30829],[44.297649,41.308362],[44.297691,41.308432],[44.297726,41.3085],[44.297757,41.308565],[44.297803,41.308679],[44.297842,41.308792],[44.297873,41.308905],[44.297896,41.309016],[44.297911,41.309124],[44.297918,41.309229],[44.297917,41.309331],[44.297908,41.309429],[44.297895,41.3095],[44.297877,41.309574],[44.297853,41.309651],[44.297823,41.309731],[44.297787,41.309815],[44.297745,41.309904],[44.297695,41.31],[44.297634,41.310109],[44.297595,41.310176],[44.297552,41.310243],[44.297505,41.31031],[44.297455,41.310378],[44.297402,41.310446],[44.297345,41.310515],[44.297284,41.310584],[44.297219,41.310654],[44.297152,41.310724],[44.29708,41.310795],[44.296924,41.310939],[44.296751,41.311089],[44.296558,41.311246],[44.296483,41.311304],[44.296404,41.311361],[44.296322,41.311418],[44.296235,41.311475],[44.296145,41.311532],[44.296049,41.311589],[44.295949,41.311646],[44.295844,41.311704],[44.29564,41.311811],[44.295408,41.311926],[44.295199,41.312026],[44.294578,41.312317],[44.294156,41.312516],[44.293779,41.312688],[44.293427,41.312843],[44.293093,41.312982],[44.292769,41.31311],[44.292611,41.313169],[44.292455,41.313226],[44.292302,41.313279],[44.29215,41.31333],[44.292,41.313378],[44.291852,41.313424],[44.291653,41.313481],[44.291448,41.313535],[44.291236,41.313587],[44.291018,41.313635],[44.290792,41.313682],[44.290558,41.313725],[44.290314,41.313767],[44.29006,41.313806],[44.289827,41.31384],[44.289583,41.313872],[44.289324,41.313903],[44.289046,41.313935],[44.288598,41.313982],[44.287533,41.314087],[44.287055,41.314136],[44.286724,41.314169],[44.286377,41.314198],[44.28601,41.314223],[44.285616,41.314245],[44.285274,41.314261],[44.284891,41.314275],[44.284497,41.314287],[44.280905,41.314499],[44.278133,41.314943],[44.275572,41.315549],[44.269429,41.317617],[44.269165,41.317706],[44.26889,41.317802],[44.268292,41.318016],[44.267728,41.318223],[44.266442,41.318701],[44.265841,41.31892],[44.265333,41.3191],[44.264866,41.31926],[44.264544,41.319367],[44.264233,41.319466],[44.263931,41.319559],[44.263637,41.319646],[44.263348,41.319727],[44.263065,41.319803],[44.262786,41.319874],[44.262511,41.31994],[44.261741,41.320117],[44.261467,41.320177],[44.261217,41.320229],[44.26097,41.320277],[44.260737,41.320319],[44.260513,41.320355],[44.260298,41.320387],[44.260148,41.320406],[44.259994,41.320424],[44.259836,41.32044],[44.259674,41.320454],[44.259508,41.320467],[44.259337,41.320478],[44.258975,41.320496],[44.25863,41.320507],[44.258244,41.320514],[44.256837,41.320525],[44.256123,41.320532],[44.25553,41.320534],[44.25499,41.320532],[44.254489,41.320524],[44.254008,41.320511],[44.25355,41.320492],[44.25311,41.320468],[44.252687,41.320438],[44.25246,41.320419],[44.25223,41.320398],[44.251761,41.32035],[44.25128,41.320293],[44.250784,41.320227],[44.250273,41.320153],[44.249741,41.320069],[44.249185,41.319975],[44.248596,41.31987],[44.24815,41.319784],[44.247687,41.319689],[44.247203,41.319582],[44.24669,41.319462],[44.246186,41.31934],[44.245627,41.319199],[44.245076,41.319056],[44.243846,41.318735],[44.243378,41.318612],[44.242902,41.318485],[44.242419,41.318352],[44.241926,41.318214],[44.241424,41.31807],[44.240909,41.31792],[44.240381,41.317764],[44.239837,41.3176],[44.239304,41.317437],[44.23875,41.317265],[44.237556,41.316889],[44.236256,41.316473],[44.234248,41.315823],[44.23369,41.315641],[44.23311,41.315446],[44.2325,41.315238],[44.231849,41.315012],[44.230658,41.314591],[44.229803,41.314285],[44.224258,41.312366],[44.220812,41.3113],[44.21703,41.310218],[44.214562,41.309642],[44.214221,41.30959],[44.213227,41.309497],[44.211606,41.309407],[44.2108,41.309396],[44.208798,41.30943],[44.207552,41.309587],[44.206758,41.309723],[44.205715,41.309947],[44.204729,41.310212],[44.20409,41.310427],[44.201914,41.311265],[44.201227,41.311567],[44.198498,41.312832],[44.196032,41.314259],[44.1938,41.315724],[44.193132,41.316215],[44.191824,41.317343],[44.191707,41.317454],[44.191343,41.317835],[44.191012,41.318235],[44.190555,41.318879],[44.190429,41.31913],[44.190328,41.319395],[44.190183,41.319901],[44.19014,41.320237],[44.190134,41.320585],[44.190195,41.321219],[44.19031,41.321688],[44.190429,41.321992],[44.19059,41.322285],[44.190822,41.32261],[44.191123,41.322919],[44.191624,41.323349],[44.191883,41.323529],[44.192322,41.323769],[44.192852,41.324009],[44.19341,41.324236],[44.194248,41.324505],[44.194917,41.324672],[44.195795,41.324845],[44.196722,41.324941],[44.197519,41.324967],[44.198806,41.324946],[44.204042,41.324661],[44.204393,41.324643],[44.204713,41.32463],[44.205302,41.324606],[44.205589,41.324598],[44.205871,41.324595],[44.206,41.324596],[44.206124,41.3246],[44.206309,41.324608],[44.206497,41.324619],[44.206687,41.324633],[44.206879,41.32465],[44.207074,41.324671],[44.207269,41.324694],[44.207467,41.324721],[44.207665,41.324751],[44.207853,41.324782],[44.208046,41.324818],[44.208247,41.324859],[44.208456,41.324905],[44.208673,41.324956],[44.208906,41.325015],[44.209161,41.325081],[44.20947,41.325164],[44.209685,41.325224],[44.209901,41.325286],[44.210118,41.325351],[44.210336,41.325419],[44.210556,41.32549],[44.210776,41.325563],[44.210997,41.325639],[44.21122,41.325718],[44.211519,41.325827],[44.211793,41.32593],[44.21205,41.326029],[44.212291,41.326127],[44.212522,41.326224],[44.212742,41.32632],[44.212952,41.326417],[44.213153,41.326513],[44.213296,41.326586],[44.213443,41.326664],[44.213596,41.326749],[44.213758,41.326843],[44.214049,41.327018],[44.214683,41.32741],[44.21495,41.327569],[44.215422,41.327841],[44.216479,41.328436],[44.216944,41.328702],[44.217197,41.328849],[44.21743,41.328989],[44.217649,41.329123],[44.217857,41.329254],[44.218129,41.32943],[44.218402,41.329614],[44.218676,41.329806],[44.218954,41.330005],[44.219234,41.330214],[44.21952,41.330432],[44.219811,41.33066],[44.22011,41.330901],[44.220355,41.331103],[44.220609,41.331315],[44.220875,41.331541],[44.221158,41.331784],[44.221671,41.332232],[44.222839,41.333261],[44.223387,41.333737],[44.223855,41.334134],[44.224075,41.334318],[44.224288,41.334493],[44.234649,41.342907],[44.236792,41.344065],[44.243688,41.346156],[44.245786,41.346632],[44.246055,41.346677],[44.246126,41.346688],[44.246257,41.346705],[44.246532,41.346734],[44.247084,41.346785],[44.247311,41.346808],[44.247544,41.346836],[44.247745,41.346866],[44.24786,41.346887],[44.247966,41.34691],[44.248066,41.346935],[44.248159,41.346962],[44.248245,41.34699],[44.248326,41.347021],[44.2484,41.347055],[44.248469,41.34709],[44.248528,41.347125],[44.248583,41.347163],[44.248635,41.347203],[44.248685,41.347246],[44.248731,41.347291],[44.248774,41.34734],[44.248815,41.347391],[44.248853,41.347446],[44.248888,41.347503],[44.24892,41.347563],[44.24895,41.347627],[44.248976,41.347693],[44.249,41.347763],[44.249022,41.347836],[44.249041,41.347913],[44.249057,41.347993],[44.249078,41.348128],[44.249093,41.348273],[44.249103,41.348431],[44.249106,41.348604],[44.249105,41.348758],[44.2491,41.348932],[44.249074,41.349512],[44.249067,41.349725],[44.249064,41.34993],[44.249067,41.350112],[44.249076,41.35029],[44.249092,41.350454],[44.249094,41.350464],[44.249296,41.351735],[44.249523,41.352647],[44.249724,41.35318],[44.250244,41.354167],[44.250367,41.354347],[44.25155,41.355617],[44.251956,41.355973],[44.252748,41.356536],[44.254309,41.357474],[44.255251,41.357963],[44.256296,41.358374],[44.256765,41.358526],[44.257964,41.358801],[44.259073,41.358962],[44.259425,41.358997],[44.260427,41.359043],[44.260981,41.359047],[44.261388,41.359023],[44.261741,41.358987],[44.262526,41.358872],[44.262873,41.358809],[44.263083,41.358766],[44.263226,41.358728],[44.263551,41.358624],[44.26393,41.358494],[44.264374,41.358301],[44.264609,41.358158],[44.265266,41.357711],[44.265573,41.35748],[44.265873,41.357233],[44.266135,41.356969],[44.266667,41.35635],[44.266893,41.356011],[44.267098,41.355657],[44.267255,41.355311],[44.267465,41.35474],[44.268032,41.352338],[44.268578,41.350026],[44.26861,41.349905],[44.268668,41.349692],[44.268726,41.34949],[44.268784,41.349298],[44.26885,41.349091],[44.268917,41.348892],[44.268985,41.348701],[44.269055,41.348516],[44.269127,41.348336],[44.269202,41.348162],[44.269278,41.347992],[44.269358,41.347827],[44.269502,41.347545],[44.269658,41.347259],[44.269825,41.346969],[44.270005,41.346675],[44.270197,41.346377],[44.270401,41.346073],[44.270618,41.345764],[44.270848,41.345449],[44.271073,41.345148],[44.271255,41.344912],[44.271422,41.344699],[44.271581,41.344505],[44.271738,41.344321],[44.271892,41.344148],[44.272045,41.343986],[44.272197,41.343833],[44.272357,41.34368],[44.272519,41.343529],[44.272685,41.343381],[44.272853,41.343236],[44.273024,41.343095],[44.273197,41.342956],[44.273372,41.342821],[44.27355,41.34269],[44.273728,41.342562],[44.273909,41.342439],[44.27409,41.342319],[44.274273,41.342204],[44.274457,41.342092],[44.274642,41.341985],[44.274828,41.341883],[44.275015,41.341784],[44.275227,41.341677],[44.275432,41.341576],[44.27563,41.341482],[44.275824,41.341393],[44.276014,41.341309],[44.2762,41.34123],[44.276383,41.341157],[44.276563,41.341088],[44.276741,41.341023],[44.276917,41.340963],[44.277091,41.340908],[44.277262,41.340857],[44.277431,41.340811],[44.277599,41.340769],[44.277764,41.340732],[44.277928,41.340699],[44.278125,41.340666],[44.278333,41.340636],[44.278552,41.340611],[44.278787,41.34059],[44.279029,41.340573],[44.279296,41.340559],[44.279589,41.340547],[44.280033,41.340532],[44.280291,41.340525],[44.280553,41.340522],[44.280819,41.340521],[44.28109,41.340524],[44.281364,41.340529],[44.281643,41.340538],[44.281927,41.34055],[44.282215,41.340566],[44.28281,41.340599],[44.283148,41.340621],[44.283465,41.340646],[44.283749,41.340674],[44.283892,41.34069],[44.284029,41.340708],[44.284162,41.340727],[44.28429,41.340747],[44.284414,41.340768],[44.284535,41.340791],[44.284653,41.340816],[44.284767,41.340842],[44.285027,41.340908],[44.28528,41.340978],[44.285526,41.341054],[44.285765,41.341134],[44.285994,41.341218],[44.286214,41.341307],[44.286424,41.3414],[44.286525,41.341447],[44.286623,41.341496],[44.28671,41.341541],[44.286797,41.341588],[44.286885,41.341639],[44.286973,41.341692],[44.287151,41.341806],[44.287335,41.341934],[44.287517,41.342068],[44.287713,41.34222],[44.287921,41.342388],[44.288261,41.342669],[44.288589,41.34294],[44.288781,41.343102],[44.288957,41.343255],[44.28911,41.343396],[44.289255,41.343538],[44.289385,41.343676],[44.289501,41.34381],[44.289605,41.343941],[44.289718,41.3441],[44.289823,41.344263],[44.289922,41.344428],[44.290012,41.344596],[44.290093,41.344765],[44.290165,41.344934],[44.290229,41.345102],[44.290282,41.34527],[44.29031,41.345372],[44.290334,41.345479],[44.290356,41.345592],[44.290374,41.345713],[44.29039,41.345837],[44.290404,41.345973],[44.290431,41.346334],[44.290443,41.346575],[44.290449,41.346813],[44.290447,41.347045],[44.290438,41.347274],[44.290422,41.347497],[44.290399,41.347716],[44.290369,41.34793],[44.290331,41.348139],[44.29029,41.348324],[44.290241,41.348515],[44.290182,41.348713],[44.290114,41.348919],[44.290036,41.349133],[44.289948,41.349359],[44.289847,41.349603],[44.289726,41.34988],[44.289646,41.350056],[44.289557,41.350239],[44.289459,41.350429],[44.28935,41.350629],[44.289237,41.35083],[44.289109,41.351051],[44.288722,41.351699],[44.288541,41.351994],[44.288344,41.352299],[44.28813,41.352617],[44.287893,41.352957],[44.287684,41.353248],[44.287448,41.353571],[44.286688,41.354593],[44.28643,41.354942],[44.286198,41.355262],[44.285991,41.355554],[44.283746,41.35879],[44.28328,41.359655],[44.282739,41.360832],[44.282667,41.361037],[44.282611,41.361253],[44.282506,41.3618],[44.28239,41.362574],[44.282359,41.362841],[44.282334,41.36326],[44.282346,41.364003],[44.282416,41.364968],[44.28248,41.365443],[44.282528,41.365649],[44.282629,41.365937],[44.282935,41.366587],[44.283154,41.366913],[44.283346,41.367155],[44.28362,41.367438],[44.28409,41.367852],[44.284478,41.368163],[44.284765,41.368363],[44.285097,41.368548],[44.286411,41.369111],[44.28666,41.369196],[44.286959,41.369276],[44.287256,41.369336],[44.287869,41.369434],[44.288129,41.369461],[44.288724,41.369506],[44.288989,41.369516],[44.289438,41.369513],[44.290037,41.36949],[44.290434,41.369463],[44.290728,41.369431],[44.291165,41.369368],[44.291748,41.369251],[44.292098,41.369169],[44.292677,41.36902],[44.293257,41.368851],[44.293644,41.368721],[44.294232,41.368505],[44.296197,41.367612],[44.298847,41.366331],[44.299082,41.366206],[44.299831,41.365812],[44.300064,41.365691],[44.30267,41.364322],[44.303015,41.364135],[44.303391,41.363923],[44.303802,41.363686],[44.304641,41.363193],[44.305001,41.362984],[44.305383,41.362767],[44.305728,41.362576],[44.305934,41.362466],[44.306133,41.362362],[44.306327,41.362264],[44.306517,41.362171],[44.306704,41.362082],[44.306888,41.361998],[44.30707,41.361918],[44.307249,41.361842],[44.307565,41.361715],[44.307889,41.36159],[44.308221,41.361468],[44.308561,41.361349],[44.308909,41.361232],[44.309264,41.361118],[44.309629,41.361007],[44.310001,41.360898],[44.310382,41.360792],[44.310772,41.360688],[44.311171,41.360587],[44.311579,41.360488],[44.311996,41.360391],[44.312424,41.360297],[44.312862,41.360204],[44.313312,41.360113],[44.313705,41.360038],[44.314099,41.359966],[44.314495,41.359899],[44.314891,41.359835],[44.315287,41.359775],[44.315684,41.359719],[44.31608,41.359667],[44.316476,41.35962],[44.316872,41.359576],[44.317266,41.359537],[44.31766,41.359502],[44.318052,41.359471],[44.318442,41.359444],[44.318831,41.359421],[44.319218,41.359403],[44.319603,41.359388],[44.319886,41.359381],[44.320173,41.359376],[44.320465,41.359374],[44.320762,41.359374],[44.321063,41.359376],[44.321369,41.359382],[44.321681,41.35939],[44.321998,41.3594],[44.32232,41.359413],[44.32265,41.359429],[44.322987,41.359447],[44.323332,41.359468],[44.323686,41.359491],[44.32405,41.359518],[44.324427,41.359547],[44.324819,41.35958],[44.325421,41.359633],[44.325984,41.359688],[44.326517,41.359746],[44.327026,41.359806],[44.327516,41.35987],[44.327989,41.359937],[44.328445,41.360009],[44.328888,41.360085],[44.329219,41.360145],[44.329535,41.360204],[44.329837,41.360263],[44.330128,41.360322],[44.33041,41.360381],[44.330684,41.360441],[44.33095,41.360501],[44.331208,41.360562],[44.331462,41.360624],[44.33171,41.360687],[44.331952,41.360751],[44.332188,41.360817],[44.332419,41.360884],[44.332646,41.360952],[44.332867,41.361021],[44.333084,41.361092],[44.333347,41.361181],[44.333589,41.361265],[44.333817,41.361347],[44.334033,41.361427],[44.334239,41.361507],[44.334437,41.361586],[44.334626,41.361665],[44.334808,41.361744],[44.334909,41.361788],[44.335023,41.361835],[44.335451,41.362002],[44.335625,41.362072],[44.335799,41.362149],[44.335948,41.362222],[44.336031,41.362266],[44.336107,41.362311],[44.336177,41.362356],[44.336242,41.362402],[44.336302,41.362449],[44.336356,41.362497],[44.336406,41.362546],[44.336451,41.362596],[44.336501,41.362659],[44.336548,41.362726],[44.336594,41.362796],[44.336635,41.362867],[44.336674,41.36294],[44.336708,41.363013],[44.336739,41.363087],[44.336764,41.36316],[44.336778,41.363207],[44.33679,41.363255],[44.336799,41.363305],[44.336805,41.363357],[44.33681,41.363411],[44.336812,41.363466],[44.336809,41.363583],[44.336799,41.3637],[44.33678,41.363831],[44.336756,41.363962],[44.3367,41.364243],[44.336679,41.364342],[44.336655,41.364443],[44.336628,41.364545],[44.336596,41.364649],[44.336562,41.364754],[44.336524,41.36486],[44.336482,41.364968],[44.336436,41.365077],[44.336387,41.365188],[44.336335,41.365301],[44.336278,41.365415],[44.336218,41.365531],[44.336154,41.36565],[44.336086,41.365772],[44.335936,41.366023],[44.335879,41.366115],[44.335818,41.366208],[44.335753,41.366301],[44.335685,41.366396],[44.335537,41.36659],[44.335372,41.366791],[44.335194,41.366996],[44.334993,41.367217],[44.334765,41.367459],[44.334454,41.36778],[44.334245,41.367989],[44.33402,41.368203],[44.333778,41.368423],[44.333514,41.368653],[44.333244,41.36888],[44.33294,41.36913],[44.33262,41.369387],[44.332009,41.369872],[44.331815,41.370026],[44.331609,41.370185],[44.331391,41.370351],[44.331155,41.370527],[44.33072,41.370846],[44.329735,41.371561],[44.329299,41.371883],[44.327189,41.373469],[44.325811,41.374557],[44.324329,41.375873],[44.323648,41.376546],[44.323001,41.377255],[44.322799,41.377497],[44.322641,41.377724],[44.322434,41.378025],[44.322397,41.378091],[44.322297,41.378324],[44.322282,41.378341],[44.322251,41.378429],[44.322148,41.378668],[44.321973,41.379224],[44.321968,41.379255],[44.321891,41.37976],[44.321878,41.379846],[44.321861,41.380175],[44.321863,41.380578],[44.321896,41.381281],[44.321938,41.381637],[44.321971,41.381791],[44.322056,41.382076],[44.322281,41.38264],[44.322453,41.382956],[44.322588,41.383152],[44.322645,41.383234],[44.322768,41.383388],[44.323132,41.38379],[44.323393,41.384058],[44.324124,41.384727],[44.324559,41.385071],[44.325011,41.38539],[44.327395,41.386967],[44.328427,41.387593],[44.329494,41.388241],[44.330913,41.389162],[44.332287,41.390121],[44.332624,41.39038],[44.332965,41.390683],[44.333345,41.391069],[44.334216,41.392043],[44.334404,41.392291],[44.33452,41.392467],[44.33473,41.392871],[44.334852,41.393136],[44.334938,41.393388],[44.335078,41.394041],[44.335105,41.3944],[44.335113,41.394847],[44.335053,41.395637],[44.335006,41.395968],[44.334898,41.396405],[44.334782,41.396716],[44.334675,41.396951],[44.334107,41.398036],[44.333951,41.398289],[44.335525,41.399412],[44.336778,41.400253],[44.338081,41.401069],[44.338625,41.401388],[44.339013,41.401586],[44.339475,41.401772],[44.341945,41.402655],[44.343131,41.403031],[44.34374,41.403198],[44.344222,41.403319],[44.345186,41.403529],[44.345703,41.403631],[44.346377,41.403743],[44.347469,41.403896],[44.348403,41.404008],[44.351876,41.404387],[44.354783,41.404673],[44.356868,41.404865],[44.360961,41.405175],[44.365712,41.405514],[44.369023,41.405843],[44.371155,41.406117],[44.371718,41.4062],[44.374621,41.406759],[44.375595,41.407006],[44.37633,41.40723],[44.377222,41.407527],[44.377757,41.407713],[44.378537,41.40803],[44.380148,41.408725],[44.380891,41.40909],[44.381522,41.409408],[44.381926,41.409622],[44.382215,41.409792],[44.383312,41.410513],[44.383527,41.410663],[44.384587,41.411505],[44.384925,41.411781],[44.385371,41.412193],[44.386482,41.413283],[44.388193,41.415034],[44.389363,41.416199],[44.392594,41.419323],[44.39302,41.419689],[44.393889,41.420352],[44.395471,41.421284],[44.396404,41.421756],[44.397294,41.422123],[44.397556,41.422209],[44.398056,41.422326],[44.398603,41.422419],[44.399336,41.422498],[44.399502,41.422515],[44.400763,41.422605],[44.401166,41.422604],[44.40162,41.422578],[44.402823,41.42246],[44.403777,41.42228],[44.404345,41.422155],[44.404926,41.421986],[44.405269,41.42186],[44.405535,41.421756],[44.405744,41.421661],[44.406728,41.421128],[44.407174,41.420842],[44.407437,41.42066],[44.407649,41.420169],[44.407718,41.419945],[44.407775,41.419679],[44.407934,41.418257],[44.407974,41.417295],[44.408058,41.416889],[44.408245,41.416391],[44.408287,41.416305],[44.408356,41.416187],[44.40865,41.415791],[44.408986,41.415385],[44.409685,41.414693],[44.409745,41.414605],[44.409822,41.41449],[44.409867,41.41439],[44.40992,41.414226],[44.409952,41.414024],[44.409925,41.413118],[44.409977,41.412932],[44.410041,41.412837],[44.410109,41.412779],[44.410225,41.412719],[44.410983,41.412547],[44.411646,41.41239],[44.411653,41.412298],[44.411659,41.411895],[44.411593,41.41102],[44.411479,41.410437],[44.410748,41.407734],[44.410458,41.406813],[44.408506,41.402462],[44.406227,41.398462],[44.40532,41.396986],[44.402766,41.393134],[44.40031,41.389782],[44.397735,41.386774],[44.396319,41.38524],[44.393145,41.381983],[44.390075,41.379136],[44.386428,41.376108],[44.382837,41.373365],[44.379386,41.370901],[44.372035,41.366241],[44.369259,41.364384],[44.364819,41.361262]],[[44.609135,41.320098],[44.608733,41.320046],[44.608376,41.32063],[44.607495,41.322071],[44.607345,41.322382],[44.607282,41.322549],[44.607222,41.322889],[44.607316,41.323662],[44.608332,41.327531],[44.609141,41.327542],[44.612712,41.327576],[44.614115,41.32759],[44.614259,41.327609],[44.614373,41.327655],[44.61456,41.327764],[44.614665,41.327835],[44.61492,41.328017],[44.615011,41.328145],[44.615097,41.32836],[44.615076,41.328636],[44.615034,41.328806],[44.61486,41.329286],[44.614351,41.330203],[44.614316,41.330291],[44.614262,41.330485],[44.614269,41.330579],[44.614291,41.330638],[44.614391,41.33077],[44.614561,41.330957],[44.614895,41.331364],[44.615039,41.331571],[44.615243,41.331957],[44.615286,41.332272],[44.615293,41.332498],[44.61527,41.332656],[44.615221,41.332864],[44.615074,41.333309],[44.614967,41.333679],[44.614498,41.335391],[44.614468,41.335638],[44.614491,41.336119],[44.614588,41.336521],[44.614665,41.336843],[44.614738,41.336992],[44.614881,41.337231],[44.61535,41.337868],[44.615641,41.338231],[44.615754,41.338356],[44.615963,41.338557],[44.617052,41.339373],[44.617302,41.33897],[44.617693,41.338243],[44.617921,41.337761],[44.61865,41.335898],[44.619169,41.334471],[44.619429,41.333586],[44.61957,41.332969],[44.619652,41.332474],[44.619665,41.330879],[44.61957,41.329924],[44.619494,41.329489],[44.619167,41.328396],[44.618968,41.327872],[44.618442,41.326679],[44.618127,41.326108],[44.617656,41.325446],[44.617243,41.324958],[44.615872,41.32348],[44.61536,41.322993],[44.614128,41.321939],[44.613777,41.321706],[44.613325,41.321476],[44.611902,41.32085],[44.611254,41.320607],[44.610631,41.320396],[44.610243,41.320301],[44.609673,41.320183],[44.609135,41.320098]],[[44.603767,41.324861],[44.604116,41.322051],[44.60433,41.321363],[44.604406,41.321197],[44.604475,41.321087],[44.604619,41.320909],[44.605015,41.320482],[44.605813,41.31971],[44.603268,41.319501],[44.602935,41.31948],[44.599422,41.319256],[44.598191,41.31916],[44.597098,41.31903],[44.596088,41.318875],[44.594892,41.318617],[44.593034,41.318097],[44.592535,41.31793],[44.591937,41.31769],[44.590946,41.317134],[44.590138,41.31659],[44.5897,41.316234],[44.589532,41.316061],[44.590927,41.319009],[44.591426,41.319979],[44.591751,41.320501],[44.591881,41.320677],[44.59275,41.321599],[44.592915,41.321774],[44.593807,41.322668],[44.594147,41.322974],[44.594585,41.32333],[44.594798,41.323443],[44.595147,41.323548],[44.595401,41.323596],[44.595576,41.323607],[44.595756,41.323592],[44.596262,41.323453],[44.596263,41.323454],[44.596277,41.323449],[44.596846,41.32326],[44.597532,41.323007],[44.597731,41.322968],[44.5981,41.32295],[44.598303,41.322962],[44.598564,41.322999],[44.598923,41.323156],[44.599264,41.323448],[44.599459,41.323675],[44.599606,41.3239],[44.599847,41.324444],[44.599943,41.32476],[44.600044,41.325172],[44.600281,41.3265],[44.600451,41.327602],[44.60047,41.327697],[44.600571,41.328003],[44.600672,41.328237],[44.600976,41.328799],[44.601103,41.328969],[44.601226,41.329086],[44.601366,41.329209],[44.601442,41.329252],[44.601635,41.329346],[44.601919,41.329377],[44.602244,41.329376],[44.6025,41.329338],[44.602599,41.329287],[44.602797,41.329091],[44.602884,41.328966],[44.602942,41.328823],[44.603087,41.328372],[44.603299,41.32749],[44.603477,41.326543],[44.603674,41.325492],[44.603767,41.324861]]]}},{"type":"Feature","properties":{"Zone":"ბოლნისის მიკროზონა","Color":"#FBB887","isBg":false,"Area_km2":324.35},"geometry":{"type":"Polygon","coordinates":[[[44.464616,41.428235],[44.464722,41.429056],[44.464721,41.430072],[44.46465,41.430947],[44.464489,41.431637],[44.464388,41.432054],[44.464306,41.43222],[44.464206,41.432365],[44.463883,41.432725],[44.463392,41.433112],[44.463288,41.433179],[44.462811,41.433469],[44.462564,41.433571],[44.462351,41.433629],[44.462,41.433698],[44.461722,41.433703],[44.461478,41.433656],[44.461221,41.433578],[44.460847,41.43341],[44.460562,41.433245],[44.460377,41.433084],[44.46025,41.432933],[44.45981,41.432309],[44.459441,41.431785],[44.459085,41.431369],[44.45869,41.43096],[44.457722,41.430086],[44.457024,41.429525],[44.456547,41.429216],[44.455233,41.428445],[44.454979,41.428313],[44.454635,41.428167],[44.454251,41.428027],[44.453977,41.427963],[44.453823,41.427941],[44.453431,41.427911],[44.453104,41.427946],[44.452929,41.427985],[44.452746,41.428058],[44.452621,41.428134],[44.452501,41.428241],[44.452338,41.428476],[44.452131,41.428874],[44.452,41.429268],[44.451753,41.430152],[44.45163,41.430546],[44.451577,41.430689],[44.451519,41.430816],[44.451457,41.430918],[44.451355,41.431058],[44.451258,41.431161],[44.450925,41.43144],[44.450537,41.431696],[44.450347,41.431806],[44.450242,41.431836],[44.450164,41.431829],[44.450073,41.431799],[44.449994,41.431744],[44.449889,41.431646],[44.449801,41.431525],[44.449477,41.430907],[44.449422,41.430815],[44.449392,41.430781],[44.449337,41.430734],[44.449265,41.430683],[44.449216,41.43066],[44.449121,41.430626],[44.449064,41.430613],[44.448873,41.430591],[44.448643,41.430606],[44.448354,41.430654],[44.448232,41.430691],[44.447881,41.430821],[44.447414,41.431057],[44.444461,41.432679],[44.444103,41.432875],[44.442699,41.433622],[44.442472,41.43375],[44.442239,41.433894],[44.44174,41.43424],[44.440822,41.434958],[44.440472,41.435249],[44.439788,41.435884],[44.43933,41.436342],[44.439022,41.436664],[44.438847,41.436871],[44.43807,41.437838],[44.43777,41.438209],[44.437405,41.438636],[44.437155,41.438908],[44.437095,41.438969],[44.43697,41.439082],[44.436906,41.439132],[44.43673,41.43923],[44.436524,41.439331],[44.436017,41.439564],[44.435134,41.439874],[44.434889,41.439973],[44.434781,41.440025],[44.434585,41.440147],[44.434484,41.440222],[44.43431,41.440402],[44.434185,41.440569],[44.434116,41.44073],[44.434072,41.440883],[44.434032,41.441178],[44.434031,41.441475],[44.434067,41.441706],[44.434104,41.441849],[44.434177,41.442095],[44.434325,41.442548],[44.434381,41.442667],[44.434514,41.442875],[44.434925,41.443387],[44.435172,41.443658],[44.435737,41.444205],[44.436408,41.444777],[44.436683,41.444975],[44.437042,41.445198],[44.437535,41.445467],[44.437793,41.44559],[44.438073,41.445704],[44.438176,41.445734],[44.438451,41.445774],[44.438901,41.445814],[44.439639,41.445825],[44.441264,41.445804],[44.443147,41.445818],[44.443418,41.445828],[44.44357,41.445845],[44.443928,41.445897],[44.4441,41.445931],[44.444256,41.445968],[44.444381,41.44601],[44.444672,41.446149],[44.444934,41.446357],[44.445076,41.446506],[44.445135,41.446595],[44.445199,41.446723],[44.445244,41.446862],[44.445284,41.447115],[44.445277,41.447321],[44.445264,41.447418],[44.445224,41.447582],[44.445178,41.447724],[44.445037,41.448001],[44.444902,41.448226],[44.444769,41.448404],[44.443717,41.449731],[44.44338,41.450134],[44.44281,41.450756],[44.442631,41.450923],[44.442463,41.451053],[44.442345,41.45113],[44.442128,41.451253],[44.441881,41.451364],[44.441703,41.451414],[44.441607,41.451424],[44.441206,41.451439],[44.440914,41.451438],[44.440746,41.451408],[44.440619,41.451349],[44.440427,41.451238],[44.439628,41.45078],[44.43912,41.450507],[44.438806,41.450387],[44.438285,41.450224],[44.438096,41.450185],[44.437805,41.450168],[44.43735,41.450169],[44.436403,41.450259],[44.436041,41.450323],[44.435264,41.450489],[44.435189,41.45052],[44.434942,41.450668],[44.434759,41.450834],[44.434677,41.450932],[44.434625,41.451044],[44.434582,41.451232],[44.434565,41.451466],[44.434581,41.451965],[44.434629,41.452202],[44.434728,41.452494],[44.434767,41.452584],[44.434919,41.452827],[44.435123,41.453076],[44.435252,41.453196],[44.435479,41.453396],[44.435921,41.453694],[44.436136,41.453805],[44.436437,41.453923],[44.436651,41.453981],[44.436964,41.45403],[44.439151,41.454398],[44.439353,41.454455],[44.439489,41.454512],[44.439782,41.454686],[44.439845,41.454745],[44.439988,41.454921],[44.440051,41.455015],[44.440149,41.455276],[44.440217,41.455583],[44.440254,41.456009],[44.440268,41.457071],[44.440254,41.457428],[44.440227,41.458143],[44.440149,41.458386],[44.440014,41.458542],[44.439822,41.458667],[44.439666,41.458728],[44.439577,41.458747],[44.437989,41.458897],[44.437631,41.458931],[44.437521,41.458954],[44.437447,41.458981],[44.437323,41.459043],[44.4371,41.45922],[44.436714,41.459626],[44.436368,41.45999],[44.436237,41.460127],[44.436167,41.46018],[44.436041,41.460247],[44.435716,41.460393],[44.435532,41.460448],[44.435408,41.460473],[44.433487,41.460661],[44.432749,41.460733],[44.432636,41.460753],[44.432541,41.460778],[44.43225,41.460868],[44.431645,41.461113],[44.43034,41.461798],[44.430063,41.461959],[44.429926,41.462058],[44.429847,41.462128],[44.429673,41.462332],[44.429605,41.462432],[44.429488,41.462707],[44.429397,41.463026],[44.429365,41.463211],[44.429357,41.463423],[44.429372,41.463639],[44.429385,41.463751],[44.429584,41.464621],[44.429631,41.464829],[44.429646,41.465005],[44.429628,41.465217],[44.429598,41.465355],[44.429551,41.465459],[44.429441,41.465592],[44.429295,41.46574],[44.429009,41.465982],[44.428757,41.46617],[44.428636,41.466243],[44.42839,41.466369],[44.428174,41.466462],[44.428018,41.466496],[44.42782,41.466517],[44.427462,41.466544],[44.425868,41.466553],[44.425461,41.466571],[44.425297,41.466593],[44.425135,41.466624],[44.425046,41.466666],[44.424882,41.466778],[44.424742,41.466904],[44.424563,41.467109],[44.424478,41.467267],[44.424391,41.467493],[44.424366,41.46783],[44.424383,41.468153],[44.424453,41.46859],[44.424507,41.468726],[44.424578,41.468853],[44.424715,41.469066],[44.425286,41.469837],[44.426264,41.47106],[44.426686,41.471531],[44.426969,41.471789],[44.427491,41.472146],[44.42793,41.4724],[44.428083,41.472477],[44.428462,41.472647],[44.429069,41.472888],[44.430098,41.473245],[44.430465,41.473372],[44.430798,41.473519],[44.431323,41.473776],[44.43172,41.474033],[44.431909,41.474178],[44.432836,41.474949],[44.433361,41.475403],[44.433767,41.475806],[44.434852,41.476944],[44.436184,41.478414],[44.437811,41.480455],[44.43846,41.481227],[44.438833,41.481643],[44.439399,41.482204],[44.439788,41.48252],[44.440105,41.48271],[44.440204,41.482761],[44.440295,41.482798],[44.440448,41.482858],[44.440964,41.483041],[44.441437,41.483188],[44.441655,41.483241],[44.442169,41.483344],[44.442774,41.483451],[44.444575,41.48378],[44.445027,41.483873],[44.445483,41.483989],[44.446297,41.484216],[44.446659,41.484336],[44.447286,41.484577],[44.449118,41.485282],[44.449329,41.485349],[44.449482,41.485387],[44.449582,41.485401],[44.449928,41.485434],[44.450059,41.48544],[44.45031,41.485421],[44.450489,41.485396],[44.450711,41.485358],[44.450919,41.485286],[44.451059,41.485223],[44.451236,41.485124],[44.451329,41.485018],[44.451461,41.484832],[44.451622,41.484582],[44.452069,41.483817],[44.453053,41.482131],[44.453121,41.482051],[44.453179,41.481991],[44.45332,41.481889],[44.453526,41.481763],[44.453764,41.481651],[44.453933,41.481598],[44.454122,41.481554],[44.45446,41.481505],[44.454866,41.481489],[44.455004,41.4815],[44.455702,41.481581],[44.4561,41.481641],[44.456588,41.481724],[44.456769,41.48176],[44.457068,41.481834],[44.457538,41.481986],[44.458127,41.482197],[44.458402,41.482307],[44.458611,41.482414],[44.458689,41.482456],[44.458833,41.482554],[44.459123,41.482804],[44.459349,41.483048],[44.459498,41.483251],[44.459666,41.483554],[44.459759,41.483831],[44.459838,41.484198],[44.459863,41.484437],[44.459862,41.484805],[44.459843,41.485029],[44.459777,41.486161],[44.459753,41.48657],[44.459783,41.48707],[44.459832,41.487314],[44.459874,41.487455],[44.45995,41.487601],[44.460233,41.487945],[44.460467,41.488105],[44.460733,41.488253],[44.461151,41.488429],[44.461294,41.488477],[44.46147,41.488524],[44.461641,41.488552],[44.461802,41.488567],[44.462128,41.488578],[44.462558,41.488563],[44.462929,41.488518],[44.465712,41.488058],[44.466183,41.488029],[44.466298,41.488027],[44.466507,41.488048],[44.466745,41.488111],[44.466999,41.488201],[44.467355,41.488355],[44.46747,41.488433],[44.467652,41.488611],[44.467802,41.488796],[44.467977,41.489121],[44.468026,41.489276],[44.46811,41.489706],[44.468118,41.490205],[44.467964,41.491836],[44.467897,41.492554],[44.467827,41.49359],[44.467816,41.493953],[44.467836,41.494148],[44.467897,41.494572],[44.467969,41.494937],[44.468094,41.495415],[44.468239,41.495745],[44.468303,41.495875],[44.468445,41.496128],[44.468727,41.49655],[44.469354,41.497281],[44.469563,41.497494],[44.47001,41.497892],[44.471163,41.498814],[44.471268,41.49889],[44.471846,41.499279],[44.472602,41.499751],[44.473284,41.500086],[44.473914,41.500318],[44.474395,41.500451],[44.474736,41.500524],[44.475345,41.500628],[44.475952,41.500717],[44.476231,41.500747],[44.477112,41.500833],[44.484431,41.501543],[44.486321,41.501778],[44.487557,41.50195],[44.487968,41.502018],[44.488679,41.502165],[44.494555,41.503287],[44.495264,41.503379],[44.496968,41.503552],[44.498838,41.503668],[44.501647,41.503785],[44.506237,41.503974],[44.508024,41.5041],[44.508902,41.504189],[44.509717,41.504326],[44.510067,41.504387],[44.510657,41.504531],[44.513802,41.505429],[44.514315,41.505546],[44.514877,41.505608],[44.515306,41.505632],[44.519144,41.505728],[44.520907,41.505697],[44.521105,41.505674],[44.521338,41.505632],[44.522235,41.50529],[44.52724,41.503381],[44.531338,41.502028],[44.534,41.501094],[44.534592,41.500867],[44.539488,41.498742],[44.540434,41.498316],[44.54185,41.497725],[44.542038,41.497653],[44.542504,41.497502],[44.542957,41.497379],[44.544112,41.497135],[44.544894,41.49697],[44.545487,41.496868],[44.545918,41.496807],[44.546455,41.496753],[44.547557,41.496658],[44.54905,41.496581],[44.54966,41.496585],[44.550723,41.4966],[44.552351,41.496669],[44.552735,41.496736],[44.553065,41.496841],[44.553458,41.497019],[44.554811,41.497716],[44.556729,41.498703],[44.5577,41.499198],[44.55907,41.499895],[44.560091,41.500348],[44.560342,41.500445],[44.561072,41.500701],[44.562205,41.501013],[44.562417,41.501045],[44.563087,41.501073],[44.564005,41.501061],[44.565442,41.500964],[44.566008,41.500895],[44.566316,41.500838],[44.56674,41.500706],[44.567061,41.500575],[44.567536,41.500337],[44.568039,41.500027],[44.568281,41.499851],[44.569622,41.498679],[44.569726,41.498588],[44.570018,41.498446],[44.570197,41.498386],[44.570384,41.498355],[44.570824,41.498333],[44.572202,41.498351],[44.572538,41.498302],[44.572781,41.498186],[44.572785,41.498183],[44.573099,41.497764],[44.573372,41.49729],[44.573481,41.497061],[44.573634,41.496851],[44.573849,41.496606],[44.574381,41.496133],[44.574508,41.49605],[44.575493,41.495558],[44.575592,41.495466],[44.575681,41.495291],[44.575784,41.494989],[44.576172,41.493843],[44.576345,41.493492],[44.576665,41.493142],[44.577092,41.492744],[44.577281,41.49259],[44.577668,41.492381],[44.580693,41.490962],[44.58344,41.489672],[44.58392,41.489415],[44.584612,41.489101],[44.585442,41.488773],[44.589677,41.487336],[44.591522,41.48671],[44.59289,41.486219],[44.594601,41.485565],[44.597285,41.484447],[44.598514,41.483853],[44.601586,41.481961],[44.601877,41.481808],[44.602071,41.481716],[44.602534,41.481546],[44.602733,41.481491],[44.602894,41.48145],[44.603166,41.481434],[44.603894,41.481436],[44.604253,41.481455],[44.604471,41.481503],[44.605124,41.481799],[44.606115,41.482249],[44.606362,41.482318],[44.606662,41.482373],[44.606717,41.482381],[44.609242,41.482524],[44.609831,41.482631],[44.610269,41.48274],[44.61084,41.482936],[44.611447,41.483247],[44.611663,41.48338],[44.61192,41.483575],[44.61217,41.483806],[44.612329,41.483973],[44.612433,41.48412],[44.612488,41.484299],[44.612508,41.48461],[44.612503,41.484832],[44.612464,41.485005],[44.612209,41.485395],[44.611562,41.486095],[44.610674,41.486934],[44.610565,41.487153],[44.610535,41.487259],[44.610491,41.487602],[44.610562,41.48801],[44.610699,41.488318],[44.610896,41.488617],[44.61111,41.488872],[44.611372,41.489067],[44.611791,41.48929],[44.612241,41.48947],[44.612883,41.489687],[44.614171,41.490062],[44.614808,41.490217],[44.615183,41.490298],[44.615471,41.490357],[44.616296,41.490438],[44.617391,41.490475],[44.619759,41.490326],[44.621515,41.490215],[44.621811,41.490229],[44.622167,41.490313],[44.622482,41.490429],[44.624237,41.491225],[44.629115,41.493436],[44.629664,41.493647],[44.630137,41.493807],[44.631205,41.494131],[44.631965,41.494346],[44.63236,41.494449],[44.633049,41.494608],[44.633381,41.494676],[44.634101,41.494797],[44.635051,41.494909],[44.636685,41.49505],[44.637397,41.495067],[44.64155,41.495023],[44.643006,41.494941],[44.643686,41.49488],[44.644345,41.494793],[44.652446,41.493363],[44.653582,41.493221],[44.654312,41.493158],[44.654968,41.493145],[44.657776,41.493235],[44.661224,41.493344],[44.662684,41.493328],[44.663398,41.493295],[44.66448,41.493178],[44.664752,41.493136],[44.665343,41.493015],[44.665814,41.492862],[44.668392,41.491609],[44.670569,41.490552],[44.672253,41.4898],[44.672735,41.489602],[44.673389,41.489381],[44.674025,41.489231],[44.675017,41.489037],[44.675323,41.488992],[44.675894,41.488939],[44.67835,41.488841],[44.678967,41.488827],[44.685005,41.488836],[44.685951,41.488802],[44.686821,41.488739],[44.687163,41.488693],[44.68745,41.48865],[44.688514,41.488393],[44.688801,41.488313],[44.689126,41.488189],[44.689604,41.487983],[44.690458,41.487546],[44.690776,41.487365],[44.691341,41.487007],[44.691568,41.486843],[44.692463,41.486029],[44.692593,41.4859],[44.692886,41.48558],[44.693884,41.48449],[44.694126,41.484254],[44.694466,41.484027],[44.69465,41.483936],[44.69481,41.483883],[44.6951,41.483841],[44.695455,41.483852],[44.695868,41.483917],[44.696638,41.48411],[44.697333,41.484284],[44.698371,41.484495],[44.698812,41.484559],[44.699368,41.484597],[44.700841,41.484603],[44.702438,41.484546],[44.702862,41.484487],[44.703418,41.48439],[44.705041,41.484001],[44.706219,41.483777],[44.706629,41.483713],[44.707086,41.483682],[44.707922,41.483667],[44.709075,41.483733],[44.709515,41.483775],[44.710291,41.4839],[44.711356,41.484113],[44.712153,41.484291],[44.71269,41.48446],[44.712929,41.484552],[44.713892,41.484988],[44.717479,41.486807],[44.724934,41.490587],[44.725172,41.490705],[44.727618,41.491867],[44.727752,41.490829],[44.727829,41.490405],[44.728061,41.489747],[44.728191,41.489484],[44.728387,41.489132],[44.728576,41.488901],[44.728769,41.488718],[44.728919,41.488608],[44.729536,41.488276],[44.73289,41.486473],[44.733906,41.485971],[44.734412,41.485733],[44.73691,41.48469],[44.73704,41.484613],[44.737217,41.48448],[44.737504,41.484233],[44.738375,41.483308],[44.73924,41.482281],[44.739576,41.481842],[44.740158,41.480981],[44.740975,41.479653],[44.741195,41.479325],[44.741965,41.477919],[44.744723,41.471836],[44.744832,41.471688],[44.745023,41.471592],[44.746036,41.471472],[44.746302,41.471422],[44.746565,41.471351],[44.7467,41.47129],[44.746831,41.471184],[44.746933,41.471043],[44.747,41.470893],[44.747046,41.470611],[44.747002,41.469734],[44.746952,41.469467],[44.746935,41.469421],[44.746853,41.469283],[44.746402,41.468819],[44.746336,41.468696],[44.74621,41.468292],[44.746205,41.468193],[44.746262,41.467931],[44.746314,41.467778],[44.74706,41.466153],[44.748027,41.464046],[44.749491,41.460625],[44.75032,41.458704],[44.751174,41.456494],[44.751872,41.454338],[44.751984,41.453876],[44.752025,41.453188],[44.751991,41.452577],[44.751521,41.449749],[44.751247,41.449144],[44.751085,41.448967],[44.750851,41.448876],[44.750319,41.448744],[44.749266,41.448486],[44.747413,41.448032],[44.745493,41.447562],[44.744616,41.447466],[44.743814,41.4474],[44.743159,41.447346],[44.741749,41.447141],[44.741333,41.447051],[44.74079,41.446886],[44.740613,41.446829],[44.740375,41.446691],[44.739897,41.446304],[44.738984,41.445419],[44.736308,41.443128],[44.73601,41.44298],[44.735746,41.44291],[44.735388,41.442892],[44.731547,41.443273],[44.731297,41.443309],[44.730879,41.443395],[44.730606,41.44347],[44.729636,41.443788],[44.729202,41.44393],[44.728656,41.444087],[44.727643,41.444335],[44.727053,41.444445],[44.726937,41.444449],[44.726782,41.444438],[44.726656,41.4444],[44.726537,41.444324],[44.726358,41.444179],[44.725623,41.443582],[44.724603,41.442939],[44.723789,41.442426],[44.723062,41.441943],[44.722862,41.441788],[44.722615,41.441565],[44.722544,41.441449],[44.722507,41.441256],[44.722545,41.441042],[44.722591,41.440939],[44.72281,41.440651],[44.723218,41.440224],[44.723475,41.439916],[44.723556,41.439793],[44.723577,41.439722],[44.723571,41.439599],[44.723534,41.439507],[44.723495,41.439451],[44.723339,41.43937],[44.72322,41.439336],[44.722961,41.439303],[44.722851,41.439303],[44.722733,41.439311],[44.722644,41.439324],[44.722474,41.439369],[44.721632,41.439621],[44.720355,41.440041],[44.719881,41.440196],[44.719118,41.440447],[44.71852,41.440671],[44.718413,41.440719],[44.717698,41.441067],[44.716321,41.441793],[44.715912,41.442009],[44.71569,41.442119],[44.715485,41.442203],[44.715189,41.442276],[44.715026,41.442302],[44.714755,41.442287],[44.714591,41.442259],[44.714443,41.442216],[44.714345,41.442171],[44.714194,41.442083],[44.714038,41.441953],[44.713987,41.441895],[44.713929,41.441777],[44.713869,41.441587],[44.713811,41.4413],[44.713693,41.440446],[44.713639,41.439769],[44.713654,41.438625],[44.713728,41.438079],[44.713757,41.437969],[44.713925,41.437549],[44.713963,41.437462],[44.714416,41.436622],[44.714532,41.436406],[44.714611,41.436157],[44.714656,41.435826],[44.71466,41.435439],[44.714633,41.434884],[44.714621,41.434636],[44.71458,41.434417],[44.714547,41.434279],[44.71449,41.434137],[44.714432,41.434057],[44.714245,41.433882],[44.713445,41.433221],[44.713105,41.43294],[44.71275,41.432647],[44.71269,41.432581],[44.712545,41.432367],[44.712496,41.432257],[44.712451,41.432058],[44.712479,41.431905],[44.712535,41.431811],[44.712703,41.431635],[44.712828,41.431565],[44.712971,41.431507],[44.713022,41.431496],[44.714291,41.431288],[44.716736,41.430889],[44.717247,41.430777],[44.718728,41.430362],[44.719457,41.430146],[44.719991,41.429943],[44.720152,41.429873],[44.720451,41.429722],[44.720609,41.4296],[44.720697,41.429509],[44.720753,41.429428],[44.720791,41.429319],[44.720816,41.428739],[44.720774,41.428495],[44.720573,41.427928],[44.72032,41.427211],[44.720193,41.426772],[44.72013,41.42646],[44.720108,41.426219],[44.720105,41.42578],[44.720124,41.425621],[44.72024,41.425073],[44.720285,41.424918],[44.720349,41.424778],[44.720528,41.424548],[44.720616,41.424458],[44.720809,41.424326],[44.720878,41.424288],[44.72102,41.424235],[44.721271,41.424163],[44.721518,41.424141],[44.721669,41.424138],[44.721803,41.42416],[44.72192,41.42418],[44.722172,41.424268],[44.722241,41.424305],[44.722363,41.424405],[44.722448,41.424486],[44.722681,41.424747],[44.72396,41.426802],[44.724027,41.426895],[44.724149,41.427017],[44.724238,41.427074],[44.724341,41.427127],[44.724509,41.42718],[44.724612,41.427202],[44.724713,41.427212],[44.724876,41.427186],[44.725016,41.427138],[44.725178,41.427061],[44.725387,41.426935],[44.727553,41.425382],[44.727632,41.425323],[44.72749,41.425139],[44.727322,41.424903],[44.727264,41.424755],[44.727227,41.424582],[44.72716,41.424095],[44.727068,41.422892],[44.727023,41.422427],[44.727071,41.422263],[44.727148,41.422186],[44.727252,41.422122],[44.727347,41.422096],[44.727439,41.422081],[44.727889,41.42203],[44.728823,41.421956],[44.729665,41.42189],[44.730161,41.421834],[44.730358,41.4218],[44.730511,41.421769],[44.730631,41.421737],[44.731175,41.421574],[44.731962,41.421338],[44.732184,41.421288],[44.732285,41.421267],[44.73244,41.421245],[44.732764,41.421217],[44.732986,41.421212],[44.735591,41.421222],[44.736231,41.42123],[44.736686,41.421246],[44.736896,41.421259],[44.737068,41.421291],[44.737248,41.421343],[44.737558,41.421505],[44.737655,41.421586],[44.737745,41.421692],[44.737807,41.421816],[44.738014,41.422981],[44.738194,41.423523],[44.738607,41.424153],[44.738841,41.42451],[44.739987,41.42614],[44.740083,41.426251],[44.740199,41.426364],[44.740293,41.42643],[44.740386,41.426477],[44.740464,41.4265],[44.74071,41.426506],[44.740843,41.426493],[44.741069,41.426442],[44.744122,41.425434],[44.744253,41.425419],[44.744378,41.425411],[44.744457,41.42542],[44.744572,41.42546],[44.744673,41.425582],[44.744704,41.425732],[44.744698,41.425957],[44.744657,41.426211],[44.744628,41.426323],[44.744574,41.426468],[44.744522,41.426557],[44.744408,41.426706],[44.744106,41.427048],[44.743465,41.427735],[44.743173,41.428076],[44.743101,41.428183],[44.743051,41.428269],[44.742987,41.428421],[44.742945,41.428581],[44.742922,41.428725],[44.742911,41.428944],[44.742919,41.429124],[44.742931,41.429215],[44.74296,41.429343],[44.742988,41.429402],[44.743078,41.42953],[44.743116,41.429562],[44.743205,41.429621],[44.743343,41.429665],[44.74343,41.429684],[44.743837,41.429676],[44.74394,41.429667],[44.744132,41.429632],[44.744669,41.429498],[44.744838,41.429438],[44.744923,41.429399],[44.745043,41.429341],[44.745265,41.42922],[44.745562,41.429039],[44.745734,41.428924],[44.74596,41.428803],[44.746056,41.428762],[44.746224,41.428708],[44.746409,41.428655],[44.746757,41.428591],[44.746945,41.428562],[44.747238,41.42853],[44.748042,41.428428],[44.748213,41.428398],[44.748458,41.428346],[44.748721,41.428274],[44.748911,41.428207],[44.749182,41.428095],[44.749753,41.427873],[44.75135,41.427261],[44.755262,41.425763],[44.755348,41.425724],[44.755454,41.425667],[44.755579,41.425578],[44.755645,41.42552],[44.755683,41.425468],[44.755717,41.425398],[44.755752,41.425236],[44.755773,41.424194],[44.755834,41.423443],[44.755866,41.423272],[44.755913,41.423123],[44.755947,41.423059],[44.756006,41.422984],[44.75608,41.422928],[44.756176,41.422881],[44.756291,41.422833],[44.756386,41.422801],[44.756475,41.422787],[44.756648,41.422789],[44.756959,41.422826],[44.757617,41.422926],[44.758607,41.423192],[44.758949,41.423273],[44.75912,41.423299],[44.759461,41.423323],[44.75997,41.423342],[44.760337,41.423311],[44.760448,41.423294],[44.760849,41.423217],[44.760926,41.423196],[44.761162,41.423109],[44.76131,41.423038],[44.761475,41.422922],[44.76198,41.422379],[44.762933,41.421356],[44.763204,41.421096],[44.763395,41.420957],[44.763621,41.420825],[44.764212,41.420517],[44.764628,41.42032],[44.76504,41.42015],[44.765233,41.420083],[44.765644,41.419991],[44.766065,41.419908],[44.766571,41.419869],[44.767036,41.419858],[44.769103,41.419884],[44.769963,41.419913],[44.770222,41.419933],[44.770353,41.419952],[44.770507,41.420001],[44.770619,41.42004],[44.770726,41.420092],[44.770852,41.420182],[44.770962,41.420273],[44.77102,41.420335],[44.771088,41.420425],[44.771152,41.420534],[44.771239,41.420745],[44.771408,41.421269],[44.771586,41.421714],[44.771707,41.422016],[44.77177,41.422124],[44.771856,41.422224],[44.771918,41.422286],[44.772015,41.422356],[44.77226,41.422434],[44.772557,41.422451],[44.772752,41.422433],[44.772958,41.422386],[44.773064,41.422352],[44.773308,41.422256],[44.773438,41.422178],[44.773621,41.422048],[44.773954,41.421759],[44.774989,41.420741],[44.775108,41.420652],[44.775213,41.420617],[44.775317,41.420596],[44.775652,41.420657],[44.776089,41.420775],[44.776415,41.420879],[44.776769,41.421014],[44.777534,41.421358],[44.778007,41.421581],[44.77825,41.421694],[44.778464,41.421782],[44.778569,41.421818],[44.778734,41.421861],[44.778834,41.421874],[44.778918,41.42187],[44.779049,41.421848],[44.779244,41.421751],[44.779331,41.42169],[44.779567,41.421494],[44.779634,41.421416],[44.779674,41.421354],[44.779709,41.421283],[44.779746,41.421147],[44.77978,41.420969],[44.779801,41.420846],[44.779793,41.420458],[44.779779,41.420197],[44.779756,41.420015],[44.779677,41.41913],[44.779664,41.418688],[44.779696,41.418451],[44.779751,41.418334],[44.779809,41.418248],[44.779896,41.418146],[44.781364,41.417203],[44.781441,41.417063],[44.781509,41.416524],[44.78151,41.41619],[44.781598,41.415886],[44.78171,41.415696],[44.782145,41.415535],[44.782797,41.415295],[44.783481,41.414969],[44.783708,41.41483],[44.78392,41.414671],[44.784154,41.414461],[44.784322,41.414292],[44.784407,41.41419],[44.784515,41.414036],[44.784623,41.413861],[44.784689,41.413735],[44.784753,41.413583],[44.784844,41.41331],[44.784928,41.412942],[44.78496,41.412705],[44.784969,41.412157],[44.784958,41.41196],[44.784831,41.410611],[44.784732,41.409862],[44.784691,41.409712],[44.784577,41.409417],[44.784541,41.409324],[44.78444,41.409195],[44.784331,41.409147],[44.784188,41.409104],[44.784028,41.409073],[44.783664,41.409069],[44.783533,41.409082],[44.78335,41.409119],[44.783128,41.409204],[44.782935,41.409312],[44.782127,41.409855],[44.782041,41.409897],[44.781948,41.40993],[44.781825,41.409962],[44.781438,41.410028],[44.780939,41.410079],[44.780804,41.410084],[44.78037,41.410053],[44.778697,41.409934],[44.778374,41.409918],[44.778029,41.409921],[44.777163,41.409991],[44.776661,41.410031],[44.776393,41.410063],[44.775291,41.410208],[44.774539,41.410326],[44.773843,41.410445],[44.773422,41.410528],[44.773322,41.410551],[44.772863,41.41068],[44.772743,41.410725],[44.772622,41.410778],[44.772336,41.410929],[44.772209,41.411001],[44.77166,41.411345],[44.766394,41.414983],[44.764951,41.415917],[44.76409,41.416456],[44.761774,41.417821],[44.761346,41.418014],[44.760964,41.418131],[44.760736,41.418182],[44.760379,41.418203],[44.760156,41.418204],[44.759608,41.41815],[44.75937,41.418112],[44.759079,41.418046],[44.758698,41.41793],[44.758467,41.417841],[44.758234,41.417722],[44.757985,41.417575],[44.757274,41.417093],[44.756032,41.416066],[44.752677,41.413206],[44.752206,41.412879],[44.750438,41.411837],[44.748086,41.410664],[44.747346,41.410242],[44.744101,41.408183],[44.741968,41.406575],[44.740666,41.405478],[44.740564,41.405413],[44.740413,41.405369],[44.740153,41.40531],[44.739746,41.405249],[44.739222,41.405149],[44.739112,41.405116],[44.738919,41.405012],[44.738737,41.40487],[44.738513,41.404672],[44.738377,41.404532],[44.738125,41.404212],[44.738046,41.404052],[44.738007,41.403812],[44.73801,41.403432],[44.738053,41.403074],[44.73813,41.402675],[44.738205,41.402448],[44.738505,41.401636],[44.738712,41.401118],[44.73878,41.400838],[44.738852,41.400388],[44.738938,41.399743],[44.73901,41.399302],[44.739088,41.399003],[44.739128,41.398895],[44.739193,41.398789],[44.739306,41.39864],[44.739431,41.398532],[44.739552,41.398461],[44.739746,41.398406],[44.739865,41.398395],[44.740323,41.39838],[44.741724,41.398333],[44.741957,41.398323],[44.742088,41.39831],[44.742169,41.398292],[44.742331,41.398193],[44.742532,41.39788],[44.742644,41.397706],[44.742841,41.39734],[44.742877,41.397254],[44.742914,41.397143],[44.742945,41.396991],[44.742932,41.396775],[44.742908,41.396636],[44.742836,41.39641],[44.742775,41.396311],[44.742576,41.39612],[44.742195,41.395816],[44.741512,41.395301],[44.74047,41.394609],[44.739115,41.393761],[44.737151,41.392561],[44.736425,41.392095],[44.736089,41.391858],[44.735749,41.391577],[44.735359,41.391228],[44.735118,41.390938],[44.735039,41.390827],[44.734765,41.390375],[44.734712,41.390269],[44.734628,41.389976],[44.734622,41.389858],[44.734644,41.389686],[44.734715,41.389357],[44.734783,41.389156],[44.734869,41.388965],[44.735855,41.387326],[44.736008,41.387046],[44.736145,41.386757],[44.736214,41.386584],[44.73638,41.386081],[44.736421,41.385946],[44.736461,41.385779],[44.736485,41.385639],[44.736529,41.385108],[44.736485,41.384468],[44.736464,41.384154],[44.736405,41.383645],[44.73638,41.383488],[44.73635,41.38338],[44.736169,41.38276],[44.736125,41.382639],[44.736033,41.382435],[44.735861,41.382106],[44.735598,41.381634],[44.735477,41.381452],[44.735389,41.381335],[44.734549,41.380359],[44.734167,41.379975],[44.733536,41.379381],[44.732936,41.378859],[44.732001,41.378119],[44.731514,41.377764],[44.730964,41.377406],[44.729425,41.376492],[44.728456,41.375988],[44.727744,41.375656],[44.725624,41.374738],[44.723923,41.374051],[44.722894,41.373638],[44.722048,41.373321],[44.721641,41.373184],[44.721169,41.373045],[44.716907,41.371977],[44.715939,41.371772],[44.715384,41.371671],[44.713916,41.371441],[44.712629,41.371262],[44.711796,41.371163],[44.710919,41.371084],[44.708537,41.370928],[44.70762,41.370881],[44.707091,41.370867],[44.698184,41.3709],[44.696318,41.370913],[44.683931,41.371146],[44.681417,41.371117],[44.679921,41.371084],[44.673403,41.370759],[44.665657,41.370352],[44.664057,41.370221],[44.662139,41.369947],[44.661817,41.369889],[44.660778,41.369693],[44.660138,41.369557],[44.659229,41.369343],[44.658727,41.369205],[44.657149,41.368691],[44.655791,41.368196],[44.654711,41.367719],[44.651574,41.366182],[44.650873,41.365784],[44.648059,41.36405],[44.647044,41.363366],[44.644492,41.361456],[44.639052,41.357005],[44.637768,41.355941],[44.635455,41.353798],[44.632764,41.351334],[44.63102,41.349737],[44.629668,41.348735],[44.623498,41.344374],[44.617123,41.339426],[44.615963,41.338557],[44.615754,41.338356],[44.615641,41.338231],[44.61535,41.337868],[44.614881,41.337231],[44.614738,41.336992],[44.614665,41.336843],[44.614588,41.336521],[44.614491,41.336119],[44.614468,41.335638],[44.614498,41.335391],[44.614967,41.333679],[44.615074,41.333309],[44.615221,41.332864],[44.61527,41.332656],[44.615293,41.332498],[44.615286,41.332272],[44.615243,41.331957],[44.615039,41.331571],[44.614895,41.331364],[44.614561,41.330957],[44.614391,41.33077],[44.614291,41.330638],[44.614269,41.330579],[44.614262,41.330485],[44.614316,41.330291],[44.614351,41.330203],[44.61486,41.329286],[44.615034,41.328806],[44.615076,41.328636],[44.615097,41.32836],[44.615011,41.328145],[44.61492,41.328017],[44.614665,41.327835],[44.61456,41.327764],[44.614373,41.327655],[44.614259,41.327609],[44.614115,41.32759],[44.612712,41.327576],[44.609141,41.327542],[44.608332,41.327531],[44.607316,41.323662],[44.607222,41.322889],[44.607282,41.322549],[44.607345,41.322382],[44.607495,41.322071],[44.608376,41.32063],[44.608987,41.31963],[44.610525,41.316933],[44.61084,41.3165],[44.610943,41.316387],[44.611086,41.316268],[44.611196,41.316197],[44.611312,41.316172],[44.612012,41.316085],[44.61297,41.315993],[44.613165,41.315944],[44.613342,41.315873],[44.613497,41.315753],[44.613585,41.315685],[44.613681,41.315557],[44.613801,41.315319],[44.613844,41.315094],[44.613833,41.314912],[44.613653,41.314014],[44.613484,41.313392],[44.613425,41.313214],[44.613296,41.313069],[44.613173,41.312974],[44.613006,41.312893],[44.612582,41.312766],[44.611653,41.312598],[44.611127,41.312464],[44.610722,41.312325],[44.610492,41.312208],[44.610143,41.311955],[44.609651,41.311516],[44.609482,41.311411],[44.609283,41.311299],[44.60921,41.311283],[44.609078,41.311304],[44.608954,41.311368],[44.608859,41.311535],[44.608847,41.311768],[44.608884,41.31198],[44.609479,41.313319],[44.609565,41.313513],[44.609689,41.313975],[44.609761,41.314562],[44.609775,41.314994],[44.609695,41.315329],[44.609661,41.315396],[44.60941,41.315832],[44.609252,41.316106],[44.60897,41.316525],[44.608763,41.316788],[44.608257,41.317346],[44.605015,41.320482],[44.604619,41.320909],[44.604475,41.321087],[44.604406,41.321197],[44.60433,41.321363],[44.604116,41.322051],[44.603767,41.324861],[44.603674,41.325492],[44.603477,41.326543],[44.603299,41.32749],[44.603087,41.328372],[44.602942,41.328823],[44.602884,41.328966],[44.602797,41.329091],[44.602599,41.329287],[44.6025,41.329338],[44.602244,41.329376],[44.601919,41.329377],[44.601635,41.329346],[44.601442,41.329252],[44.601366,41.329209],[44.601226,41.329086],[44.601103,41.328969],[44.600976,41.328799],[44.600672,41.328237],[44.600571,41.328003],[44.60047,41.327697],[44.600451,41.327602],[44.600281,41.3265],[44.600044,41.325172],[44.599943,41.32476],[44.599847,41.324444],[44.599606,41.3239],[44.599459,41.323675],[44.599264,41.323448],[44.598923,41.323156],[44.598564,41.322999],[44.598303,41.322962],[44.5981,41.32295],[44.597731,41.322968],[44.597532,41.323007],[44.596846,41.32326],[44.596277,41.323449],[44.596263,41.323454],[44.596262,41.323453],[44.595756,41.323592],[44.595576,41.323607],[44.595401,41.323596],[44.595147,41.323548],[44.594798,41.323443],[44.594585,41.32333],[44.594147,41.322974],[44.593807,41.322668],[44.592915,41.321774],[44.59275,41.321599],[44.591881,41.320677],[44.591751,41.320501],[44.591426,41.319979],[44.590927,41.319009],[44.589057,41.315057],[44.588856,41.314767],[44.58877,41.31466],[44.588702,41.314603],[44.588271,41.314369],[44.588059,41.314299],[44.587733,41.314234],[44.587289,41.314185],[44.585592,41.314096],[44.584982,41.314103],[44.584288,41.314131],[44.583942,41.314187],[44.583712,41.314248],[44.583584,41.314295],[44.58337,41.314393],[44.583197,41.314543],[44.583134,41.314649],[44.5831,41.315013],[44.5831,41.315244],[44.583162,41.315777],[44.583294,41.31633],[44.583388,41.31659],[44.583551,41.316948],[44.583756,41.317303],[44.584113,41.317784],[44.584421,41.318127],[44.584999,41.31868],[44.5859,41.319408],[44.586753,41.319951],[44.587865,41.320553],[44.588504,41.320851],[44.59193,41.322452],[44.592331,41.322682],[44.59259,41.322853],[44.592815,41.323051],[44.59338,41.32374],[44.593548,41.323886],[44.593752,41.324021],[44.59378,41.324038],[44.594184,41.324176],[44.594889,41.324339],[44.596382,41.324567],[44.596554,41.324625],[44.596701,41.324683],[44.596817,41.324747],[44.596969,41.324864],[44.59705,41.32497],[44.59711,41.325173],[44.597116,41.325261],[44.597098,41.325401],[44.596946,41.325628],[44.596707,41.325838],[44.596522,41.325963],[44.596278,41.326101],[44.595846,41.32628],[44.595562,41.326369],[44.595213,41.326443],[44.594931,41.326485],[44.594501,41.326491],[44.593972,41.326475],[44.593281,41.326406],[44.592774,41.326336],[44.591691,41.326095],[44.590269,41.325673],[44.589733,41.32551],[44.588304,41.325035],[44.587799,41.324859],[44.58555,41.323893],[44.584683,41.323415],[44.584403,41.323216],[44.584211,41.323048],[44.58314,41.321881],[44.582741,41.321554],[44.58245,41.321395],[44.581938,41.321201],[44.581722,41.32117],[44.581419,41.321151],[44.581244,41.32115],[44.581004,41.321158],[44.580489,41.321245],[44.580114,41.321338],[44.579794,41.321464],[44.579566,41.3216],[44.579442,41.321685],[44.579307,41.321814],[44.579169,41.322077],[44.579113,41.322263],[44.579061,41.322667],[44.57905,41.325954],[44.57903,41.326171],[44.578995,41.326365],[44.578885,41.326751],[44.578716,41.327163],[44.578241,41.3281],[44.577639,41.329178],[44.577423,41.329524],[44.576856,41.330307],[44.576707,41.330491],[44.575165,41.332172],[44.574692,41.332687],[44.574553,41.332929],[44.574431,41.333258],[44.574379,41.333808],[44.574428,41.334233],[44.574538,41.334512],[44.574765,41.334917],[44.57493,41.335095],[44.575129,41.335264],[44.575728,41.335634],[44.576046,41.335829],[44.576783,41.336284],[44.577128,41.336403],[44.577466,41.336489],[44.577994,41.336538],[44.578999,41.336507],[44.579256,41.336477],[44.579364,41.336443],[44.579664,41.336292],[44.580035,41.336034],[44.580417,41.335666],[44.580708,41.335273],[44.581533,41.333542],[44.581898,41.332775],[44.582072,41.332426],[44.58225,41.332169],[44.582377,41.332038],[44.582514,41.331921],[44.582667,41.331857],[44.58284,41.331805],[44.583098,41.331758],[44.583346,41.331759],[44.588482,41.332474],[44.589424,41.332605],[44.593387,41.333188],[44.594187,41.333322],[44.594834,41.333443],[44.595032,41.333516],[44.595249,41.333658],[44.595459,41.333849],[44.595612,41.334025],[44.595838,41.334387],[44.596733,41.335775],[44.596959,41.336028],[44.59715,41.336151],[44.598588,41.336609],[44.598858,41.336632],[44.599078,41.336602],[44.599246,41.336493],[44.599756,41.335927],[44.60004,41.335695],[44.600141,41.335643],[44.60021,41.335623],[44.600315,41.335626],[44.60055,41.335737],[44.600883,41.335942],[44.601038,41.336074],[44.601142,41.336226],[44.601239,41.336448],[44.601298,41.336699],[44.601841,41.339982],[44.602028,41.340712],[44.602119,41.340964],[44.602379,41.341436],[44.602492,41.341552],[44.602781,41.341717],[44.603141,41.341847],[44.603581,41.341879],[44.604148,41.341855],[44.604626,41.341804],[44.605469,41.341634],[44.605721,41.341577],[44.605925,41.341523],[44.607101,41.341095],[44.607647,41.340895],[44.607886,41.340819],[44.608075,41.340772],[44.608236,41.340749],[44.608403,41.340737],[44.608589,41.340753],[44.608695,41.340769],[44.60886,41.340803],[44.608995,41.34094],[44.609063,41.341119],[44.609085,41.341368],[44.608973,41.34202],[44.608898,41.34222],[44.60873,41.342493],[44.608595,41.342677],[44.608138,41.3433],[44.608007,41.343538],[44.607968,41.343655],[44.607921,41.343891],[44.607947,41.344216],[44.608026,41.344591],[44.60813,41.344861],[44.608233,41.345022],[44.608494,41.345285],[44.609934,41.346323],[44.610483,41.346781],[44.610718,41.347024],[44.610816,41.347182],[44.61087,41.347395],[44.61084,41.347533],[44.610765,41.347696],[44.61007,41.34858],[44.609901,41.348829],[44.609059,41.35039],[44.608858,41.350619],[44.608759,41.350683],[44.608577,41.350732],[44.60833,41.350753],[44.605516,41.350817],[44.605355,41.350845],[44.605195,41.350892],[44.604985,41.351],[44.604898,41.351094],[44.604804,41.351278],[44.604823,41.351559],[44.604936,41.351832],[44.605084,41.352132],[44.60522,41.352407],[44.605276,41.352569],[44.605286,41.352658],[44.605257,41.352782],[44.605093,41.352961],[44.604296,41.35379],[44.604229,41.353896],[44.604128,41.354104],[44.604062,41.354363],[44.604022,41.354751],[44.604035,41.356253],[44.604089,41.357387],[44.604168,41.357896],[44.6042,41.358002],[44.604285,41.35821],[44.604362,41.358337],[44.605137,41.35924],[44.605297,41.359466],[44.605413,41.359665],[44.605518,41.359924],[44.605553,41.360077],[44.605615,41.360645],[44.605621,41.360854],[44.605647,41.361001],[44.605728,41.361327],[44.605832,41.361577],[44.605958,41.361762],[44.606181,41.362016],[44.607137,41.36287],[44.607183,41.362938],[44.607226,41.363184],[44.607244,41.363617],[44.607251,41.363768],[44.607193,41.364289],[44.607129,41.364576],[44.607039,41.36477],[44.606945,41.364899],[44.606815,41.365015],[44.606409,41.365213],[44.606234,41.365234],[44.606081,41.365237],[44.605891,41.365199],[44.605686,41.365116],[44.605071,41.364832],[44.604936,41.364774],[44.604793,41.364738],[44.604536,41.364723],[44.604351,41.364732],[44.603973,41.364791],[44.601613,41.365325],[44.60058,41.365533],[44.598961,41.365792],[44.597946,41.365939],[44.597649,41.365974],[44.592826,41.366024],[44.591726,41.366059],[44.591587,41.36608],[44.591395,41.366176],[44.590557,41.366648],[44.590354,41.366718],[44.590178,41.366753],[44.589805,41.366776],[44.589276,41.36678],[44.588839,41.366759],[44.588468,41.366713],[44.587957,41.366594],[44.587716,41.366517],[44.587565,41.366453],[44.587225,41.366268],[44.58697,41.366077],[44.586532,41.36564],[44.586316,41.365359],[44.586152,41.365146],[44.58597,41.364937],[44.585692,41.364658],[44.585589,41.364554],[44.585501,41.364489],[44.585236,41.364367],[44.584861,41.36423],[44.58415,41.36402],[44.584014,41.363983],[44.581217,41.363225],[44.581018,41.363145],[44.580543,41.362845],[44.580291,41.362645],[44.580081,41.362387],[44.580045,41.36231],[44.579954,41.362084],[44.579351,41.360589],[44.579257,41.360457],[44.579133,41.360331],[44.579001,41.360296],[44.578869,41.360309],[44.578549,41.360433],[44.578414,41.36051],[44.578138,41.360715],[44.57805,41.360873],[44.577998,41.361104],[44.577966,41.361556],[44.577893,41.362521],[44.577823,41.362747],[44.577802,41.362784],[44.577667,41.36291],[44.577382,41.363032],[44.577254,41.363123],[44.57716,41.36323],[44.577068,41.363362],[44.577021,41.363471],[44.576935,41.363698],[44.576872,41.364255],[44.576798,41.364436],[44.576729,41.364555],[44.57666,41.364651],[44.576435,41.364886],[44.576282,41.365088],[44.576076,41.365439],[44.576059,41.365534],[44.576064,41.365959],[44.576097,41.366268],[44.576245,41.366525],[44.576521,41.366803],[44.57667,41.366893],[44.577059,41.367056],[44.577235,41.367122],[44.577514,41.367214],[44.577835,41.367269],[44.578203,41.36731],[44.578974,41.367361],[44.579982,41.367406],[44.581299,41.367516],[44.581735,41.367589],[44.581927,41.367633],[44.582251,41.367744],[44.582793,41.36797],[44.583354,41.368263],[44.583605,41.368438],[44.583697,41.368557],[44.583753,41.36868],[44.583751,41.369061],[44.58373,41.369184],[44.583644,41.369375],[44.58329,41.369614],[44.583092,41.369778],[44.582883,41.369978],[44.582787,41.370101],[44.582717,41.370216],[44.58235,41.370866],[44.582127,41.371261],[44.582031,41.371431],[44.58188,41.371781],[44.581864,41.37191],[44.581873,41.37217],[44.581937,41.372325],[44.582131,41.372456],[44.582253,41.372507],[44.582999,41.372834],[44.583823,41.373167],[44.584295,41.373327],[44.584433,41.373371],[44.585178,41.37355],[44.585863,41.373679],[44.587564,41.373911],[44.587916,41.373952],[44.588854,41.374035],[44.592262,41.374145],[44.592564,41.374179],[44.592802,41.374229],[44.593071,41.374346],[44.593317,41.37447],[44.594355,41.374992],[44.595503,41.375649],[44.595746,41.375799],[44.596744,41.376498],[44.599242,41.378437],[44.600954,41.37987],[44.602102,41.380937],[44.60272,41.381609],[44.603248,41.382297],[44.603473,41.382652],[44.604147,41.383825],[44.604777,41.385028],[44.604968,41.385577],[44.605011,41.385756],[44.605041,41.385966],[44.605032,41.38622],[44.604978,41.386442],[44.604903,41.386645],[44.604688,41.387032],[44.604563,41.387207],[44.604451,41.387343],[44.604116,41.387633],[44.603916,41.387748],[44.60372,41.387809],[44.60355,41.387832],[44.603224,41.387872],[44.603008,41.387856],[44.6029,41.387838],[44.602665,41.387765],[44.601816,41.387351],[44.601778,41.387339],[44.601629,41.387319],[44.6013,41.387312],[44.600567,41.38736],[44.600344,41.387387],[44.600119,41.387452],[44.599862,41.38755],[44.599664,41.387636],[44.599392,41.387779],[44.598786,41.388119],[44.598275,41.388406],[44.597825,41.38863],[44.597563,41.388708],[44.597152,41.388765],[44.596969,41.388763],[44.596658,41.388724],[44.596385,41.388636],[44.595232,41.388193],[44.59495,41.388097],[44.59492,41.388089],[44.594831,41.388072],[44.59441,41.38802],[44.593304,41.387961],[44.592826,41.387952],[44.591077,41.387962],[44.588954,41.38801],[44.588287,41.388042],[44.587798,41.388081],[44.586818,41.388194],[44.586398,41.388257],[44.585963,41.388331],[44.585186,41.388482],[44.585034,41.388518],[44.584652,41.388617],[44.584371,41.388695],[44.58349,41.388986],[44.581744,41.389626],[44.579767,41.390367],[44.579185,41.390616],[44.578379,41.391035],[44.578089,41.391219],[44.577572,41.391574],[44.575282,41.393321],[44.574728,41.393796],[44.574256,41.394247],[44.574092,41.394424],[44.573719,41.394908],[44.573535,41.395192],[44.573008,41.395975],[44.572849,41.39619],[44.572678,41.39638],[44.572312,41.396713],[44.571852,41.397128],[44.57153,41.397414],[44.571409,41.397552],[44.57117,41.397903],[44.571106,41.398022],[44.570809,41.39876],[44.570604,41.399146],[44.570408,41.399385],[44.568949,41.400647],[44.568729,41.400912],[44.56817,41.401678],[44.5676,41.402402],[44.567056,41.402995],[44.566035,41.40402],[44.565497,41.4045],[44.565152,41.404768],[44.565042,41.404846],[44.564743,41.40501],[44.564607,41.405076],[44.564194,41.405218],[44.563687,41.405337],[44.563416,41.405369],[44.563289,41.405375],[44.563113,41.405375],[44.562836,41.40534],[44.562694,41.405307],[44.562525,41.405246],[44.56234,41.405143],[44.562128,41.404962],[44.562068,41.404883],[44.561583,41.403787],[44.561339,41.403236],[44.561285,41.403171],[44.561206,41.403101],[44.561024,41.403001],[44.559875,41.402502],[44.559396,41.402266],[44.55896,41.401984],[44.558798,41.401858],[44.558316,41.401413],[44.558105,41.401284],[44.557804,41.401131],[44.556983,41.400773],[44.556729,41.400645],[44.556553,41.400552],[44.556333,41.400406],[44.556153,41.400185],[44.556029,41.399924],[44.555917,41.399548],[44.555609,41.398672],[44.555511,41.398532],[44.555379,41.398431],[44.55521,41.398361],[44.554721,41.398196],[44.554205,41.398022],[44.553924,41.397874],[44.553816,41.397792],[44.553647,41.397534],[44.553588,41.397354],[44.553424,41.396655],[44.55339,41.396449],[44.553326,41.396126],[44.553353,41.395823],[44.553469,41.395477],[44.553516,41.395386],[44.553693,41.395208],[44.553797,41.395144],[44.554329,41.39492],[44.554586,41.394734],[44.554949,41.394395],[44.555062,41.394247],[44.555179,41.394003],[44.555336,41.393635],[44.555375,41.39357],[44.555587,41.3933],[44.556263,41.392856],[44.556671,41.392605],[44.55695,41.392464],[44.557236,41.39232],[44.557563,41.392157],[44.557738,41.392052],[44.557863,41.391942],[44.558136,41.391603],[44.558603,41.391025],[44.558769,41.39084],[44.559213,41.390465],[44.559397,41.39037],[44.559845,41.39024],[44.560292,41.390152],[44.560694,41.390118],[44.561112,41.39009],[44.562049,41.390025],[44.562616,41.389936],[44.563153,41.389783],[44.563336,41.389717],[44.563664,41.389568],[44.565138,41.388689],[44.565897,41.388322],[44.566198,41.388201],[44.566567,41.388078],[44.567052,41.387947],[44.567441,41.387886],[44.568891,41.387694],[44.569095,41.387661],[44.569371,41.387601],[44.569586,41.387489],[44.569923,41.387281],[44.570546,41.38679],[44.570885,41.386599],[44.571877,41.386143],[44.572157,41.386024],[44.572259,41.385957],[44.572396,41.385833],[44.572515,41.385673],[44.572568,41.385561],[44.572591,41.38549],[44.572604,41.385311],[44.572559,41.385095],[44.572518,41.38502],[44.572448,41.384974],[44.571449,41.384809],[44.5712,41.384746],[44.570896,41.38463],[44.570771,41.384552],[44.570613,41.3844],[44.570457,41.384189],[44.570001,41.383291],[44.569651,41.382602],[44.569521,41.382423],[44.569431,41.382336],[44.569323,41.382275],[44.569147,41.382231],[44.568982,41.382214],[44.568825,41.382215],[44.568622,41.382251],[44.568536,41.382287],[44.568395,41.382369],[44.568301,41.382436],[44.568182,41.38255],[44.568108,41.382734],[44.568084,41.382873],[44.56801,41.383446],[44.567996,41.383856],[44.56798,41.384092],[44.567955,41.384242],[44.56788,41.384471],[44.567833,41.384551],[44.567723,41.38467],[44.567607,41.384771],[44.567422,41.38488],[44.56725,41.384927],[44.567002,41.384969],[44.566614,41.385002],[44.566315,41.384978],[44.566023,41.384933],[44.565834,41.384896],[44.565591,41.384777],[44.56545,41.384687],[44.56537,41.384596],[44.564865,41.383582],[44.564622,41.383023],[44.564458,41.382684],[44.564334,41.382425],[44.564176,41.382097],[44.564043,41.381767],[44.563944,41.381381],[44.563814,41.380872],[44.563748,41.38063],[44.563552,41.380159],[44.56349,41.380072],[44.563369,41.380024],[44.563079,41.379967],[44.562923,41.379969],[44.562808,41.379997],[44.562703,41.380064],[44.562616,41.380174],[44.562462,41.38053],[44.562226,41.381079],[44.562125,41.381226],[44.562058,41.381255],[44.561962,41.381272],[44.561827,41.381258],[44.561707,41.381183],[44.561504,41.38088],[44.561442,41.380788],[44.561105,41.380285],[44.560724,41.379792],[44.560296,41.379338],[44.560069,41.379097],[44.559581,41.378464],[44.559481,41.378283],[44.55927,41.3778],[44.558508,41.375414],[44.558129,41.374227],[44.557941,41.373774],[44.55789,41.373669],[44.557764,41.373465],[44.557675,41.373375],[44.557591,41.373305],[44.557243,41.373123],[44.557162,41.373091],[44.556954,41.373057],[44.556743,41.373068],[44.556552,41.373119],[44.556283,41.373291],[44.556141,41.37343],[44.556025,41.373678],[44.555971,41.374012],[44.555963,41.374286],[44.555967,41.37444],[44.556028,41.374592],[44.556232,41.374823],[44.55683,41.375492],[44.557378,41.376106],[44.557459,41.376231],[44.557509,41.376336],[44.557551,41.376755],[44.557593,41.377605],[44.557638,41.378543],[44.557706,41.378831],[44.557817,41.379113],[44.558026,41.379466],[44.558598,41.380311],[44.558954,41.380838],[44.559082,41.38109],[44.559144,41.381254],[44.55943,41.382221],[44.559495,41.382554],[44.559501,41.38262],[44.559532,41.383073],[44.5595,41.38447],[44.559457,41.384918],[44.559375,41.38541],[44.559325,41.385492],[44.559172,41.385671],[44.559091,41.385734],[44.558954,41.385808],[44.55881,41.385858],[44.558683,41.38588],[44.558513,41.385897],[44.557173,41.385881],[44.556262,41.385822],[44.555996,41.385789],[44.555478,41.385676],[44.553646,41.385016],[44.553138,41.384891],[44.552103,41.38471],[44.550397,41.384411],[44.549893,41.384315],[44.549556,41.384211],[44.549231,41.384072],[44.549065,41.383924],[44.549003,41.383811],[44.548984,41.383704],[44.548995,41.38357],[44.549039,41.383508],[44.54921,41.383381],[44.549242,41.383363],[44.549522,41.383267],[44.550051,41.383115],[44.550712,41.382926],[44.550826,41.382867],[44.55094,41.38278],[44.550982,41.382702],[44.551019,41.38261],[44.551025,41.382388],[44.551036,41.382027],[44.551039,41.381579],[44.551016,41.381338],[44.550958,41.381092],[44.55091,41.38101],[44.550809,41.380932],[44.550736,41.380905],[44.550575,41.380862],[44.550311,41.380867],[44.550158,41.380903],[44.550039,41.380957],[44.549932,41.381028],[44.549802,41.381172],[44.549427,41.381655],[44.549276,41.381761],[44.549099,41.381828],[44.548285,41.381848],[44.546975,41.38188],[44.546604,41.381897],[44.546256,41.381949],[44.546121,41.381985],[44.546049,41.382011],[44.545976,41.382062],[44.54593,41.38213],[44.545901,41.382357],[44.545947,41.382443],[44.546045,41.382572],[44.546174,41.382672],[44.546772,41.383163],[44.546827,41.383239],[44.546901,41.383433],[44.54706,41.383976],[44.547183,41.384395],[44.547401,41.384675],[44.547515,41.384783],[44.547757,41.384973],[44.548557,41.385524],[44.549887,41.386439],[44.550033,41.386604],[44.550124,41.386755],[44.550407,41.387373],[44.550507,41.38772],[44.55057,41.388066],[44.550633,41.388578],[44.55063,41.388734],[44.550618,41.389375],[44.550556,41.389491],[44.550398,41.389639],[44.550116,41.389803],[44.549894,41.389889],[44.549743,41.389922],[44.549553,41.389948],[44.549018,41.389972],[44.548184,41.389981],[44.547437,41.389945],[44.546973,41.389899],[44.546578,41.389823],[44.546274,41.389756],[44.54563,41.389542],[44.545539,41.389502],[44.545238,41.389321],[44.544347,41.388681],[44.543583,41.387997],[44.543296,41.387645],[44.54267,41.386681],[44.542525,41.386535],[44.542277,41.386357],[44.541805,41.386098],[44.541139,41.385816],[44.539825,41.385261],[44.539423,41.385063],[44.539325,41.385002],[44.538966,41.38477],[44.538842,41.384615],[44.538475,41.38353],[44.538404,41.383312],[44.538324,41.383127],[44.538222,41.382961],[44.537976,41.382668],[44.53773,41.382452],[44.537255,41.382172],[44.537129,41.38211],[44.536971,41.382043],[44.53647,41.381899],[44.536299,41.381868],[44.535982,41.381849],[44.535752,41.381869],[44.535535,41.381939],[44.535434,41.38201],[44.534761,41.382686],[44.534246,41.383163],[44.533997,41.383358],[44.533738,41.383518],[44.533602,41.38357],[44.533338,41.383601],[44.533106,41.383606],[44.532896,41.383559],[44.532762,41.383517],[44.532429,41.383352],[44.529896,41.382009],[44.529518,41.381789],[44.529358,41.381675],[44.529236,41.381537],[44.529199,41.381429],[44.529174,41.381225],[44.529172,41.381054],[44.529222,41.380894],[44.529308,41.380703],[44.529425,41.380614],[44.5296,41.380531],[44.530346,41.380265],[44.53055,41.380144],[44.530737,41.379964],[44.530863,41.379811],[44.53099,41.379575],[44.53109,41.379345],[44.531221,41.378825],[44.531308,41.378671],[44.531512,41.378424],[44.531864,41.378137],[44.53236,41.377845],[44.533026,41.377549],[44.533381,41.377391],[44.53363,41.377244],[44.533723,41.377164],[44.533815,41.377021],[44.53388,41.376814],[44.533899,41.376627],[44.533885,41.376478],[44.533816,41.375883],[44.533813,41.37497],[44.533852,41.374761],[44.533957,41.374666],[44.534108,41.374614],[44.53439,41.374555],[44.53452,41.374554],[44.534776,41.374581],[44.534937,41.374632],[44.535252,41.374815],[44.53568,41.375112],[44.536308,41.375791],[44.536521,41.375919],[44.536694,41.375985],[44.536872,41.376042],[44.537274,41.376113],[44.537661,41.376109],[44.537901,41.37606],[44.538021,41.376001],[44.538104,41.375925],[44.538154,41.375837],[44.538192,41.375735],[44.538221,41.375425],[44.538242,41.375188],[44.538267,41.374446],[44.538246,41.374179],[44.538189,41.374097],[44.53809,41.374035],[44.536686,41.373525],[44.536293,41.373382],[44.53618,41.373336],[44.536071,41.37328],[44.535863,41.37312],[44.535714,41.372964],[44.535668,41.372804],[44.535717,41.372547],[44.535799,41.372472],[44.535988,41.372381],[44.536224,41.37233],[44.536453,41.372308],[44.536726,41.372298],[44.537265,41.372304],[44.537652,41.372347],[44.53791,41.372413],[44.538207,41.372514],[44.538468,41.372628],[44.539001,41.37299],[44.539122,41.373079],[44.539859,41.373498],[44.540028,41.37355],[44.540393,41.373612],[44.540597,41.37362],[44.540811,41.373583],[44.540934,41.373537],[44.541135,41.373405],[44.541324,41.373158],[44.541387,41.372903],[44.541325,41.372623],[44.541271,41.372532],[44.54116,41.372433],[44.540999,41.372316],[44.540252,41.372005],[44.540157,41.371927],[44.540078,41.371836],[44.540033,41.371726],[44.540035,41.371488],[44.540084,41.371251],[44.540191,41.37104],[44.540298,41.37091],[44.540324,41.370882],[44.540487,41.370798],[44.540615,41.370747],[44.541272,41.370536],[44.542242,41.370224],[44.542383,41.370176],[44.54264,41.370053],[44.542962,41.369855],[44.543257,41.369631],[44.543345,41.369498],[44.543384,41.36938],[44.543404,41.369245],[44.543391,41.369113],[44.543303,41.368922],[44.543217,41.368736],[44.543028,41.368573],[44.542751,41.368467],[44.542409,41.368418],[44.542337,41.368425],[44.542133,41.368468],[44.539983,41.369308],[44.539605,41.369434],[44.539396,41.369487],[44.539047,41.369535],[44.538694,41.369536],[44.537647,41.36942],[44.536258,41.369297],[44.535983,41.369306],[44.535616,41.369361],[44.535329,41.369424],[44.535202,41.369477],[44.535066,41.369558],[44.534881,41.369733],[44.534788,41.369847],[44.53426,41.370451],[44.534079,41.370642],[44.533949,41.37075],[44.533818,41.370816],[44.533664,41.370888],[44.532805,41.371279],[44.532399,41.371416],[44.532271,41.371444],[44.531775,41.371501],[44.531285,41.37153],[44.529101,41.371657],[44.528641,41.371715],[44.528367,41.371793],[44.528148,41.371889],[44.527965,41.37201],[44.527711,41.372231],[44.527171,41.373152],[44.526839,41.373716],[44.526684,41.373969],[44.526489,41.374219],[44.526338,41.374368],[44.52616,41.374477],[44.525981,41.374547],[44.525739,41.374605],[44.525384,41.374644],[44.525042,41.374657],[44.524653,41.374631],[44.524537,41.374609],[44.524333,41.374551],[44.524165,41.374481],[44.523984,41.374375],[44.5238,41.374236],[44.523674,41.37408],[44.523568,41.373859],[44.523458,41.373576],[44.523112,41.372825],[44.523017,41.37266],[44.522884,41.372499],[44.522778,41.372418],[44.522555,41.372266],[44.521683,41.371864],[44.521499,41.371772],[44.521351,41.371671],[44.521235,41.371538],[44.521197,41.371424],[44.521183,41.371302],[44.521214,41.371206],[44.521298,41.371111],[44.521483,41.370983],[44.521755,41.3709],[44.522454,41.370655],[44.522549,41.370607],[44.522628,41.370544],[44.522691,41.370435],[44.522694,41.370102],[44.522619,41.369901],[44.522491,41.36984],[44.522368,41.369804],[44.522242,41.369788],[44.521851,41.36976],[44.52047,41.369663],[44.520155,41.369619],[44.519649,41.369516],[44.519031,41.369304],[44.518384,41.369043],[44.518093,41.368913],[44.517463,41.368576],[44.517121,41.368364],[44.516626,41.368072],[44.516477,41.368017],[44.516324,41.367983],[44.516205,41.367968],[44.515566,41.367927],[44.512991,41.367901],[44.512104,41.367944],[44.51051,41.368029],[44.509398,41.368089],[44.50898,41.368096],[44.508643,41.368055],[44.508436,41.367988],[44.50831,41.367923],[44.508206,41.367832],[44.508131,41.367721],[44.508051,41.367484],[44.507907,41.366481],[44.507839,41.366233],[44.507783,41.366103],[44.507727,41.366011],[44.507568,41.365829],[44.507263,41.365604],[44.507034,41.365467],[44.506856,41.365399],[44.506641,41.365342],[44.506259,41.365278],[44.506024,41.365258],[44.504252,41.365236],[44.502078,41.365227],[44.501825,41.365212],[44.501518,41.36518],[44.501184,41.365118],[44.500889,41.36503],[44.500765,41.364986],[44.500518,41.364858],[44.500398,41.364774],[44.499446,41.363742],[44.499049,41.363347],[44.498916,41.363239],[44.498643,41.363055],[44.498562,41.363013],[44.498393,41.362933],[44.497775,41.362721],[44.497186,41.362613],[44.496728,41.362565],[44.496366,41.362557],[44.495873,41.362569],[44.495495,41.362616],[44.495027,41.362723],[44.494356,41.362941],[44.492929,41.363525],[44.491663,41.364043],[44.49091,41.364261],[44.490764,41.36431],[44.489678,41.364847],[44.488909,41.365284],[44.488793,41.365333],[44.488599,41.365384],[44.488338,41.365416],[44.486756,41.365528],[44.48608,41.365575],[44.485918,41.365642],[44.485845,41.365706],[44.485754,41.365864],[44.485747,41.365922],[44.485764,41.366001],[44.485883,41.366174],[44.486077,41.366354],[44.486501,41.366601],[44.486627,41.366665],[44.486827,41.36674],[44.48781,41.36702],[44.488308,41.367112],[44.488773,41.367155],[44.489135,41.367172],[44.489727,41.36715],[44.490061,41.36712],[44.490916,41.367012],[44.492558,41.366755],[44.49274,41.366752],[44.492967,41.366753],[44.49312,41.366771],[44.493371,41.366835],[44.493486,41.366885],[44.494416,41.367412],[44.494551,41.367453],[44.494748,41.367476],[44.497214,41.367636],[44.498176,41.367662],[44.498401,41.367686],[44.498589,41.367733],[44.498783,41.367845],[44.498869,41.367935],[44.498952,41.368068],[44.499031,41.368269],[44.499058,41.368567],[44.499002,41.369193],[44.498945,41.369479],[44.498823,41.369707],[44.498693,41.369901],[44.498366,41.370196],[44.498081,41.370488],[44.497922,41.370696],[44.497787,41.370943],[44.497578,41.371473],[44.497431,41.371854],[44.497363,41.372032],[44.497267,41.372335],[44.497186,41.372414],[44.49706,41.372466],[44.496893,41.3725],[44.49641,41.372586],[44.495846,41.372686],[44.495694,41.372715],[44.495345,41.372809],[44.494862,41.372978],[44.494653,41.373067],[44.494448,41.373213],[44.494368,41.373306],[44.494344,41.373404],[44.494362,41.37353],[44.494439,41.373641],[44.494619,41.373778],[44.494827,41.373909],[44.496009,41.374424],[44.496719,41.374694],[44.496949,41.37475],[44.497121,41.374766],[44.497969,41.374753],[44.498651,41.374742],[44.498922,41.374738],[44.499152,41.374767],[44.499278,41.374815],[44.499373,41.374902],[44.499427,41.374998],[44.499459,41.375084],[44.499434,41.375278],[44.49936,41.375449],[44.499261,41.375606],[44.499036,41.375863],[44.498214,41.376802],[44.4981,41.376967],[44.498072,41.377048],[44.498049,41.377139],[44.498053,41.377272],[44.498086,41.377389],[44.4982,41.377556],[44.498284,41.377628],[44.498711,41.37785],[44.4992,41.378047],[44.499283,41.378121],[44.499365,41.37827],[44.499373,41.378458],[44.499328,41.37857],[44.499196,41.378711],[44.498384,41.379337],[44.498237,41.379526],[44.498201,41.379585],[44.498151,41.379782],[44.498084,41.380405],[44.49804,41.381387],[44.497964,41.381817],[44.497847,41.382195],[44.497763,41.382308],[44.497673,41.382403],[44.497554,41.382499],[44.497454,41.382555],[44.497271,41.382617],[44.496983,41.382684],[44.496374,41.382714],[44.49624,41.382711],[44.495363,41.382693],[44.494961,41.382654],[44.494627,41.3826],[44.494196,41.382498],[44.493261,41.382142],[44.492777,41.3819],[44.491922,41.381391],[44.491613,41.381191],[44.491178,41.380909],[44.490997,41.3808],[44.490719,41.380666],[44.490491,41.380591],[44.490289,41.380559],[44.490128,41.380555],[44.489988,41.38056],[44.489666,41.380572],[44.489198,41.380666],[44.489126,41.380695],[44.488903,41.380811],[44.488651,41.381005],[44.488534,41.381147],[44.488471,41.381229],[44.488406,41.381331],[44.488368,41.381459],[44.488328,41.381659],[44.488324,41.381785],[44.488379,41.381985],[44.488524,41.382177],[44.488735,41.382393],[44.489688,41.383089],[44.489802,41.383213],[44.489874,41.383316],[44.489946,41.383432],[44.490108,41.383913],[44.490285,41.384528],[44.490405,41.384868],[44.490569,41.385252],[44.490762,41.385574],[44.490991,41.385826],[44.491193,41.386006],[44.491609,41.386291],[44.491975,41.38648],[44.492236,41.38658],[44.492445,41.386643],[44.493017,41.386785],[44.493904,41.386972],[44.494547,41.387095],[44.494664,41.387129],[44.494857,41.387221],[44.494975,41.387318],[44.49504,41.387403],[44.495222,41.387985],[44.495621,41.389264],[44.495655,41.389341],[44.49574,41.389429],[44.495855,41.389482],[44.49596,41.389509],[44.496208,41.38954],[44.496424,41.389541],[44.496652,41.389527],[44.496901,41.389466],[44.497512,41.389206],[44.497681,41.389119],[44.497838,41.388999],[44.497934,41.388874],[44.497987,41.388789],[44.498026,41.388634],[44.498051,41.387451],[44.498106,41.38712],[44.498173,41.387002],[44.498266,41.386902],[44.498368,41.386846],[44.498477,41.386803],[44.498699,41.386793],[44.498855,41.386822],[44.498959,41.386862],[44.499089,41.386943],[44.499208,41.38704],[44.500175,41.387886],[44.50057,41.38826],[44.500686,41.388389],[44.500774,41.38851],[44.501076,41.389039],[44.501132,41.389232],[44.501207,41.389633],[44.501255,41.390031],[44.501267,41.390821],[44.501236,41.391871],[44.501151,41.392947],[44.501166,41.393308],[44.501202,41.393467],[44.501284,41.393652],[44.501333,41.393734],[44.501384,41.393799],[44.501459,41.39387],[44.501686,41.394022],[44.50194,41.394153],[44.502318,41.394296],[44.502733,41.394436],[44.503373,41.394637],[44.505693,41.395365],[44.506191,41.39553],[44.506508,41.395648],[44.506785,41.395775],[44.506968,41.395875],[44.507813,41.396393],[44.508032,41.396591],[44.508255,41.396817],[44.508344,41.396931],[44.508462,41.397139],[44.508531,41.397315],[44.508575,41.397469],[44.508605,41.397786],[44.508599,41.397983],[44.508573,41.398239],[44.508514,41.398502],[44.508477,41.398598],[44.508443,41.398652],[44.508377,41.398717],[44.508241,41.398797],[44.508147,41.39882],[44.507965,41.398858],[44.507756,41.398892],[44.506206,41.399112],[44.506104,41.399141],[44.505985,41.399231],[44.505907,41.399333],[44.505899,41.399429],[44.505937,41.399542],[44.506026,41.399641],[44.506133,41.399738],[44.50639,41.399852],[44.506516,41.399901],[44.50675,41.400023],[44.506789,41.40008],[44.506842,41.400226],[44.506839,41.40033],[44.506822,41.400444],[44.506764,41.400594],[44.506304,41.40106],[44.506195,41.401269],[44.506092,41.401584],[44.505887,41.402141],[44.505782,41.402376],[44.505654,41.402602],[44.505516,41.402792],[44.505273,41.403045],[44.505019,41.40328],[44.503709,41.404239],[44.503632,41.404319],[44.503584,41.404416],[44.503508,41.404681],[44.503508,41.404765],[44.503508,41.404903],[44.503552,41.405072],[44.503581,41.405131],[44.50367,41.405238],[44.503868,41.405392],[44.504726,41.405983],[44.504803,41.406057],[44.504904,41.406208],[44.504962,41.406371],[44.505003,41.406577],[44.504989,41.406805],[44.504907,41.406948],[44.504807,41.406993],[44.504337,41.407066],[44.503263,41.407253],[44.503136,41.407295],[44.503048,41.407334],[44.50194,41.407905],[44.501766,41.407966],[44.501552,41.407983],[44.501282,41.407975],[44.501036,41.407945],[44.500655,41.407878],[44.500443,41.407819],[44.50034,41.407777],[44.500271,41.407736],[44.499876,41.407316],[44.49974,41.407172],[44.499164,41.406658],[44.499059,41.406598],[44.498901,41.406553],[44.498767,41.406533],[44.498266,41.4065],[44.498069,41.406504],[44.497888,41.406541],[44.497814,41.406571],[44.4977,41.406618],[44.494822,41.408348],[44.494597,41.408463],[44.494447,41.408516],[44.494244,41.40855],[44.494084,41.408555],[44.493667,41.408546],[44.493419,41.408513],[44.493161,41.408425],[44.492944,41.408328],[44.488872,41.406323],[44.48583,41.404777],[44.484682,41.404186],[44.484357,41.404048],[44.483939,41.403923],[44.483675,41.403856],[44.483375,41.4038],[44.483071,41.403768],[44.482602,41.403757],[44.481753,41.403765],[44.481583,41.403781],[44.481421,41.403798],[44.48022,41.404011],[44.479543,41.404103],[44.47899,41.404144],[44.478024,41.404179],[44.4778,41.404179],[44.475738,41.404169],[44.474584,41.404164],[44.473605,41.404129],[44.473374,41.404112],[44.473104,41.404054],[44.472886,41.403985],[44.472589,41.403863],[44.472352,41.403747],[44.471278,41.4031],[44.47096,41.402928],[44.470706,41.402853],[44.470201,41.402794],[44.469981,41.402802],[44.469784,41.402829],[44.469536,41.402902],[44.469414,41.402957],[44.469318,41.403027],[44.468997,41.40335],[44.46852,41.403774],[44.468348,41.403858],[44.468234,41.403896],[44.467937,41.404022],[44.467678,41.404103],[44.467481,41.404149],[44.467295,41.404169],[44.467113,41.404178],[44.466796,41.404178],[44.466113,41.404178],[44.465594,41.404172],[44.465277,41.404139],[44.465055,41.404077],[44.464237,41.40373],[44.463531,41.403431],[44.463371,41.403376],[44.463213,41.403343],[44.462974,41.403315],[44.462486,41.403284],[44.461536,41.403328],[44.461221,41.403357],[44.460758,41.403438],[44.458678,41.403804],[44.458367,41.403838],[44.458153,41.403855],[44.45777,41.403861],[44.45701,41.403837],[44.456778,41.403813],[44.456489,41.403752],[44.456312,41.403704],[44.454345,41.403225],[44.454027,41.403184],[44.453624,41.403167],[44.453622,41.403167],[44.453299,41.4032],[44.453016,41.403237],[44.452745,41.403298],[44.452633,41.403343],[44.452474,41.403415],[44.452365,41.403499],[44.45223,41.403646],[44.452188,41.403756],[44.452166,41.403909],[44.452195,41.404043],[44.452254,41.404155],[44.452361,41.404293],[44.452585,41.404427],[44.453004,41.404609],[44.453432,41.404794],[44.453701,41.404911],[44.454156,41.405139],[44.454464,41.405311],[44.454946,41.405711],[44.455084,41.40587],[44.455223,41.406089],[44.455416,41.406444],[44.45551,41.406688],[44.455627,41.407124],[44.45562,41.407345],[44.455595,41.407463],[44.455529,41.40758],[44.455467,41.40764],[44.455306,41.407734],[44.455175,41.407789],[44.454968,41.407822],[44.45442,41.407829],[44.454098,41.407805],[44.453191,41.407689],[44.453076,41.407669],[44.452043,41.407484],[44.451829,41.407475],[44.451737,41.407499],[44.451548,41.407602],[44.451136,41.407991],[44.450825,41.408303],[44.450613,41.40854],[44.450359,41.408877],[44.450288,41.409008],[44.450223,41.40918],[44.450112,41.409735],[44.450137,41.410043],[44.450229,41.410281],[44.450447,41.41065],[44.450666,41.410924],[44.452979,41.413425],[44.454601,41.415179],[44.45817,41.419337],[44.460951,41.422789],[44.463333,41.425779],[44.464101,41.426983],[44.464347,41.427427],[44.464435,41.427635],[44.464576,41.428073],[44.464616,41.428235]]]}},{"type":"Feature","properties":{"Zone":"მევენახეობის ზონა","Color":"#A0CF6B","isBg":false,"Area_km2":201.96},"geometry":{"type":"Polygon","coordinates":[[[44.991613,41.854034],[44.992947,41.853886],[44.997134,41.854392],[44.997713,41.854462],[45.00064,41.854989],[45.001058,41.855044],[45.006121,41.8557],[45.006393,41.855675],[45.007645,41.855563],[45.012883,41.854227],[45.02071,41.852554],[45.030772,41.850601],[45.041801,41.851307],[45.043898,41.85081],[45.045896,41.850312],[45.047673,41.850145],[45.050892,41.849936],[45.054333,41.849146],[45.057719,41.848563],[45.062215,41.847938],[45.067099,41.84752],[45.07115,41.846688],[45.073481,41.845732],[45.075034,41.844983],[45.07581,41.844402],[45.075809,41.843696],[45.075697,41.842368],[45.075307,41.841082],[45.075083,41.839671],[45.07486,41.838343],[45.074857,41.836475],[45.074853,41.832906],[45.075072,41.83054],[45.076012,41.827302],[45.077008,41.824686],[45.078392,41.822444],[45.080932,41.819433],[45.08433,41.816055],[45.087579,41.811791],[45.090459,41.808136],[45.092526,41.805534],[45.094299,41.803872],[45.097181,41.801988],[45.101246,41.800214],[45.103463,41.799216],[45.105163,41.79855],[45.106716,41.798383],[45.108638,41.798325],[45.110561,41.798047],[45.113592,41.797546],[45.118027,41.796103],[45.125418,41.794213],[45.131183,41.792602],[45.13488,41.792044],[45.138575,41.790877],[45.140791,41.789989],[45.142712,41.789046],[45.144484,41.787937],[45.146255,41.786662],[45.147511,41.785996],[45.148619,41.785497],[45.150318,41.784831],[45.152683,41.784329],[45.153848,41.783973],[45.153622,41.782993],[45.15349,41.782233],[45.153462,41.78202],[45.15344,41.7814],[45.153437,41.781285],[45.153452,41.780711],[45.153513,41.780038],[45.15366,41.779352],[45.153883,41.77856],[45.153954,41.778339],[45.154197,41.777774],[45.154899,41.776595],[45.156302,41.774421],[45.157294,41.77312],[45.158205,41.772025],[45.159948,41.769765],[45.160514,41.768975],[45.16123,41.767882],[45.161943,41.766652],[45.162209,41.766068],[45.162346,41.765659],[45.162483,41.765091],[45.162635,41.764097],[45.162644,41.763964],[45.162693,41.762942],[45.1627,41.762141],[45.162697,41.761834],[45.162668,41.761598],[45.162622,41.761402],[45.162469,41.760978],[45.162291,41.760615],[45.16211,41.760299],[45.161856,41.75991],[45.16144,41.759404],[45.161271,41.759236],[45.160698,41.758751],[45.160294,41.758463],[45.156499,41.756228],[45.15551,41.755589],[45.15508,41.755265],[45.154213,41.754411],[45.153984,41.75415],[45.153766,41.753874],[45.153523,41.753495],[45.153225,41.752973],[45.153123,41.75277],[45.15291,41.752231],[45.152196,41.750125],[45.151353,41.747641],[45.150966,41.74657],[45.150749,41.746058],[45.150324,41.745219],[45.150132,41.744896],[45.149847,41.74446],[45.149485,41.744012],[45.14909,41.743589],[45.148587,41.743125],[45.148145,41.742771],[45.147576,41.742387],[45.14704,41.742049],[45.146338,41.74164],[45.14603,41.741465],[45.145866,41.741372],[45.145619,41.741244],[45.145245,41.741084],[45.144718,41.740895],[45.143982,41.740662],[45.142459,41.740201],[45.14124,41.739844],[45.14072,41.739718],[45.140254,41.73962],[45.139731,41.739535],[45.139087,41.73945],[45.137924,41.739335],[45.135735,41.739122],[45.134178,41.739031],[45.133554,41.739006],[45.1325,41.738985],[45.129188,41.738927],[45.12633,41.738878],[45.125094,41.73883],[45.122696,41.738694],[45.12085,41.738535],[45.120371,41.738487],[45.119485,41.738374],[45.11833,41.738197],[45.117544,41.738054],[45.116421,41.737818],[45.115716,41.737633],[45.115122,41.737457],[45.114693,41.73731],[45.11384,41.736979],[45.113259,41.736719],[45.112642,41.736415],[45.11195,41.736026],[45.111196,41.735568],[45.110256,41.734944],[45.109299,41.73426],[45.108515,41.733608],[45.108141,41.73326],[45.108024,41.733142],[45.107432,41.732514],[45.106852,41.73186],[45.106333,41.731198],[45.105844,41.730564],[45.105741,41.730422],[45.105286,41.729681],[45.105147,41.729435],[45.104458,41.727962],[45.104298,41.727497],[45.104136,41.726892],[45.103926,41.725834],[45.103809,41.725043],[45.103764,41.724603],[45.103698,41.723155],[45.103682,41.722141],[45.103725,41.721269],[45.103779,41.720716],[45.103924,41.719949],[45.104045,41.719532],[45.104211,41.719109],[45.104814,41.717712],[45.10513,41.71698],[45.105581,41.715848],[45.105817,41.715207],[45.106064,41.7144],[45.106179,41.713895],[45.106283,41.713108],[45.106309,41.712754],[45.10632,41.712422],[45.106308,41.712048],[45.106276,41.711694],[45.10621,41.711302],[45.106118,41.710926],[45.106003,41.71055],[45.105873,41.71021],[45.105656,41.709819],[45.105571,41.709704],[45.105227,41.709324],[45.104763,41.708869],[45.104001,41.708173],[45.102813,41.707157],[45.102063,41.706567],[45.101745,41.70633],[45.101283,41.705998],[45.100184,41.705241],[45.09911,41.704599],[45.098917,41.704492],[45.098161,41.704094],[45.097576,41.703812],[45.096488,41.703352],[45.095382,41.702939],[45.094903,41.702765],[45.094301,41.702594],[45.093644,41.702425],[45.092759,41.702224],[45.092405,41.702155],[45.091361,41.701992],[45.090751,41.701916],[45.090061,41.701849],[45.089143,41.701786],[45.088532,41.701775],[45.087119,41.701805],[45.086771,41.701822],[45.085727,41.701891],[45.085139,41.701954],[45.084433,41.702073],[45.083666,41.702238],[45.083497,41.702284],[45.082528,41.702566],[45.081003,41.703115],[45.079421,41.703716],[45.078414,41.704154],[45.076029,41.705366],[45.073172,41.706868],[45.072675,41.707171],[45.071888,41.707683],[45.06667,41.711155],[45.065948,41.711687],[45.062811,41.714158],[45.061945,41.714879],[45.061274,41.715487],[45.060557,41.716221],[45.058604,41.718389],[45.058422,41.718597],[45.057734,41.71958],[45.057614,41.719781],[45.05684,41.721269],[45.056444,41.722087],[45.056145,41.72289],[45.05601,41.723437],[45.055953,41.723867],[45.055919,41.72439],[45.055916,41.727133],[45.056,41.72776],[45.056092,41.728211],[45.056308,41.728715],[45.056495,41.729046],[45.057035,41.729894],[45.057642,41.730636],[45.058652,41.731715],[45.059157,41.732163],[45.05983,41.732687],[45.062735,41.734758],[45.06542,41.736672],[45.06713,41.737918],[45.067718,41.738407],[45.068103,41.738772],[45.068399,41.739096],[45.06979,41.740945],[45.070094,41.741478],[45.070267,41.741838],[45.070338,41.742043],[45.0705,41.742706],[45.070553,41.743357],[45.070576,41.744534],[45.070542,41.744947],[45.070466,41.745333],[45.070285,41.74597],[45.070168,41.74626],[45.070002,41.746558],[45.06963,41.747095],[45.069413,41.747312],[45.069039,41.747605],[45.068615,41.747882],[45.068137,41.74816],[45.067574,41.748431],[45.067355,41.74851],[45.066649,41.748696],[45.066021,41.748799],[45.062446,41.749246],[45.059639,41.749597],[45.059263,41.749659],[45.058692,41.749802],[45.058439,41.749899],[45.057945,41.750151],[45.057076,41.750685],[45.056902,41.750791],[45.056574,41.75098],[45.056073,41.751215],[45.055697,41.751337],[45.05471,41.751555],[45.053447,41.751848],[45.051666,41.752347],[45.050737,41.752657],[45.049816,41.753022],[45.047882,41.753906],[45.045174,41.755276],[45.043933,41.755984],[45.042908,41.756637],[45.041793,41.757427],[45.039413,41.759386],[45.03845,41.760245],[45.037904,41.760831],[45.036388,41.762941],[45.035861,41.764071],[45.035556,41.764848],[45.035394,41.765488],[45.035348,41.765814],[45.035197,41.767541],[45.035054,41.772208],[45.03479,41.778234],[45.034696,41.779143],[45.034602,41.779722],[45.034277,41.781175],[45.034234,41.781334],[45.033804,41.782528],[45.033449,41.783306],[45.033042,41.784024],[45.032639,41.78463],[45.03194,41.785571],[45.031274,41.786313],[45.030184,41.787367],[45.029233,41.788161],[45.028346,41.788796],[45.027657,41.789217],[45.025863,41.790224],[45.025194,41.790554],[45.023269,41.791405],[45.022074,41.791911],[45.021261,41.792205],[45.020714,41.792379],[45.019551,41.7927],[45.018403,41.792957],[45.017442,41.793117],[45.017171,41.793148],[45.016078,41.793234],[45.014741,41.793299],[45.013175,41.793346],[45.011209,41.793322],[45.009924,41.793269],[45.009062,41.793197],[45.008352,41.793104],[45.008123,41.793061],[45.007962,41.793014],[45.007638,41.792811],[45.007468,41.792662],[45.007275,41.792347],[45.007153,41.792039],[45.007119,41.791756],[45.00714,41.791349],[45.00721,41.791017],[45.007446,41.790238],[45.00764,41.789749],[45.0079,41.789117],[45.008164,41.788663],[45.008337,41.788404],[45.009312,41.78717],[45.010813,41.785519],[45.012296,41.784029],[45.013496,41.782823],[45.015221,41.780999],[45.015656,41.780506],[45.015824,41.78029],[45.016302,41.779652],[45.016594,41.779212],[45.016724,41.778975],[45.017399,41.777557],[45.017632,41.776984],[45.017813,41.776409],[45.017929,41.775844],[45.01801,41.775111],[45.018048,41.774528],[45.018058,41.773248],[45.017991,41.772058],[45.017927,41.771479],[45.01772,41.770567],[45.017295,41.769278],[45.016798,41.768173],[45.016358,41.767363],[45.016014,41.766848],[45.015177,41.765769],[45.014604,41.765177],[45.014292,41.764934],[45.014078,41.764825],[45.01369,41.76468],[45.013065,41.764496],[45.012646,41.764411],[45.01221,41.764362],[45.011941,41.764359],[45.011393,41.764405],[45.011096,41.764476],[45.010686,41.764674],[45.010152,41.765022],[45.009262,41.765778],[45.00857,41.766556],[45.00744,41.767964],[45.005311,41.770618],[45.004679,41.771306],[45.003578,41.772431],[45.002998,41.772956],[45.000771,41.7748],[44.999761,41.77556],[44.998876,41.776156],[44.997446,41.777043],[44.996826,41.777391],[44.995001,41.778329],[44.993205,41.779152],[44.99254,41.779422],[44.990799,41.780082],[44.989211,41.780603],[44.98813,41.780901],[44.98705,41.781153],[44.985164,41.781509],[44.984311,41.781651],[44.983199,41.781817],[44.98176,41.781988],[44.981146,41.782048],[44.980113,41.782105],[44.979137,41.782131],[44.975938,41.78212],[44.972886,41.781909],[44.97188,41.781801],[44.971324,41.781713],[44.969958,41.781425],[44.967744,41.780857],[44.965685,41.780241],[44.964331,41.779765],[44.962865,41.779204],[44.961776,41.77876],[44.961208,41.778466],[44.959241,41.777349],[44.958031,41.776572],[44.957218,41.775966],[44.954421,41.773647],[44.953955,41.773159],[44.95352,41.772589],[44.952703,41.771303],[44.952311,41.770599],[44.951465,41.769024],[44.951248,41.768535],[44.951124,41.767979],[44.951063,41.767299],[44.951137,41.766803],[44.951311,41.766252],[44.951469,41.765895],[44.951771,41.765342],[44.952265,41.764615],[44.95256,41.764249],[44.952991,41.763864],[44.954129,41.762999],[44.954845,41.762547],[44.95671,41.761529],[44.957996,41.760884],[44.958894,41.76047],[44.971502,41.755642],[44.972787,41.75515],[44.977728,41.752884],[44.978911,41.75228],[44.980399,41.751439],[44.981773,41.750523],[44.982524,41.749952],[44.98337,41.749183],[44.984264,41.748302],[44.984897,41.747612],[44.985677,41.746646],[44.986176,41.745937],[44.98667,41.745095],[44.987226,41.744058],[44.987588,41.74327],[44.987754,41.742828],[44.987954,41.742102],[44.988159,41.741196],[44.98823,41.740646],[44.98826,41.739917],[44.988249,41.739554],[44.987799,41.734118],[44.985903,41.737839],[44.981828,41.741523],[44.981258,41.742038],[44.981226,41.742111],[44.981081,41.742231],[44.980958,41.742401],[44.980874,41.742529],[44.980805,41.742633],[44.980712,41.742721],[44.980571,41.742799],[44.980485,41.742915],[44.980408,41.742966],[44.980281,41.74303],[44.980076,41.743262],[44.980021,41.743364],[44.979967,41.743415],[44.979758,41.743656],[44.979544,41.743915],[44.97948,41.743963],[44.979464,41.743972],[44.979153,41.744197],[44.979085,41.744228],[44.979026,41.74432],[44.978894,41.744534],[44.978744,41.744657],[44.978544,41.7448],[44.978453,41.744902],[44.978221,41.745089],[44.978157,41.74514],[44.97813,41.745242],[44.978057,41.7453],[44.977998,41.745484],[44.977962,41.745749],[44.97798,41.745865],[44.977866,41.745954],[44.977748,41.746205],[44.97738,41.746672],[44.977216,41.746838],[44.977166,41.746968],[44.977066,41.74708],[44.976902,41.747199],[44.976702,41.747407],[44.976161,41.747863],[44.97545,41.749648],[44.973834,41.753399],[44.973713,41.753372],[44.973588,41.753367],[44.9735,41.753382],[44.973433,41.753411],[44.973277,41.753487],[44.973083,41.753574],[44.972878,41.753671],[44.972763,41.753735],[44.972643,41.753787],[44.972448,41.753858],[44.972378,41.753885],[44.972253,41.753905],[44.972086,41.753953],[44.971916,41.754011],[44.971829,41.754054],[44.971701,41.754144],[44.971616,41.754204],[44.971531,41.754247],[44.971331,41.75435],[44.971136,41.754441],[44.971001,41.754506],[44.970866,41.754582],[44.97074,41.75467],[44.970639,41.754746],[44.970524,41.754825],[44.970371,41.75494],[44.970241,41.755055],[44.970099,41.755195],[44.969949,41.755348],[44.969737,41.755577],[44.969669,41.755633],[44.969597,41.755683],[44.96947,41.755728],[44.969294,41.755769],[44.968725,41.7559],[44.968567,41.75593],[44.96844,41.755943],[44.968264,41.755959],[44.96819,41.755973],[44.96799,41.756025],[44.967898,41.756049],[44.967743,41.756083],[44.96753,41.756115],[44.967315,41.756135],[44.967143,41.75615],[44.967029,41.756162],[44.966891,41.756161],[44.966796,41.756156],[44.966708,41.756141],[44.966618,41.756124],[44.966548,41.756116],[44.966496,41.756111],[44.966426,41.756085],[44.966331,41.756062],[44.966279,41.756055],[44.966194,41.756023],[44.966136,41.756004],[44.966076,41.755989],[44.965941,41.755978],[44.965587,41.755942],[44.965282,41.755923],[44.964897,41.755912],[44.964417,41.755901],[44.964177,41.75591],[44.963998,41.755929],[44.96376,41.75596],[44.96348,41.756028],[44.963328,41.756072],[44.963155,41.75614],[44.962848,41.756278],[44.962693,41.756342],[44.962541,41.756388],[44.962456,41.756415],[44.962378,41.756463],[44.962358,41.756497],[44.962301,41.756594],[44.962257,41.756708],[44.962218,41.756809],[44.962181,41.756963],[44.962131,41.757112],[44.962117,41.757185],[44.962095,41.757282],[44.962098,41.757389],[44.962098,41.757473],[44.962085,41.757612],[44.962078,41.757642],[44.96205,41.757673],[44.962018,41.7577],[44.961996,41.757708],[44.96196,41.757724],[44.961883,41.757743],[44.961773,41.757756],[44.961605,41.75778],[44.961388,41.757797],[44.961173,41.757806],[44.960953,41.757811],[44.960843,41.757813],[44.960514,41.757813],[44.960211,41.7578],[44.959976,41.757807],[44.959589,41.757826],[44.959187,41.757858],[44.959027,41.757867],[44.958862,41.757893],[44.95853,41.757951],[44.958252,41.757977],[44.957957,41.758001],[44.957788,41.758033],[44.957558,41.758072],[44.957443,41.758087],[44.95713,41.758113],[44.956993,41.758151],[44.956905,41.758197],[44.956765,41.758292],[44.956683,41.758369],[44.956667,41.758386],[44.956646,41.75841],[44.956541,41.758524],[44.956412,41.758671],[44.956325,41.758845],[44.956196,41.759066],[44.956147,41.759254],[44.956061,41.759376],[44.955996,41.759408],[44.955953,41.759429],[44.955773,41.759464],[44.955634,41.75949],[44.95551,41.759509],[44.955387,41.759513],[44.955371,41.759516],[44.955198,41.759542],[44.954974,41.759587],[44.954641,41.759658],[44.954533,41.759683],[44.954299,41.759736],[44.954089,41.759779],[44.95387,41.759825],[44.953722,41.759843],[44.953562,41.759851],[44.953333,41.759865],[44.953099,41.759908],[44.952861,41.759959],[44.952643,41.759993],[44.952418,41.760024],[44.952279,41.760045],[44.952161,41.760071],[44.952076,41.760091],[44.951943,41.760112],[44.951826,41.76013],[44.951701,41.760092],[44.951644,41.760009],[44.951484,41.759855],[44.95136,41.759786],[44.951226,41.759759],[44.95107,41.759773],[44.950842,41.759813],[44.950639,41.759851],[44.95053,41.759869],[44.950432,41.759897],[44.950369,41.759907],[44.950309,41.75991],[44.95022,41.759901],[44.950178,41.759889],[44.950135,41.759864],[44.950133,41.759863],[44.950104,41.759855],[44.950051,41.759836],[44.949972,41.759828],[44.949904,41.759824],[44.949733,41.759797],[44.949639,41.759774],[44.949552,41.759774],[44.949465,41.759794],[44.949284,41.759838],[44.949167,41.75987],[44.949016,41.759899],[44.948854,41.75993],[44.948664,41.759973],[44.948529,41.760009],[44.948437,41.760042],[44.948301,41.760107],[44.948163,41.760149],[44.948065,41.760184],[44.948032,41.760209],[44.948044,41.76024],[44.948082,41.760257],[44.948125,41.760276],[44.948583,41.760425],[44.949028,41.760564],[44.949119,41.760599],[44.949144,41.760617],[44.949154,41.760643],[44.949143,41.760695],[44.949118,41.760744],[44.949086,41.760798],[44.948999,41.760966],[44.948945,41.761048],[44.948886,41.761091],[44.948861,41.76111],[44.948789,41.761123],[44.94874,41.761121],[44.948669,41.761107],[44.948571,41.761077],[44.948457,41.761045],[44.948344,41.761008],[44.948194,41.760954],[44.948055,41.760903],[44.947911,41.760864],[44.947777,41.760826],[44.947651,41.760795],[44.947415,41.760734],[44.947277,41.760707],[44.947136,41.760677],[44.94702,41.760637],[44.946907,41.760605],[44.946835,41.760612],[44.946719,41.760632],[44.946642,41.760653],[44.943672,41.760832],[44.943243,41.761051],[44.942807,41.761274],[44.942463,41.76145],[44.941559,41.761982],[44.940868,41.762402],[44.940683,41.76252],[44.940606,41.762563],[44.940601,41.762565],[44.940554,41.762591],[44.940497,41.762643],[44.940442,41.7627],[44.940409,41.762753],[44.940388,41.762799],[44.940348,41.762854],[44.940329,41.762878],[44.940306,41.762907],[44.940256,41.762965],[44.940166,41.763078],[44.940064,41.763206],[44.939971,41.763317],[44.93987,41.763434],[44.939709,41.763596],[44.939482,41.763812],[44.93941,41.763889],[44.939214,41.764013],[44.93921,41.764015],[44.93912,41.76408],[44.938967,41.764203],[44.938867,41.764298],[44.938815,41.764352],[44.938789,41.764421],[44.938433,41.764741],[44.938144,41.765027],[44.938095,41.765102],[44.938093,41.765112],[44.938081,41.765192],[44.9381,41.765307],[44.938152,41.765485],[44.938221,41.765655],[44.938301,41.765856],[44.938314,41.765887],[44.938348,41.765994],[44.938355,41.766063],[44.938352,41.76616],[44.938329,41.766245],[44.938291,41.766313],[44.938242,41.766364],[44.938191,41.766396],[44.938115,41.766429],[44.938042,41.76645],[44.937966,41.766469],[44.937916,41.766476],[44.937872,41.766483],[44.937809,41.766489],[44.937742,41.766497],[44.937602,41.7665],[44.937481,41.766499],[44.937365,41.766492],[44.937279,41.766466],[44.937226,41.76644],[44.937186,41.766407],[44.93717,41.766358],[44.937187,41.766303],[44.937223,41.766252],[44.937273,41.766203],[44.937282,41.766196],[44.937359,41.766146],[44.937428,41.766104],[44.937474,41.766067],[44.937505,41.766037],[44.937519,41.765999],[44.937515,41.765957],[44.937469,41.765908],[44.937467,41.765906],[44.937438,41.765883],[44.937264,41.76576],[44.93719,41.765712],[44.937077,41.76563],[44.937002,41.765575],[44.936957,41.765545],[44.936909,41.765517],[44.936832,41.765486],[44.936703,41.765457],[44.936586,41.765442],[44.936434,41.765429],[44.93631,41.765418],[44.936179,41.765419],[44.936094,41.765434],[44.935878,41.765476],[44.935729,41.765482],[44.935641,41.765462],[44.935548,41.765426],[44.935458,41.765338],[44.935422,41.765278],[44.935381,41.765237],[44.935344,41.765216],[44.935251,41.765149],[44.935118,41.76507],[44.935009,41.765],[44.934936,41.764938],[44.934923,41.764927],[44.934861,41.764886],[44.934783,41.764865],[44.934725,41.764856],[44.934643,41.76486],[44.934629,41.764864],[44.934596,41.764877],[44.934416,41.764932],[44.934186,41.765],[44.934003,41.765056],[44.933835,41.765116],[44.933671,41.765183],[44.933515,41.765276],[44.933316,41.765384],[44.933153,41.765454],[44.932899,41.76554],[44.932734,41.76561],[44.932669,41.765638],[44.932446,41.765746],[44.932283,41.765839],[44.932002,41.766005],[44.931756,41.766171],[44.931572,41.766317],[44.931526,41.766355],[44.931475,41.76639],[44.931311,41.766475],[44.931186,41.766501],[44.931054,41.766498],[44.930866,41.76651],[44.930703,41.766526],[44.929486,41.767218],[44.927328,41.768445],[44.92638,41.768984],[44.923352,41.769336],[44.923253,41.769312],[44.920783,41.768645],[44.91938,41.767802],[44.918435,41.766499],[44.917993,41.765781],[44.917918,41.765757],[44.917758,41.765672],[44.917633,41.765555],[44.917567,41.765464],[44.917544,41.765368],[44.91754,41.765138],[44.917475,41.764808],[44.91735,41.764533],[44.917179,41.764273],[44.916809,41.763817],[44.916664,41.763676],[44.915806,41.76331],[44.913357,41.761064],[44.912574,41.760346],[44.911054,41.758953],[44.910876,41.758789],[44.910665,41.758727],[44.905297,41.757139],[44.905311,41.757116],[44.902216,41.757015],[44.902018,41.757001],[44.901723,41.756982],[44.901573,41.757945],[44.901467,41.75846],[44.901084,41.758898],[44.900855,41.758953],[44.900785,41.75897],[44.900269,41.758854],[44.899105,41.758569],[44.897602,41.75852],[44.896913,41.758496],[44.895876,41.758479],[44.894743,41.758446],[44.894341,41.758422],[44.894097,41.758319],[44.893805,41.75812],[44.893515,41.758009],[44.893092,41.757834],[44.893081,41.757821],[44.892913,41.757612],[44.892912,41.757914],[44.892901,41.758088],[44.893112,41.758437],[44.894244,41.759393],[44.894591,41.759645],[44.894949,41.760082],[44.895374,41.760857],[44.895987,41.761769],[44.896346,41.762142],[44.897055,41.762599],[44.897546,41.762904],[44.898039,41.763039],[44.898296,41.763241],[44.898176,41.763275],[44.898042,41.763268],[44.897961,41.763208],[44.897736,41.763277],[44.897394,41.763361],[44.897311,41.763398],[44.89722,41.763388],[44.897119,41.763362],[44.896919,41.763345],[44.896857,41.763336],[44.8966,41.763402],[44.896537,41.763365],[44.896426,41.763334],[44.896386,41.763256],[44.896273,41.763235],[44.896218,41.763309],[44.89615,41.763324],[44.896134,41.763304],[44.896072,41.763303],[44.895999,41.763322],[44.895941,41.763305],[44.895885,41.763271],[44.895827,41.76335],[44.895669,41.763335],[44.895431,41.763291],[44.895113,41.763289],[44.895008,41.763322],[44.894922,41.763319],[44.894862,41.763342],[44.894775,41.763377],[44.894708,41.763376],[44.894655,41.763362],[44.894614,41.763352],[44.894522,41.763337],[44.894333,41.763432],[44.894233,41.763462],[44.894238,41.763485],[44.894255,41.763551],[44.894127,41.76359],[44.894081,41.763546],[44.893972,41.763567],[44.893842,41.763642],[44.893751,41.763634],[44.89367,41.763605],[44.89366,41.763602],[44.893489,41.763609],[44.893448,41.763629],[44.893442,41.763632],[44.893342,41.763704],[44.893205,41.763745],[44.893098,41.763766],[44.892911,41.76381],[44.892796,41.763865],[44.892597,41.763851],[44.89242,41.763841],[44.89225,41.763923],[44.89218,41.763982],[44.892085,41.764068],[44.89199,41.764119],[44.891802,41.764185],[44.891719,41.764238],[44.891532,41.764371],[44.891347,41.764479],[44.891237,41.764601],[44.891131,41.764628],[44.891022,41.764629],[44.890941,41.764674],[44.890873,41.764731],[44.8909,41.764773],[44.890985,41.764822],[44.890961,41.764868],[44.890906,41.764929],[44.890772,41.764862],[44.890687,41.764872],[44.890645,41.764882],[44.890545,41.76482],[44.890449,41.764845],[44.890391,41.764924],[44.890351,41.765035],[44.890272,41.765045],[44.890148,41.765009],[44.890131,41.765059],[44.890013,41.765032],[44.889905,41.765078],[44.889646,41.765195],[44.889463,41.765229],[44.889424,41.765277],[44.889297,41.765291],[44.889115,41.765294],[44.888926,41.765313],[44.888797,41.765344],[44.888632,41.76537],[44.888487,41.765358],[44.888424,41.765275],[44.888293,41.765245],[44.888194,41.765177],[44.887955,41.765221],[44.887868,41.765256],[44.887643,41.765289],[44.887368,41.765313],[44.887167,41.765297],[44.887046,41.765285],[44.886893,41.765155],[44.886712,41.765215],[44.886667,41.765127],[44.886567,41.765125],[44.886499,41.765212],[44.88641,41.765159],[44.886341,41.765132],[44.886157,41.765183],[44.886009,41.7652],[44.885966,41.765248],[44.885922,41.765261],[44.88586,41.765332],[44.885853,41.765381],[44.885742,41.765413],[44.885636,41.765467],[44.885606,41.765414],[44.885566,41.765366],[44.885536,41.765364],[44.885466,41.765393],[44.885379,41.765384],[44.885323,41.765371],[44.885265,41.765413],[44.885188,41.765425],[44.885068,41.765443],[44.88491,41.765421],[44.884801,41.765366],[44.884726,41.765417],[44.884699,41.765458],[44.884421,41.765466],[44.884307,41.765442],[44.884254,41.765363],[44.884177,41.765341],[44.884099,41.765384],[44.884083,41.765437],[44.883981,41.765435],[44.883908,41.765435],[44.883829,41.765475],[44.883744,41.765523],[44.883545,41.765505],[44.883377,41.765571],[44.883233,41.765764],[44.883149,41.765797],[44.882958,41.7657],[44.882876,41.765699],[44.882764,41.765752],[44.882515,41.765723],[44.882481,41.765672],[44.882396,41.765714],[44.882258,41.765722],[44.88223,41.765663],[44.882193,41.765615],[44.882116,41.765633],[44.882059,41.765585],[44.881935,41.765547],[44.880522,41.765239],[44.87983,41.765117],[44.879732,41.765146],[44.879705,41.765194],[44.879682,41.765244],[44.879662,41.765267],[44.87964,41.765282],[44.879581,41.765297],[44.879539,41.765312],[44.879503,41.765338],[44.879493,41.76536],[44.879499,41.76537],[44.879559,41.765409],[44.879592,41.765423],[44.879647,41.765438],[44.879759,41.765455],[44.879772,41.76546],[44.879891,41.76547],[44.879954,41.765492],[44.879991,41.7655],[44.880012,41.765503],[44.880056,41.765505],[44.880144,41.765543],[44.880208,41.765558],[44.880253,41.765562],[44.880338,41.765597],[44.880403,41.765656],[44.88041,41.765749],[44.880407,41.765803],[44.880415,41.765816],[44.880449,41.765837],[44.880535,41.765884],[44.880618,41.765907],[44.880691,41.765917],[44.880767,41.765924],[44.880814,41.765924],[44.880906,41.765936],[44.880968,41.766006],[44.880977,41.76609],[44.880954,41.766164],[44.88095,41.766176],[44.88095,41.766266],[44.880949,41.766288],[44.880898,41.766394],[44.880865,41.766476],[44.88096,41.766656],[44.880977,41.766679],[44.880979,41.766696],[44.881009,41.766771],[44.881053,41.766843],[44.881088,41.766888],[44.881174,41.766944],[44.881214,41.766981],[44.88126,41.767049],[44.881266,41.767078],[44.881267,41.767093],[44.881268,41.767115],[44.881252,41.767165],[44.881236,41.767241],[44.881239,41.767243],[44.881284,41.767269],[44.881378,41.767376],[44.881413,41.767444],[44.881447,41.767503],[44.881436,41.767587],[44.881387,41.767673],[44.881385,41.767675],[44.881359,41.767707],[44.881356,41.767726],[44.881344,41.76776],[44.881348,41.767773],[44.881355,41.76789],[44.88135,41.767941],[44.881356,41.767997],[44.881438,41.768045],[44.881548,41.768023],[44.88172,41.768057],[44.881871,41.768164],[44.882052,41.768355],[44.882123,41.768372],[44.882142,41.768376],[44.882342,41.768381],[44.882495,41.768449],[44.882574,41.768557],[44.882946,41.769224],[44.883471,41.770165],[44.883482,41.770165],[44.883505,41.770174],[44.883539,41.770199],[44.883582,41.77023],[44.883597,41.77026],[44.883585,41.770288],[44.883601,41.770316],[44.883617,41.770328],[44.883667,41.77034],[44.883738,41.770344],[44.883796,41.770344],[44.883838,41.770348],[44.883886,41.770358],[44.883947,41.770408],[44.883995,41.770435],[44.884033,41.770476],[44.884027,41.770521],[44.884016,41.770544],[44.884014,41.770561],[44.88402,41.770569],[44.884033,41.770577],[44.884062,41.770588],[44.884083,41.770597],[44.884132,41.770622],[44.884151,41.770636],[44.884186,41.770666],[44.884226,41.770706],[44.884247,41.770734],[44.884269,41.770775],[44.884289,41.770786],[44.884303,41.770811],[44.884302,41.770823],[44.884345,41.770862],[44.884359,41.77087],[44.884387,41.770875],[44.884427,41.770885],[44.884439,41.770887],[44.884454,41.770913],[44.884453,41.770948],[44.884474,41.770979],[44.88457,41.771021],[44.884604,41.771052],[44.884634,41.771093],[44.884641,41.771137],[44.884641,41.771165],[44.884657,41.771216],[44.884763,41.771283],[44.884789,41.771265],[44.884836,41.771245],[44.884885,41.771244],[44.884964,41.771252],[44.885048,41.771273],[44.885119,41.771305],[44.885137,41.771355],[44.885137,41.771399],[44.885141,41.77143],[44.885143,41.771435],[44.885162,41.771454],[44.885184,41.771467],[44.885229,41.771483],[44.88527,41.771501],[44.885282,41.771515],[44.885292,41.771547],[44.885303,41.771593],[44.885315,41.771604],[44.885347,41.771622],[44.885369,41.771636],[44.885388,41.771656],[44.885422,41.7717],[44.885454,41.771729],[44.885478,41.771744],[44.885532,41.771769],[44.885633,41.771803],[44.885644,41.771808],[44.885654,41.771812],[44.885708,41.771846],[44.885725,41.771866],[44.885759,41.771913],[44.885767,41.771925],[44.885775,41.771932],[44.885795,41.771943],[44.885808,41.771954],[44.885814,41.771963],[44.885821,41.771983],[44.885825,41.772024],[44.885823,41.772055],[44.885818,41.77207],[44.885797,41.772103],[44.885783,41.772136],[44.885773,41.77216],[44.885792,41.772205],[44.885824,41.772237],[44.885848,41.772279],[44.885874,41.772316],[44.885915,41.772373],[44.885921,41.772384],[44.88593,41.772406],[44.88593,41.772431],[44.885906,41.772464],[44.885899,41.772478],[44.885894,41.7725],[44.885895,41.772512],[44.885911,41.772557],[44.885922,41.772598],[44.885942,41.772627],[44.885932,41.772646],[44.885923,41.772652],[44.885892,41.772677],[44.885899,41.772705],[44.885868,41.772722],[44.885871,41.772746],[44.885839,41.772775],[44.885832,41.772803],[44.885832,41.772839],[44.885791,41.772857],[44.885755,41.772884],[44.885723,41.772926],[44.885693,41.77294],[44.885663,41.772964],[44.885661,41.772991],[44.885635,41.773008],[44.885608,41.773034],[44.88561,41.773051],[44.885573,41.773076],[44.88556,41.77309],[44.885516,41.773117],[44.885499,41.773142],[44.885492,41.773187],[44.88549,41.773256],[44.885478,41.773315],[44.88547,41.77333],[44.885462,41.773345],[44.885426,41.773368],[44.885392,41.773377],[44.885333,41.773391],[44.885284,41.773422],[44.885253,41.773426],[44.885237,41.773429],[44.885217,41.773428],[44.885194,41.773428],[44.885137,41.773438],[44.885099,41.77346],[44.88506,41.773484],[44.885049,41.773486],[44.885029,41.773504],[44.884995,41.77354],[44.884961,41.773559],[44.884931,41.773575],[44.884919,41.773609],[44.88491,41.773625],[44.884878,41.773654],[44.884867,41.773675],[44.884857,41.773683],[44.884835,41.773697],[44.88481,41.773711],[44.884783,41.773724],[44.884754,41.773743],[44.884729,41.773764],[44.884713,41.773788],[44.884681,41.773817],[44.884669,41.773863],[44.884686,41.773889],[44.88469,41.773919],[44.884688,41.773949],[44.884671,41.773964],[44.884669,41.773995],[44.884653,41.774018],[44.884622,41.774058],[44.884614,41.774091],[44.884637,41.774136],[44.884672,41.774192],[44.884672,41.774221],[44.884672,41.774252],[44.884651,41.774287],[44.884622,41.774306],[44.884611,41.774334],[44.884627,41.774371],[44.884642,41.774398],[44.88464,41.774408],[44.884623,41.774439],[44.884621,41.774456],[44.884616,41.774494],[44.884629,41.77452],[44.884627,41.774548],[44.884601,41.774581],[44.88457,41.774627],[44.88456,41.774654],[44.884549,41.774712],[44.884551,41.774746],[44.884534,41.774795],[44.884507,41.774825],[44.884507,41.774855],[44.884519,41.774914],[44.884497,41.77498],[44.884479,41.775042],[44.884466,41.775088],[44.884441,41.775116],[44.884433,41.775159],[44.884429,41.775185],[44.884427,41.775198],[44.884436,41.775249],[44.884442,41.77529],[44.884442,41.775317],[44.884441,41.775363],[44.884432,41.775401],[44.884414,41.775452],[44.884395,41.775503],[44.884377,41.775544],[44.884355,41.775583],[44.884322,41.775622],[44.884241,41.7757],[44.884176,41.775751],[44.884095,41.775814],[44.884053,41.775847],[44.884002,41.775885],[44.883959,41.775916],[44.883946,41.775926],[44.883556,41.776217],[44.883298,41.77641],[44.88322,41.776469],[44.882886,41.776719],[44.882772,41.776804],[44.882759,41.776814],[44.882802,41.776911],[44.882905,41.777146],[44.88293,41.777202],[44.882975,41.777288],[44.883065,41.777432],[44.883198,41.777617],[44.883227,41.777648],[44.883288,41.777719],[44.883378,41.777812],[44.883461,41.777902],[44.883596,41.778014],[44.883678,41.778075],[44.88371,41.778099],[44.88376,41.778131],[44.883842,41.778219],[44.883887,41.778286],[44.883917,41.778437],[44.88394,41.778587],[44.883937,41.778689],[44.88393,41.778804],[44.883919,41.778916],[44.883885,41.779044],[44.883826,41.779205],[44.883778,41.779313],[44.883728,41.779522],[44.883715,41.779581],[44.883671,41.779659],[44.883625,41.779732],[44.883572,41.779794],[44.883464,41.779901],[44.883427,41.779945],[44.882679,41.780609],[44.882452,41.780799],[44.882356,41.780878],[44.882176,41.78101],[44.882043,41.781074],[44.881913,41.781129],[44.881818,41.781182],[44.88169,41.781252],[44.88159,41.781307],[44.881476,41.781351],[44.881343,41.781409],[44.881078,41.781504],[44.880912,41.781565],[44.880842,41.781587],[44.880816,41.781603],[44.880813,41.781614],[44.8807,41.782046],[44.880697,41.782058],[44.880716,41.782069],[44.88075,41.782089],[44.880746,41.782104],[44.880738,41.782132],[44.880725,41.782172],[44.880701,41.782263],[44.880606,41.782634],[44.880446,41.783051],[44.880327,41.783396],[44.880296,41.783538],[44.880279,41.783661],[44.880235,41.783816],[44.880204,41.78397],[44.880102,41.784264],[44.880089,41.784301],[44.880089,41.784303],[44.880023,41.784491],[44.879901,41.785072],[44.879899,41.785079],[44.879901,41.785206],[44.879948,41.785213],[44.879903,41.785372],[44.879898,41.78539],[44.879883,41.78573],[44.87991,41.785897],[44.879941,41.786081],[44.879931,41.786167],[44.879866,41.786718],[44.880156,41.787104],[44.881043,41.790207],[44.881475,41.791722],[44.881537,41.791922],[44.881547,41.791953],[44.881556,41.79198],[44.88072,41.79355],[44.880673,41.793638],[44.880643,41.793739],[44.880632,41.793813],[44.880603,41.794024],[44.880599,41.794053],[44.880662,41.794067],[44.880718,41.794104],[44.880778,41.794174],[44.880832,41.794244],[44.880886,41.794285],[44.880913,41.794298],[44.880965,41.794301],[44.881034,41.794294],[44.881116,41.794287],[44.881209,41.794276],[44.881315,41.79429],[44.881375,41.794301],[44.88142,41.794328],[44.881532,41.794383],[44.881706,41.79447],[44.881716,41.794475],[44.881936,41.794577],[44.882127,41.794665],[44.882193,41.794686],[44.88224,41.794724],[44.882263,41.794771],[44.882237,41.794835],[44.882193,41.794884],[44.882117,41.794924],[44.882051,41.794964],[44.882045,41.794969],[44.882003,41.795007],[44.881991,41.795047],[44.882003,41.795092],[44.882028,41.795125],[44.882095,41.795163],[44.882161,41.795174],[44.882227,41.79517],[44.88225,41.795163],[44.882341,41.795137],[44.882925,41.794923],[44.883017,41.79489],[44.883295,41.794755],[44.88339,41.794708],[44.883475,41.794673],[44.883545,41.794666],[44.88363,41.794673],[44.883715,41.794692],[44.883753,41.794718],[44.883772,41.794768],[44.883809,41.795058],[44.883781,41.795143],[44.883752,41.795197],[44.883739,41.795275],[44.883733,41.795398],[44.883723,41.795471],[44.883675,41.795546],[44.883612,41.795629],[44.883566,41.795675],[44.883536,41.795704],[44.883416,41.79578],[44.883189,41.795895],[44.883005,41.796013],[44.882803,41.796126],[44.882629,41.796204],[44.882578,41.796237],[44.882552,41.796254],[44.882421,41.79634],[44.882332,41.796402],[44.882297,41.796444],[44.882273,41.796474],[44.882226,41.796516],[44.881973,41.796622],[44.880842,41.797058],[44.880838,41.797059],[44.880828,41.797101],[44.880821,41.797125],[44.88073,41.797475],[44.88072,41.797615],[44.88072,41.797621],[44.880723,41.79771],[44.880744,41.797797],[44.880785,41.797871],[44.880806,41.797913],[44.880819,41.797928],[44.880855,41.797969],[44.880913,41.797998],[44.881012,41.798026],[44.881064,41.798061],[44.881082,41.798084],[44.881119,41.79815],[44.881155,41.798235],[44.881174,41.798263],[44.881227,41.798312],[44.881296,41.798357],[44.881374,41.798395],[44.881424,41.798441],[44.881453,41.798493],[44.881493,41.798522],[44.881518,41.798532],[44.881564,41.798542],[44.881647,41.798554],[44.88174,41.798566],[44.881763,41.798568],[44.881866,41.798569],[44.88199,41.798547],[44.882146,41.798545],[44.882255,41.798518],[44.882281,41.798512],[44.882318,41.798504],[44.882393,41.798497],[44.882526,41.798495],[44.882651,41.798501],[44.882756,41.798505],[44.88284,41.798505],[44.882946,41.798515],[44.882952,41.798515],[44.883083,41.798514],[44.883212,41.798522],[44.883338,41.798535],[44.88346,41.798563],[44.883653,41.798624],[44.883823,41.798688],[44.884009,41.798759],[44.884262,41.798874],[44.884357,41.798925],[44.884503,41.798938],[44.884707,41.798902],[44.884948,41.798831],[44.885098,41.798791],[44.88524,41.798761],[44.885454,41.798697],[44.885593,41.79867],[44.885821,41.79866],[44.885977,41.798652],[44.886089,41.798662],[44.886184,41.798675],[44.886304,41.798716],[44.886347,41.798736],[44.88651,41.798754],[44.886565,41.798733],[44.886794,41.798688],[44.886979,41.798723],[44.88709,41.798798],[44.887249,41.79886],[44.887343,41.798806],[44.887433,41.798748],[44.887554,41.798766],[44.887642,41.798794],[44.887702,41.798805],[44.887754,41.798812],[44.887811,41.798809],[44.887885,41.798798],[44.88793,41.798786],[44.888018,41.79874],[44.888075,41.798727],[44.888118,41.79872],[44.888154,41.798701],[44.888215,41.798628],[44.888293,41.79858],[44.888416,41.798562],[44.88848,41.798582],[44.888573,41.798636],[44.88865,41.798727],[44.888733,41.798766],[44.888846,41.798802],[44.888944,41.798852],[44.889023,41.79889],[44.889085,41.798916],[44.88911,41.798919],[44.889135,41.798988],[44.889166,41.79905],[44.889194,41.799106],[44.889248,41.799142],[44.88933,41.799179],[44.889491,41.799213],[44.889647,41.799261],[44.889701,41.799284],[44.889828,41.799327],[44.889953,41.799351],[44.890083,41.799348],[44.890109,41.799392],[44.890105,41.799465],[44.890124,41.799513],[44.890193,41.799528],[44.89035,41.799527],[44.890499,41.799549],[44.890628,41.799608],[44.890685,41.799671],[44.890782,41.799706],[44.890855,41.799681],[44.891013,41.799724],[44.891097,41.799752],[44.891168,41.799761],[44.89136,41.799802],[44.891462,41.799892],[44.891668,41.799979],[44.891842,41.799991],[44.892084,41.800042],[44.89218,41.80007],[44.892272,41.800141],[44.892351,41.800206],[44.892451,41.80023],[44.892618,41.800224],[44.892817,41.800222],[44.892883,41.800265],[44.892935,41.800343],[44.892969,41.800412],[44.893058,41.800489],[44.893167,41.80051],[44.893316,41.800492],[44.89343,41.800501],[44.893478,41.800565],[44.893552,41.80067],[44.893732,41.800696],[44.893881,41.800651],[44.894005,41.800703],[44.894133,41.80079],[44.894262,41.800869],[44.894343,41.800871],[44.89458,41.800861],[44.894649,41.800873],[44.894723,41.800893],[44.894787,41.800911],[44.894887,41.800946],[44.895073,41.801011],[44.895226,41.801125],[44.895358,41.801254],[44.895431,41.801339],[44.895491,41.801399],[44.895617,41.801448],[44.895777,41.801449],[44.896014,41.801497],[44.896106,41.801572],[44.896125,41.801585],[44.896172,41.801601],[44.89626,41.801623],[44.896349,41.801647],[44.896471,41.801681],[44.896541,41.801691],[44.896559,41.801691],[44.896589,41.801691],[44.896684,41.801681],[44.896766,41.801665],[44.896826,41.801651],[44.896891,41.801653],[44.896922,41.801665],[44.89705,41.801755],[44.897191,41.801791],[44.897357,41.801855],[44.897477,41.801879],[44.897604,41.801956],[44.897635,41.802057],[44.897702,41.802154],[44.897774,41.802213],[44.897824,41.802254],[44.897947,41.802301],[44.898108,41.802364],[44.898256,41.802532],[44.898307,41.802627],[44.898368,41.802699],[44.898497,41.80276],[44.898607,41.802814],[44.898733,41.802814],[44.898808,41.802817],[44.898921,41.80282],[44.899003,41.802833],[44.899093,41.802846],[44.899119,41.802899],[44.899126,41.802936],[44.899127,41.80294],[44.899163,41.803011],[44.899274,41.803065],[44.899287,41.803071],[44.899417,41.803133],[44.899637,41.803255],[44.899747,41.803333],[44.899857,41.803422],[44.89997,41.803482],[44.900195,41.803613],[44.900308,41.803677],[44.900397,41.803763],[44.900556,41.80382],[44.900777,41.803853],[44.90098,41.803979],[44.901054,41.804148],[44.901091,41.804232],[44.901187,41.80429],[44.901197,41.804359],[44.901273,41.804456],[44.901321,41.804558],[44.901313,41.804654],[44.901331,41.804832],[44.901377,41.804933],[44.901389,41.804953],[44.901211,41.805085],[44.900785,41.804907],[44.900311,41.805048],[44.900258,41.805108],[44.90102,41.80616],[44.902215,41.807775],[44.903218,41.809131],[44.904459,41.810809],[44.9053,41.811712],[44.906528,41.813031],[44.907454,41.814253],[44.908636,41.815815],[44.909695,41.816927],[44.910225,41.817602],[44.910753,41.818766],[44.911,41.819798],[44.91091,41.820644],[44.910449,41.821398],[44.909989,41.821728],[44.909122,41.822019],[44.908284,41.822151],[44.90707,41.822506],[44.90573,41.822899],[44.90424,41.823152],[44.902613,41.823428],[44.900686,41.823612],[44.900016,41.823627],[44.898864,41.823848],[44.897219,41.824164],[44.894999,41.824779],[44.894282,41.825207],[44.893148,41.825883],[44.892228,41.826898],[44.891413,41.827796],[44.890297,41.828734],[44.88944,41.829289],[44.888368,41.829658],[44.887678,41.829896],[44.886967,41.830036],[44.885914,41.830478],[44.885006,41.830858],[44.883775,41.831375],[44.882387,41.831782],[44.88014,41.832441],[44.878165,41.833174],[44.876813,41.833535],[44.875427,41.833905],[44.874719,41.833995],[44.874132,41.83407],[44.873493,41.834151],[44.872421,41.834288],[44.871117,41.834454],[44.869472,41.834664],[44.868905,41.834809],[44.868471,41.835011],[44.868197,41.83535],[44.867931,41.835681],[44.867904,41.836084],[44.868213,41.836369],[44.868671,41.836793],[44.869505,41.837061],[44.87012,41.837157],[44.870956,41.837288],[44.872388,41.837511],[44.873156,41.837737],[44.874601,41.838162],[44.875893,41.838388],[44.876769,41.839057],[44.877741,41.8398],[44.879031,41.840306],[44.880865,41.841027],[44.882268,41.841203],[44.883777,41.841393],[44.886009,41.841371],[44.887527,41.841126],[44.888746,41.841101],[44.890318,41.84107],[44.891926,41.841037],[44.893337,41.84072],[44.894689,41.840415],[44.895728,41.839852],[44.896917,41.838634],[44.898404,41.837762],[44.900764,41.836377],[44.902071,41.835838],[44.902997,41.835979],[44.903858,41.836109],[44.904505,41.836827],[44.905227,41.837627],[44.905477,41.838309],[44.906032,41.838909],[44.90608,41.839533],[44.906135,41.840261],[44.906216,41.84133],[44.90673,41.84179],[44.907861,41.842802],[44.909432,41.843203],[44.910197,41.843183],[44.912772,41.843756],[44.916047,41.844486],[44.919367,41.844848],[44.922812,41.845223],[44.926074,41.846023],[44.928352,41.846581],[44.929628,41.84726],[44.931551,41.848283],[44.935508,41.850388],[44.93887,41.852175],[44.942726,41.854225],[44.946651,41.855711],[44.950103,41.857698],[44.952283,41.858953],[44.953939,41.860653],[44.955189,41.861588],[44.956027,41.862215],[44.957,41.862551],[44.957635,41.862337],[44.959199,41.861812],[44.963458,41.86038],[44.967436,41.859042],[44.971985,41.857513],[44.977597,41.856448],[44.983141,41.855396],[44.984893,41.855063],[44.988598,41.854368],[44.991613,41.854034]]]}},{"type":"Feature","properties":{"Zone":"მევენახეობის ზონა","Color":"#A0CF6B","isBg":false,"Area_km2":169.57},"geometry":{"type":"Polygon","coordinates":[[[45.060419,41.647264],[45.062506,41.647241],[45.06368,41.647244],[45.064469,41.64728],[45.065267,41.647331],[45.065872,41.647391],[45.066897,41.647535],[45.067699,41.64768],[45.068732,41.647925],[45.069134,41.648042],[45.069835,41.648266],[45.070931,41.648664],[45.072301,41.649268],[45.072923,41.649558],[45.073666,41.649951],[45.074269,41.650297],[45.07492,41.65071],[45.075552,41.651173],[45.076613,41.652056],[45.07771,41.653086],[45.078225,41.653605],[45.078696,41.654163],[45.079175,41.654814],[45.080244,41.656554],[45.08079,41.657572],[45.081669,41.659472],[45.083682,41.664627],[45.085938,41.671927],[45.087004,41.674808],[45.08752,41.675981],[45.088355,41.677669],[45.089352,41.67949],[45.090623,41.681421],[45.091733,41.682817],[45.092391,41.683593],[45.094215,41.685594],[45.097281,41.688244],[45.098026,41.688843],[45.100435,41.690497],[45.101647,41.691291],[45.103753,41.692557],[45.104383,41.69291],[45.107007,41.694035],[45.108156,41.694478],[45.108719,41.694671],[45.109149,41.694796],[45.110042,41.695007],[45.110896,41.695137],[45.11159,41.695205],[45.112562,41.695269],[45.113923,41.695293],[45.114695,41.695264],[45.114958,41.69525],[45.115534,41.695201],[45.115704,41.695183],[45.11609,41.695128],[45.117501,41.69486],[45.117901,41.694771],[45.119154,41.694443],[45.121339,41.693735],[45.121608,41.693638],[45.12211,41.693442],[45.123367,41.692906],[45.12361,41.692797],[45.124733,41.692233],[45.12813,41.690462],[45.130026,41.689427],[45.131674,41.688489],[45.133422,41.68744],[45.136581,41.685416],[45.143532,41.680816],[45.155444,41.671854],[45.162975,41.666267],[45.167351,41.663224],[45.16809,41.662729],[45.169195,41.662063],[45.171061,41.661036],[45.171438,41.660829],[45.172946,41.660031],[45.173641,41.6597],[45.175398,41.658934],[45.176186,41.658635],[45.176978,41.658371],[45.17995,41.657481],[45.181703,41.656978],[45.18242,41.656793],[45.183037,41.656648],[45.184505,41.656363],[45.187051,41.655924],[45.187585,41.655848],[45.188226,41.655787],[45.189576,41.655702],[45.191421,41.655678],[45.19226,41.655679],[45.193358,41.655692],[45.195604,41.655842],[45.19634,41.655907],[45.196624,41.655937],[45.197461,41.656091],[45.197931,41.656197],[45.200182,41.656794],[45.20094,41.657018],[45.201724,41.657278],[45.201957,41.65737],[45.204386,41.658379],[45.205225,41.658746],[45.206081,41.65916],[45.206841,41.659562],[45.207928,41.660167],[45.208794,41.660712],[45.21071,41.662062],[45.211139,41.661226],[45.211897,41.659184],[45.212146,41.657206],[45.21231,41.655293],[45.211966,41.654209],[45.211454,41.653509],[45.210771,41.652681],[45.210427,41.651725],[45.209996,41.649749],[45.209311,41.648411],[45.208031,41.646946],[45.206238,41.644654],[45.203761,41.641023],[45.199319,41.633952],[45.19667,41.62962],[45.19542,41.627382],[45.194843,41.626092],[45.194648,41.624992],[45.194197,41.623319],[45.192981,41.621695],[45.191765,41.620214],[45.190679,41.619307],[45.189275,41.618592],[45.187488,41.617973],[45.185512,41.617928],[45.179583,41.617459],[45.172763,41.617518],[45.173013,41.6157],[45.172689,41.613644],[45.171919,41.611779],[45.170767,41.609963],[45.169742,41.608052],[45.16878,41.605518],[45.1682,41.602936],[45.167874,41.600354],[45.167931,41.597819],[45.168818,41.595665],[45.169771,41.594611],[45.171107,41.593892],[45.173464,41.593554],[45.17652,41.592879],[45.179513,41.592396],[45.181233,41.592154],[45.182634,41.591961],[45.183525,41.591529],[45.183778,41.590811],[45.183457,41.589903],[45.18211,41.586796],[45.179674,41.581586],[45.178714,41.57977],[45.17852,41.578671],[45.178771,41.577474],[45.179469,41.576421],[45.180486,41.575702],[45.181504,41.57527],[45.182396,41.575316],[45.183352,41.575506],[45.184819,41.576269],[45.185521,41.576794],[45.186605,41.577127],[45.187688,41.577077],[45.189406,41.576453],[45.191823,41.575349],[45.194112,41.573719],[45.195828,41.572568],[45.196145,41.572041],[45.19576,41.571372],[45.18969,41.564543],[45.183873,41.55709],[45.201014,41.540177],[45.209708,41.531552],[45.213529,41.532119],[45.218116,41.533402],[45.220602,41.534402],[45.222771,41.535545],[45.22545,41.537214],[45.228449,41.539217],[45.230746,41.540648],[45.232786,41.541361],[45.234443,41.541836],[45.236289,41.541832],[45.238642,41.541205],[45.239723,41.540677],[45.241059,41.540531],[45.242333,41.540767],[45.243036,41.54134],[45.243739,41.542056],[45.244061,41.543059],[45.244191,41.54392],[45.244512,41.544446],[45.245277,41.544683],[45.246231,41.544633],[45.247185,41.544201],[45.248453,41.542906],[45.250228,41.540989],[45.25283,41.538831],[45.255053,41.537391],[45.258612,41.535901],[45.260834,41.534604],[45.264202,41.533114],[45.269605,41.531188],[45.271703,41.530561],[45.274184,41.530173],[45.276094,41.530264],[45.277495,41.530404],[45.278895,41.530448],[45.280612,41.529918],[45.285441,41.528089],[45.290013,41.525733],[45.29325,41.523573],[45.298071,41.520164],[45.299673,41.519061],[45.297123,41.518482],[45.287911,41.515908],[45.285039,41.515129],[45.273958,41.512123],[45.271432,41.511413],[45.268344,41.510475],[45.263828,41.509014],[45.256235,41.506125],[45.253217,41.504777],[45.251378,41.503863],[45.24912,41.502569],[45.247533,41.501504],[45.24672,41.500886],[45.245549,41.499904],[45.244757,41.499172],[45.24387,41.498219],[45.242254,41.496098],[45.24195,41.495637],[45.241511,41.494778],[45.240574,41.492508],[45.239991,41.490632],[45.239709,41.489403],[45.239619,41.488808],[45.239295,41.486062],[45.239161,41.484511],[45.239097,41.483018],[45.239287,41.47979],[45.239602,41.476783],[45.239749,41.475811],[45.240241,41.473566],[45.240791,41.471272],[45.242001,41.466776],[45.242898,41.463894],[45.243765,41.461127],[45.245551,41.455421],[45.24564,41.455084],[45.247957,41.446336],[45.244832,41.443903],[45.24032,41.440527],[45.239918,41.443313],[45.239678,41.444609],[45.239595,41.444999],[45.239198,41.446863],[45.23889,41.448371],[45.238765,41.449239],[45.238665,41.449942],[45.238488,41.450995],[45.237929,41.453097],[45.237529,41.454469],[45.236588,41.457411],[45.235792,41.459676],[45.235435,41.460605],[45.234097,41.463824],[45.232297,41.467679],[45.231081,41.47065],[45.230631,41.471848],[45.230215,41.473028],[45.230043,41.473592],[45.229334,41.47615],[45.22904,41.477313],[45.228944,41.477824],[45.228346,41.481769],[45.227845,41.48532],[45.22731,41.488873],[45.227024,41.490329],[45.226005,41.494901],[45.225577,41.496285],[45.225344,41.4969],[45.224832,41.498108],[45.224,41.499977],[45.223665,41.500644],[45.223014,41.501794],[45.222055,41.503337],[45.221596,41.503974],[45.220605,41.505257],[45.21937,41.506574],[45.218501,41.507394],[45.21613,41.509465],[45.215703,41.509797],[45.214578,41.510598],[45.212965,41.511692],[45.209563,41.51366],[45.196557,41.520355],[45.195115,41.521147],[45.19243,41.522695],[45.189219,41.524601],[45.187779,41.525544],[45.187415,41.525805],[45.186208,41.526727],[45.184067,41.528411],[45.18338,41.529017],[45.18112,41.531275],[45.180178,41.532357],[45.179782,41.532866],[45.178594,41.534623],[45.177944,41.535699],[45.17747,41.536604],[45.176418,41.538786],[45.175316,41.541078],[45.173103,41.545214],[45.172725,41.545819],[45.171973,41.546813],[45.171103,41.547858],[45.169574,41.549424],[45.168617,41.550302],[45.1674,41.551272],[45.166795,41.55169],[45.163919,41.553358],[45.162758,41.553976],[45.162418,41.554132],[45.161528,41.554519],[45.159844,41.555225],[45.159436,41.555387],[45.155616,41.556833],[45.154315,41.557276],[45.145258,41.56017],[45.144653,41.560377],[45.141676,41.561445],[45.140761,41.561784],[45.138285,41.562733],[45.137924,41.562887],[45.137375,41.563137],[45.134236,41.564768],[45.133207,41.565355],[45.132534,41.565775],[45.12804,41.568748],[45.12677,41.56958],[45.12621,41.569934],[45.067661,41.60244],[45.06589,41.60352],[45.065293,41.603931],[45.064877,41.604309],[45.064126,41.60505],[45.062077,41.607231],[45.060944,41.608475],[45.057527,41.61273],[45.056136,41.614516],[45.05276,41.618931],[45.052281,41.619601],[45.050424,41.622362],[45.045617,41.629424],[45.041414,41.635251],[45.037596,41.640749],[45.03641,41.642462],[45.035792,41.643238],[45.033692,41.645521],[45.033037,41.646215],[45.032501,41.646733],[45.03186,41.647284],[45.031073,41.647895],[45.030273,41.648439],[45.028514,41.649514],[45.02732,41.650112],[45.026293,41.650581],[45.023096,41.652003],[45.02224,41.652351],[45.021174,41.652758],[45.019686,41.653291],[45.018406,41.653725],[45.016529,41.654301],[45.014102,41.654982],[44.992022,41.661237],[44.991996,41.661244],[44.99264,41.661903],[44.992675,41.661971],[44.992785,41.662045],[44.993014,41.66227],[44.993426,41.662487],[44.993439,41.662498],[44.993632,41.662728],[44.993749,41.662805],[44.993939,41.662999],[44.994009,41.663091],[44.994175,41.663204],[44.99418,41.663205],[44.994417,41.663246],[44.994422,41.663246],[44.994526,41.66326],[44.994761,41.663354],[44.995222,41.66366],[44.995365,41.663785],[44.995622,41.664039],[44.995732,41.664249],[44.995987,41.664579],[44.996268,41.664783],[44.996448,41.664996],[44.996534,41.66529],[44.996487,41.665468],[44.996457,41.665585],[44.996047,41.666122],[44.995996,41.666166],[44.995692,41.666548],[44.995661,41.666625],[44.995574,41.66674],[44.995118,41.667807],[44.994964,41.668295],[44.994824,41.668611],[44.994752,41.668901],[44.994834,41.66926],[44.994997,41.669734],[44.995109,41.670154],[44.995119,41.670429],[44.995126,41.670564],[44.995104,41.670806],[44.995099,41.670842],[44.995099,41.670857],[44.995088,41.670975],[44.995083,41.671051],[44.995101,41.671251],[44.995167,41.671375],[44.995228,41.671565],[44.995233,41.671719],[44.995389,41.671895],[44.9957,41.672119],[44.995888,41.672247],[44.996102,41.672419],[44.996138,41.672456],[44.996227,41.672742],[44.996407,41.672826],[44.996411,41.672826],[44.996647,41.672856],[44.996714,41.672864],[44.996883,41.672958],[44.996897,41.672966],[44.997284,41.673126],[44.997439,41.673177],[44.997449,41.673195],[44.997538,41.673247],[44.997543,41.673247],[44.997648,41.673266],[44.99773,41.673281],[44.997781,41.673307],[44.997785,41.673308],[44.997892,41.673314],[44.997906,41.673318],[44.99804,41.6734],[44.998364,41.673743],[44.99849,41.673876],[44.998606,41.673971],[44.998624,41.673983],[44.998728,41.67405],[44.998871,41.674174],[44.999082,41.674417],[44.999316,41.674693],[44.999361,41.674746],[44.999565,41.674955],[44.999675,41.675126],[44.999813,41.675225],[44.99984,41.675281],[45.000022,41.676364],[45.000055,41.676562],[45.000049,41.677586],[45.000055,41.678286],[45.000021,41.678375],[44.999972,41.678505],[44.999914,41.67892],[44.999936,41.679278],[45.0,41.679438],[45.000034,41.67952],[45.000067,41.679626],[45.000072,41.680177],[45.000097,41.681214],[45.000097,41.68122],[45.000119,41.681674],[45.000089,41.681725],[45.000094,41.681726],[45.000156,41.681734],[45.000399,41.681846],[45.000515,41.682005],[45.000652,41.682191],[45.000942,41.682505],[45.001244,41.682907],[45.001477,41.683296],[45.001594,41.683462],[45.001706,41.683578],[45.001896,41.683674],[45.002454,41.683846],[45.003312,41.684227],[45.003992,41.684454],[45.004398,41.684593],[45.004746,41.684701],[45.004846,41.684758],[45.005996,41.685232],[45.006638,41.685412],[45.007611,41.685685],[45.007616,41.685686],[45.009046,41.685959],[45.009051,41.68596],[45.010566,41.686119],[45.010618,41.686166],[45.010935,41.686559],[45.01102,41.686643],[45.011113,41.686718],[45.011482,41.686817],[45.011583,41.686925],[45.01161,41.687024],[45.011591,41.687254],[45.011684,41.687504],[45.011827,41.687806],[45.011866,41.68796],[45.011843,41.688082],[45.011785,41.68821],[45.011703,41.688328],[45.011606,41.688466],[45.011553,41.688533],[45.011564,41.688612],[45.011614,41.688658],[45.01177,41.688719],[45.011866,41.688757],[45.012208,41.688914],[45.012464,41.689048],[45.012634,41.68921],[45.012863,41.68946],[45.013012,41.689565],[45.013088,41.689594],[45.013247,41.689673],[45.013431,41.689725],[45.013435,41.689726],[45.013699,41.689795],[45.013904,41.689905],[45.014031,41.690027],[45.014179,41.690251],[45.014214,41.690411],[45.014225,41.690749],[45.014214,41.691016],[45.014222,41.691191],[45.014342,41.691519],[45.01452,41.691813],[45.014747,41.692156],[45.015231,41.692601],[45.015444,41.692749],[45.015911,41.693031],[45.015999,41.693121],[45.016069,41.693296],[45.016241,41.693584],[45.016377,41.693868],[45.016438,41.693996],[45.016459,41.694025],[45.016573,41.694185],[45.016674,41.694302],[45.017082,41.69463],[45.017567,41.695008],[45.017648,41.695075],[45.017675,41.695165],[45.017652,41.695337],[45.017548,41.69559],[45.017532,41.69563],[45.017369,41.696017],[45.01735,41.696113],[45.017431,41.696253],[45.017433,41.696256],[45.017461,41.696297],[45.020044,41.69364],[45.020715,41.692838],[45.020909,41.692581],[45.021919,41.691171],[45.022438,41.690394],[45.022723,41.689908],[45.025212,41.685348],[45.026169,41.683273],[45.026688,41.681825],[45.027314,41.679549],[45.027716,41.677742],[45.028734,41.672265],[45.02907,41.669913],[45.029209,41.669206],[45.029416,41.668375],[45.029559,41.667925],[45.029914,41.666966],[45.030377,41.666057],[45.03058,41.665712],[45.03135,41.664616],[45.031954,41.663825],[45.0343,41.660964],[45.034681,41.66054],[45.036573,41.658696],[45.037699,41.657682],[45.038915,41.656645],[45.042296,41.654081],[45.04291,41.653629],[45.044433,41.652556],[45.045207,41.65205],[45.048595,41.650354],[45.049545,41.649911],[45.051418,41.649174],[45.052739,41.648709],[45.054367,41.648189],[45.055091,41.647981],[45.055804,41.647792],[45.056318,41.647681],[45.057141,41.647524],[45.057846,41.647415],[45.058703,41.647343],[45.060419,41.647264]]]}},{"type":"Feature","properties":{"Zone":"მევენახეობის ზონა","Color":"#A0CF6B","isBg":false,"Area_km2":157.43},"geometry":{"type":"Polygon","coordinates":[[[45.101219,41.347211],[45.095415,41.341874],[45.091965,41.339015],[45.090401,41.340728],[45.08868,41.342145],[45.087918,41.342781],[45.087155,41.343416],[45.085003,41.344421],[45.083858,41.344843],[45.083855,41.344914],[45.08278,41.345618],[45.081546,41.345677],[45.079154,41.343529],[45.076994,41.341852],[45.073821,41.344571],[45.068994,41.349117],[45.061149,41.357467],[45.05754,41.361328],[45.0556,41.363328],[45.055082,41.363826],[45.051975,41.366586],[45.051131,41.367305],[45.050742,41.367624],[45.044243,41.372739],[45.042955,41.373803],[45.039206,41.377208],[45.038227,41.378212],[45.037536,41.379003],[45.035404,41.381729],[45.034802,41.382608],[45.034463,41.383139],[45.033842,41.384191],[45.033533,41.384828],[45.032782,41.386543],[45.032666,41.386825],[45.032306,41.38783],[45.032028,41.388737],[45.031956,41.388986],[45.031757,41.389754],[45.031683,41.390067],[45.03124,41.392272],[45.031,41.393627],[45.03019,41.397734],[45.029898,41.398934],[45.029737,41.399508],[45.029541,41.400118],[45.028815,41.401883],[45.028628,41.40224],[45.028237,41.402869],[45.027691,41.403657],[45.026969,41.404619],[45.026482,41.405217],[45.02597,41.405758],[45.025559,41.406149],[45.022961,41.408353],[45.019418,41.411122],[45.013929,41.415155],[45.012374,41.416429],[45.010695,41.417845],[45.010473,41.41805],[45.009435,41.419107],[45.009118,41.419469],[45.008345,41.420426],[45.008062,41.420801],[45.007444,41.421677],[45.007034,41.422347],[45.006853,41.422675],[45.00673,41.422928],[45.006432,41.423719],[45.006262,41.424246],[45.006168,41.424616],[45.006131,41.424815],[45.006023,41.425624],[45.005999,41.425867],[45.005983,41.426156],[45.00598,41.426374],[45.005989,41.42729],[45.006024,41.42769],[45.006087,41.428133],[45.00622,41.428859],[45.006341,41.429397],[45.006443,41.429801],[45.006653,41.430493],[45.007475,41.433193],[45.00758,41.43365],[45.007662,41.434201],[45.007736,41.434808],[45.007761,41.435063],[45.00778,41.435377],[45.007755,41.435834],[45.007692,41.436383],[45.00763,41.436673],[45.007538,41.436981],[45.007395,41.437343],[45.007244,41.437657],[45.007052,41.437981],[45.0068,41.438312],[45.00652,41.438626],[45.006201,41.438901],[45.005665,41.439316],[45.005463,41.439451],[45.005391,41.439492],[45.004932,41.439735],[45.004206,41.440065],[45.003577,41.440325],[45.003179,41.44047],[45.001198,41.441096],[45.00055,41.441289],[45.000105,41.441399],[44.999706,41.441484],[44.999116,41.4416],[44.997475,41.441891],[44.995327,41.442237],[44.983837,41.444162],[44.967439,41.446967],[44.956825,41.448719],[44.956127,41.448857],[44.955211,41.449053],[44.952803,41.449624],[44.951579,41.449943],[44.951268,41.45003],[44.950357,41.450329],[44.948072,41.451115],[44.946917,41.451526],[44.9461,41.451857],[44.939278,41.454939],[44.930661,41.459207],[44.926391,41.461253],[44.9237,41.462514],[44.923193,41.462723],[44.922679,41.462912],[44.916376,41.465026],[44.915714,41.465226],[44.915646,41.465243],[44.915315,41.465314],[44.91409,41.465558],[44.907877,41.466733],[44.901506,41.467776],[44.899414,41.46815],[44.899124,41.468211],[44.898558,41.468367],[44.895232,41.46937],[44.892768,41.470189],[44.890887,41.470843],[44.890182,41.47112],[44.889274,41.47152],[44.888971,41.471671],[44.886725,41.472822],[44.88622,41.473108],[44.885836,41.473353],[44.883872,41.474754],[44.883654,41.474961],[44.883427,41.475195],[44.882539,41.47615],[44.882442,41.476256],[44.881776,41.477041],[44.8814,41.477517],[44.880618,41.478586],[44.88035,41.478983],[44.880059,41.479486],[44.879849,41.47987],[44.879715,41.480142],[44.87958,41.480464],[44.879465,41.480799],[44.879343,41.481228],[44.879312,41.481383],[44.879215,41.482024],[44.879151,41.482662],[44.87913,41.483039],[44.879136,41.483831],[44.879182,41.485015],[44.879217,41.485365],[44.879278,41.485695],[44.879493,41.486565],[44.879588,41.486826],[44.880016,41.487768],[44.880448,41.488573],[44.881021,41.489384],[44.88142,41.489881],[44.882042,41.490598],[44.882589,41.491199],[44.884694,41.493272],[44.886972,41.49536],[44.890622,41.498914],[44.894883,41.503612],[44.897626,41.507185],[44.903139,41.514672],[44.909439,41.522358],[44.910595,41.523652],[44.914864,41.527921],[44.919402,41.531353],[44.921199,41.532563],[44.922992,41.533598],[44.923321,41.533779],[44.925909,41.535147],[44.926971,41.535662],[44.928863,41.536376],[44.930229,41.536834],[44.931941,41.537383],[44.933109,41.537693],[44.935264,41.538189],[44.939828,41.53908],[44.94097,41.53926],[44.942012,41.539406],[44.944088,41.539622],[44.945483,41.53976],[44.946765,41.539845],[44.949585,41.539903],[44.949989,41.539897],[44.961782,41.53967],[44.964369,41.539581],[44.96746,41.539412],[44.973312,41.539001],[44.980109,41.53846],[44.981427,41.538362],[44.981928,41.538327],[44.992514,41.53759],[44.992991,41.537552],[45.005149,41.536577],[45.005698,41.536534],[45.013256,41.535941],[45.015787,41.535724],[45.017625,41.535492],[45.018338,41.535383],[45.019223,41.535214],[45.019348,41.535185],[45.020179,41.534995],[45.021162,41.53469],[45.022342,41.534283],[45.02331,41.533926],[45.02389,41.533691],[45.024931,41.533167],[45.026267,41.532427],[45.026981,41.532006],[45.027677,41.531546],[45.028798,41.530679],[45.030035,41.529598],[45.030694,41.528968],[45.031111,41.528468],[45.031553,41.527893],[45.032514,41.526409],[45.033174,41.52529],[45.033941,41.523832],[45.034284,41.52303],[45.034706,41.521889],[45.03513,41.520676],[45.035365,41.519887],[45.035628,41.518818],[45.035882,41.517603],[45.035988,41.51692],[45.03612,41.515096],[45.036565,41.507125],[45.037132,41.499541],[45.037418,41.496788],[45.037533,41.49614],[45.037728,41.495502],[45.037795,41.495319],[45.038571,41.493305],[45.038913,41.492546],[45.039418,41.491619],[45.040849,41.489195],[45.041386,41.488413],[45.041496,41.488283],[45.043246,41.486491],[45.043998,41.485721],[45.044757,41.484999],[45.045556,41.484326],[45.046368,41.483722],[45.050368,41.480881],[45.058313,41.476083],[45.061693,41.473917],[45.06337,41.472773],[45.063866,41.472404],[45.064784,41.471639],[45.066136,41.470391],[45.067165,41.46935],[45.068259,41.468138],[45.068338,41.468041],[45.069301,41.466741],[45.0698,41.465968],[45.070464,41.464785],[45.070936,41.463838],[45.071084,41.463503],[45.071561,41.462214],[45.071876,41.461012],[45.072013,41.460327],[45.072104,41.459529],[45.072176,41.458171],[45.072138,41.457276],[45.072091,41.456956],[45.071999,41.456623],[45.071564,41.455476],[45.07151,41.455344],[45.071137,41.454521],[45.070898,41.454074],[45.070749,41.453863],[45.070209,41.453262],[45.069175,41.452186],[45.068632,41.451701],[45.068329,41.451468],[45.068017,41.451267],[45.066304,41.450275],[45.065939,41.450081],[45.065095,41.449701],[45.064648,41.449515],[45.061306,41.448341],[45.059558,41.447726],[45.058596,41.447367],[45.055847,41.446286],[45.055252,41.446023],[45.054935,41.445857],[45.054446,41.445547],[45.05409,41.445281],[45.052211,41.443676],[45.051493,41.442979],[45.051105,41.442548],[45.050927,41.442327],[45.050832,41.442196],[45.050702,41.441976],[45.050463,41.441433],[45.050391,41.441218],[45.050193,41.44036],[45.050126,41.439981],[45.050101,41.439801],[45.050065,41.438792],[45.050059,41.438607],[45.050056,41.438448],[45.050138,41.437454],[45.05021,41.437016],[45.050424,41.436152],[45.050896,41.434589],[45.051254,41.433601],[45.051627,41.432719],[45.052715,41.430424],[45.053741,41.428516],[45.055816,41.425018],[45.056544,41.423651],[45.057053,41.422521],[45.057244,41.422025],[45.05764,41.420736],[45.057751,41.420142],[45.05789,41.41893],[45.057946,41.417777],[45.057936,41.417284],[45.057874,41.416331],[45.057822,41.416044],[45.057655,41.415601],[45.056405,41.412671],[45.055226,41.40991],[45.055066,41.409455],[45.05487,41.408809],[45.054572,41.407415],[45.054499,41.406792],[45.054474,41.40545],[45.054482,41.405144],[45.054541,41.404513],[45.054692,41.403522],[45.054949,41.402591],[45.055168,41.402032],[45.055492,41.401408],[45.056513,41.399716],[45.057882,41.397762],[45.05899,41.396315],[45.059544,41.395668],[45.061728,41.393314],[45.069232,41.385587],[45.076283,41.378441],[45.086497,41.368544],[45.094689,41.361857],[45.101551,41.356937],[45.107436,41.353358],[45.105612,41.351574],[45.101219,41.347211]]]}},{"type":"Feature","properties":{"Zone":"სამრეწველო მევენახეობის ზონა","Color":"#48A851","isBg":false,"Area_km2":139.08},"geometry":{"type":"Polygon","coordinates":[[[45.035556,41.764848],[45.035861,41.764071],[45.036388,41.762941],[45.037904,41.760831],[45.03845,41.760245],[45.039413,41.759386],[45.041793,41.757427],[45.042908,41.756637],[45.043933,41.755984],[45.045174,41.755276],[45.047882,41.753906],[45.049816,41.753022],[45.050737,41.752657],[45.051666,41.752347],[45.053447,41.751848],[45.05471,41.751555],[45.055697,41.751337],[45.056073,41.751215],[45.056574,41.75098],[45.056902,41.750791],[45.057076,41.750685],[45.057945,41.750151],[45.058439,41.749899],[45.058692,41.749802],[45.059263,41.749659],[45.059639,41.749597],[45.062446,41.749246],[45.066021,41.748799],[45.066649,41.748696],[45.067355,41.74851],[45.067574,41.748431],[45.068137,41.74816],[45.068615,41.747882],[45.069039,41.747605],[45.069413,41.747312],[45.06963,41.747095],[45.070002,41.746558],[45.070168,41.74626],[45.070285,41.74597],[45.070466,41.745333],[45.070542,41.744947],[45.070576,41.744534],[45.070553,41.743357],[45.0705,41.742706],[45.070338,41.742043],[45.070267,41.741838],[45.070094,41.741478],[45.06979,41.740945],[45.068399,41.739096],[45.068103,41.738772],[45.067718,41.738407],[45.06713,41.737918],[45.06542,41.736672],[45.062735,41.734758],[45.05983,41.732687],[45.059157,41.732163],[45.058652,41.731715],[45.057642,41.730636],[45.057035,41.729894],[45.056495,41.729046],[45.056308,41.728715],[45.056092,41.728211],[45.056,41.72776],[45.055916,41.727133],[45.055919,41.72439],[45.055953,41.723867],[45.05601,41.723437],[45.056145,41.72289],[45.056444,41.722087],[45.05684,41.721269],[45.057614,41.719781],[45.057734,41.71958],[45.058422,41.718597],[45.058604,41.718389],[45.060557,41.716221],[45.061274,41.715487],[45.061945,41.714879],[45.062811,41.714158],[45.065948,41.711687],[45.06667,41.711155],[45.071888,41.707683],[45.072675,41.707171],[45.073172,41.706868],[45.076029,41.705366],[45.078414,41.704154],[45.079421,41.703716],[45.081003,41.703115],[45.082528,41.702566],[45.083497,41.702284],[45.083666,41.702238],[45.084433,41.702073],[45.085139,41.701954],[45.085727,41.701891],[45.086771,41.701822],[45.087119,41.701805],[45.088532,41.701775],[45.089143,41.701786],[45.090061,41.701849],[45.090751,41.701916],[45.091361,41.701992],[45.092405,41.702155],[45.092759,41.702224],[45.093644,41.702425],[45.094301,41.702594],[45.094903,41.702765],[45.095382,41.702939],[45.096488,41.703352],[45.097576,41.703812],[45.098161,41.704094],[45.098917,41.704492],[45.09911,41.704599],[45.100184,41.705241],[45.101283,41.705998],[45.101745,41.70633],[45.102063,41.706567],[45.102813,41.707157],[45.104001,41.708173],[45.104763,41.708869],[45.105227,41.709324],[45.105571,41.709704],[45.105656,41.709819],[45.105873,41.71021],[45.106003,41.71055],[45.106118,41.710926],[45.10621,41.711302],[45.106276,41.711694],[45.106308,41.712048],[45.10632,41.712422],[45.106309,41.712754],[45.106283,41.713108],[45.106179,41.713895],[45.106064,41.7144],[45.105817,41.715207],[45.105581,41.715848],[45.10513,41.71698],[45.104814,41.717712],[45.104211,41.719109],[45.104045,41.719532],[45.103924,41.719949],[45.103779,41.720716],[45.103725,41.721269],[45.103682,41.722141],[45.103698,41.723155],[45.103764,41.724603],[45.103809,41.725043],[45.103926,41.725834],[45.104136,41.726892],[45.104298,41.727497],[45.104458,41.727962],[45.105147,41.729435],[45.105286,41.729681],[45.105741,41.730422],[45.105844,41.730564],[45.106333,41.731198],[45.106852,41.73186],[45.107432,41.732514],[45.108024,41.733142],[45.108141,41.73326],[45.108515,41.733608],[45.109299,41.73426],[45.110256,41.734944],[45.111196,41.735568],[45.11195,41.736026],[45.112642,41.736415],[45.113259,41.736719],[45.11384,41.736979],[45.114693,41.73731],[45.115122,41.737457],[45.115716,41.737633],[45.116421,41.737818],[45.117544,41.738054],[45.11833,41.738197],[45.119485,41.738374],[45.120371,41.738487],[45.12085,41.738535],[45.122696,41.738694],[45.125094,41.73883],[45.12633,41.738878],[45.129188,41.738927],[45.1325,41.738985],[45.133554,41.739006],[45.134178,41.739031],[45.135735,41.739122],[45.137924,41.739335],[45.139087,41.73945],[45.139731,41.739535],[45.140254,41.73962],[45.14072,41.739718],[45.14124,41.739844],[45.142459,41.740201],[45.143982,41.740662],[45.144718,41.740895],[45.145245,41.741084],[45.145619,41.741244],[45.145866,41.741372],[45.14603,41.741465],[45.146338,41.74164],[45.14704,41.742049],[45.147576,41.742387],[45.148145,41.742771],[45.148587,41.743125],[45.14909,41.743589],[45.149485,41.744012],[45.149847,41.74446],[45.150132,41.744896],[45.150324,41.745219],[45.150749,41.746058],[45.150966,41.74657],[45.151353,41.747641],[45.152196,41.750125],[45.15291,41.752231],[45.153123,41.75277],[45.153225,41.752973],[45.153523,41.753495],[45.153766,41.753874],[45.153984,41.75415],[45.154213,41.754411],[45.15508,41.755265],[45.15551,41.755589],[45.156499,41.756228],[45.160294,41.758463],[45.160698,41.758751],[45.161271,41.759236],[45.16144,41.759404],[45.161856,41.75991],[45.16211,41.760299],[45.162291,41.760615],[45.162469,41.760978],[45.162622,41.761402],[45.162668,41.761598],[45.162697,41.761834],[45.1627,41.762141],[45.162693,41.762942],[45.162644,41.763964],[45.162635,41.764097],[45.162483,41.765091],[45.162346,41.765659],[45.162209,41.766068],[45.161943,41.766652],[45.16123,41.767882],[45.160514,41.768975],[45.159948,41.769765],[45.158205,41.772025],[45.157294,41.77312],[45.156302,41.774421],[45.154899,41.776595],[45.154197,41.777774],[45.153954,41.778339],[45.153883,41.77856],[45.15366,41.779352],[45.153513,41.780038],[45.153452,41.780711],[45.153437,41.781285],[45.15344,41.7814],[45.153462,41.78202],[45.15349,41.782233],[45.153622,41.782993],[45.153848,41.783973],[45.155047,41.783607],[45.158224,41.782606],[45.162805,41.781106],[45.16598,41.779718],[45.168047,41.778442],[45.169079,41.777333],[45.169814,41.775783],[45.170324,41.772683],[45.170538,41.769805],[45.170016,41.768256],[45.169126,41.766985],[45.168902,41.76621],[45.1689,41.765435],[45.168971,41.764439],[45.169411,41.762834],[45.169995,41.760232],[45.169989,41.758074],[45.169539,41.755418],[45.169015,41.753039],[45.168271,41.750992],[45.166343,41.74856],[45.165452,41.746901],[45.165596,41.745296],[45.165592,41.743857],[45.165959,41.742861],[45.16714,41.742361],[45.168247,41.742027],[45.169799,41.741914],[45.171573,41.742299],[45.17283,41.742685],[45.174014,41.74307],[45.175123,41.743234],[45.176083,41.743012],[45.176969,41.742734],[45.178296,41.741625],[45.179252,41.740184],[45.180282,41.738578],[45.181829,41.737026],[45.183525,41.735861],[45.186034,41.734695],[45.187583,41.733807],[45.189574,41.732641],[45.191121,41.730868],[45.192149,41.728985],[45.192439,41.726881],[45.19236,41.725387],[45.19088,41.724449],[45.189696,41.723621],[45.189619,41.722735],[45.19006,41.721794],[45.190797,41.721294],[45.192198,41.720683],[45.194412,41.720015],[45.196404,41.718961],[45.198247,41.717851],[45.199869,41.717018],[45.201196,41.716241],[45.202448,41.71491],[45.20451,41.71308],[45.205984,41.712081],[45.207532,41.711138],[45.208931,41.709973],[45.210109,41.708587],[45.210914,41.706483],[45.212015,41.704378],[45.21245,41.702053],[45.212444,41.700227],[45.212292,41.698954],[45.212068,41.698014],[45.211108,41.697905],[45.210371,41.698404],[45.209784,41.699512],[45.208533,41.700898],[45.207795,41.701176],[45.20654,41.701234],[45.205801,41.700903],[45.205208,41.700461],[45.204836,41.699521],[45.204611,41.698525],[45.204387,41.697585],[45.203425,41.696867],[45.202759,41.696481],[45.20202,41.696427],[45.201135,41.696705],[45.20062,41.69737],[45.200403,41.698754],[45.200335,41.700525],[45.200043,41.701688],[45.199381,41.702353],[45.198347,41.702299],[45.197312,41.702135],[45.19635,41.701473],[45.195831,41.700754],[45.195165,41.700313],[45.194204,41.699816],[45.192948,41.699708],[45.191544,41.699212],[45.190286,41.698495],[45.189544,41.697389],[45.188949,41.695619],[45.189527,41.691357],[45.190548,41.687094],[45.19172,41.683993],[45.192668,41.680283],[45.194061,41.67696],[45.195676,41.674135],[45.197073,41.672085],[45.19847,41.670589],[45.200164,41.669147],[45.20289,41.667648],[45.205469,41.666481],[45.208089,41.664994],[45.210125,41.663205],[45.21071,41.662062],[45.208794,41.660712],[45.207928,41.660167],[45.206841,41.659562],[45.206081,41.65916],[45.205225,41.658746],[45.204386,41.658379],[45.201957,41.65737],[45.201724,41.657278],[45.20094,41.657018],[45.200182,41.656794],[45.197931,41.656197],[45.197461,41.656091],[45.196624,41.655937],[45.19634,41.655907],[45.195604,41.655842],[45.193358,41.655692],[45.19226,41.655679],[45.191421,41.655678],[45.189576,41.655702],[45.188226,41.655787],[45.187585,41.655848],[45.187051,41.655924],[45.184505,41.656363],[45.183037,41.656648],[45.18242,41.656793],[45.181703,41.656978],[45.17995,41.657481],[45.176978,41.658371],[45.176186,41.658635],[45.175398,41.658934],[45.173641,41.6597],[45.172946,41.660031],[45.171438,41.660829],[45.171061,41.661036],[45.169195,41.662063],[45.16809,41.662729],[45.167351,41.663224],[45.162975,41.666267],[45.155444,41.671854],[45.143532,41.680816],[45.136581,41.685416],[45.133422,41.68744],[45.131674,41.688489],[45.130026,41.689427],[45.12813,41.690462],[45.124733,41.692233],[45.12361,41.692797],[45.123367,41.692906],[45.12211,41.693442],[45.121608,41.693638],[45.121339,41.693735],[45.119154,41.694443],[45.117901,41.694771],[45.117501,41.69486],[45.11609,41.695128],[45.115704,41.695183],[45.115534,41.695201],[45.114958,41.69525],[45.114695,41.695264],[45.113923,41.695293],[45.112562,41.695269],[45.11159,41.695205],[45.110896,41.695137],[45.110042,41.695007],[45.109149,41.694796],[45.108719,41.694671],[45.108156,41.694478],[45.107007,41.694035],[45.104383,41.69291],[45.103753,41.692557],[45.101647,41.691291],[45.100435,41.690497],[45.098026,41.688843],[45.097281,41.688244],[45.094215,41.685594],[45.092391,41.683593],[45.091733,41.682817],[45.090623,41.681421],[45.089352,41.67949],[45.088355,41.677669],[45.08752,41.675981],[45.087004,41.674808],[45.085938,41.671927],[45.083682,41.664627],[45.081669,41.659472],[45.08079,41.657572],[45.080244,41.656554],[45.079175,41.654814],[45.078696,41.654163],[45.078225,41.653605],[45.07771,41.653086],[45.076613,41.652056],[45.075552,41.651173],[45.07492,41.65071],[45.074269,41.650297],[45.073666,41.649951],[45.072923,41.649558],[45.072301,41.649268],[45.070931,41.648664],[45.069835,41.648266],[45.069134,41.648042],[45.068732,41.647925],[45.067699,41.64768],[45.066897,41.647535],[45.065872,41.647391],[45.065267,41.647331],[45.064469,41.64728],[45.06368,41.647244],[45.062506,41.647241],[45.060419,41.647264],[45.058703,41.647343],[45.057846,41.647415],[45.057141,41.647524],[45.056318,41.647681],[45.055804,41.647792],[45.055091,41.647981],[45.054367,41.648189],[45.052739,41.648709],[45.051418,41.649174],[45.049545,41.649911],[45.048595,41.650354],[45.045207,41.65205],[45.044433,41.652556],[45.04291,41.653629],[45.042296,41.654081],[45.038915,41.656645],[45.037699,41.657682],[45.036573,41.658696],[45.034681,41.66054],[45.0343,41.660964],[45.031954,41.663825],[45.03135,41.664616],[45.03058,41.665712],[45.030377,41.666057],[45.029914,41.666966],[45.029559,41.667925],[45.029416,41.668375],[45.029209,41.669206],[45.02907,41.669913],[45.028734,41.672265],[45.027716,41.677742],[45.027314,41.679549],[45.026688,41.681825],[45.026169,41.683273],[45.025212,41.685348],[45.022723,41.689908],[45.022438,41.690394],[45.021919,41.691171],[45.020909,41.692581],[45.020715,41.692838],[45.020044,41.69364],[45.017461,41.696297],[45.017528,41.696398],[45.017594,41.696558],[45.017548,41.696765],[45.017483,41.697004],[45.017466,41.697067],[45.017358,41.697294],[45.017071,41.697596],[45.016823,41.697876],[45.016687,41.69807],[45.016183,41.698774],[45.015973,41.699024],[45.015915,41.699161],[45.015877,41.699254],[45.015934,41.69935],[45.016044,41.699402],[45.016198,41.699475],[45.016586,41.699766],[45.016656,41.699943],[45.016847,41.700391],[45.016889,41.700804],[45.016898,41.701255],[45.017142,41.701923],[45.017258,41.702185],[45.017406,41.70245],[45.017464,41.702735],[45.017368,41.702961],[45.017334,41.703005],[45.017138,41.703258],[45.016936,41.703414],[45.014668,41.704766],[45.014555,41.704818],[45.014553,41.704819],[45.014121,41.705051],[45.014048,41.705239],[45.014003,41.705632],[45.014103,41.705885],[45.014135,41.705967],[45.014214,41.706066],[45.014724,41.706763],[45.014738,41.706785],[45.015103,41.707485],[45.015468,41.707896],[45.015701,41.708282],[45.015893,41.70858],[45.015975,41.708723],[45.015991,41.708768],[45.016034,41.708887],[45.015998,41.709075],[45.015948,41.709159],[45.015909,41.709224],[45.015824,41.70937],[45.015728,41.709517],[45.015468,41.709861],[45.015194,41.710178],[45.015109,41.710271],[45.014937,41.710394],[45.014524,41.71067],[45.014303,41.710805],[45.012892,41.712163],[45.012705,41.712425],[45.012669,41.712512],[45.01255,41.71274],[45.01254,41.712929],[45.012598,41.713094],[45.012607,41.71312],[45.012593,41.713418],[45.012564,41.713874],[45.012567,41.714026],[45.012562,41.714085],[45.012569,41.714115],[45.01257,41.714158],[45.012632,41.71438],[45.012668,41.71453],[45.012608,41.715387],[45.012592,41.715477],[45.012545,41.715941],[45.012525,41.716153],[45.012469,41.716608],[45.012407,41.716991],[45.012376,41.717187],[45.012377,41.717198],[45.012376,41.717201],[45.012352,41.717458],[45.012356,41.717548],[45.012369,41.7178],[45.012539,41.717982],[45.012722,41.718129],[45.012921,41.7184],[45.013139,41.718565],[45.013468,41.71879],[45.013782,41.718918],[45.013991,41.719037],[45.014481,41.719175],[45.014563,41.719214],[45.014624,41.719243],[45.01491,41.719501],[45.015057,41.719633],[45.015135,41.719721],[45.015174,41.719767],[45.015352,41.719911],[45.015556,41.720127],[45.015673,41.72034],[45.015674,41.720341],[45.015726,41.720518],[45.015727,41.72052],[45.015738,41.720741],[45.015714,41.720862],[45.015691,41.721155],[45.0157,41.721186],[45.015744,41.721337],[45.015761,41.721394],[45.015836,41.721606],[45.015843,41.721629],[45.015953,41.721963],[45.016003,41.722126],[45.01604,41.722302],[45.015959,41.722459],[45.015958,41.722462],[45.015949,41.722479],[45.015889,41.722678],[45.015887,41.722708],[45.015869,41.722962],[45.015885,41.723141],[45.015891,41.723201],[45.016066,41.72337],[45.016127,41.723447],[45.016276,41.723688],[45.016276,41.72399],[45.016206,41.724243],[45.016172,41.724366],[45.01617,41.724374],[45.016168,41.724375],[45.015717,41.724704],[45.015674,41.724739],[45.015657,41.724744],[45.015533,41.724787],[45.01537,41.724907],[45.015233,41.725045],[45.015122,41.72518],[45.015062,41.725255],[45.014989,41.725415],[45.014959,41.725464],[45.014809,41.725637],[45.014778,41.725656],[45.014738,41.725682],[45.014526,41.725819],[45.01433,41.726123],[45.014306,41.726185],[45.012977,41.726993],[45.011288,41.728378],[45.011054,41.728763],[45.009822,41.73079],[45.007528,41.734562],[45.006879,41.735771],[45.006703,41.7361],[45.00633,41.736796],[45.006157,41.737117],[45.006097,41.737145],[45.005233,41.737547],[45.004844,41.737583],[45.004649,41.7376],[45.004626,41.737572],[45.004341,41.737205],[45.003981,41.736794],[45.002978,41.735653],[45.002421,41.735041],[45.001746,41.734265],[45.00014,41.73245],[44.999998,41.732293],[44.999775,41.732047],[44.999615,41.731941],[44.999437,41.731859],[44.999031,41.731695],[44.99857,41.731522],[44.997712,41.731218],[44.996941,41.730916],[44.996921,41.730909],[44.996763,41.730795],[44.996077,41.729884],[44.995855,41.72959],[44.995665,41.729566],[44.991768,41.729906],[44.989782,41.730968],[44.988647,41.732456],[44.987799,41.734118],[44.988249,41.739554],[44.98826,41.739917],[44.98823,41.740646],[44.988159,41.741196],[44.987954,41.742102],[44.987754,41.742828],[44.987588,41.74327],[44.987226,41.744058],[44.98667,41.745095],[44.986176,41.745937],[44.985677,41.746646],[44.984897,41.747612],[44.984264,41.748302],[44.98337,41.749183],[44.982524,41.749952],[44.981773,41.750523],[44.980399,41.751439],[44.978911,41.75228],[44.977728,41.752884],[44.972787,41.75515],[44.971502,41.755642],[44.958894,41.76047],[44.957996,41.760884],[44.95671,41.761529],[44.954845,41.762547],[44.954129,41.762999],[44.952991,41.763864],[44.95256,41.764249],[44.952265,41.764615],[44.951771,41.765342],[44.951469,41.765895],[44.951311,41.766252],[44.951137,41.766803],[44.951063,41.767299],[44.951124,41.767979],[44.951248,41.768535],[44.951465,41.769024],[44.952311,41.770599],[44.952703,41.771303],[44.95352,41.772589],[44.953955,41.773159],[44.954421,41.773647],[44.957218,41.775966],[44.958031,41.776572],[44.959241,41.777349],[44.961208,41.778466],[44.961776,41.77876],[44.962865,41.779204],[44.964331,41.779765],[44.965685,41.780241],[44.967744,41.780857],[44.969958,41.781425],[44.971324,41.781713],[44.97188,41.781801],[44.972886,41.781909],[44.975938,41.78212],[44.979137,41.782131],[44.980113,41.782105],[44.981146,41.782048],[44.98176,41.781988],[44.983199,41.781817],[44.984311,41.781651],[44.985164,41.781509],[44.98705,41.781153],[44.98813,41.780901],[44.989211,41.780603],[44.990799,41.780082],[44.99254,41.779422],[44.993205,41.779152],[44.995001,41.778329],[44.996826,41.777391],[44.997446,41.777043],[44.998876,41.776156],[44.999761,41.77556],[45.000771,41.7748],[45.002998,41.772956],[45.003578,41.772431],[45.004679,41.771306],[45.005311,41.770618],[45.00744,41.767964],[45.00857,41.766556],[45.009262,41.765778],[45.010152,41.765022],[45.010686,41.764674],[45.011096,41.764476],[45.011393,41.764405],[45.011941,41.764359],[45.01221,41.764362],[45.012646,41.764411],[45.013065,41.764496],[45.01369,41.76468],[45.014078,41.764825],[45.014292,41.764934],[45.014604,41.765177],[45.015177,41.765769],[45.016014,41.766848],[45.016358,41.767363],[45.016798,41.768173],[45.017295,41.769278],[45.01772,41.770567],[45.017927,41.771479],[45.017991,41.772058],[45.018058,41.773248],[45.018048,41.774528],[45.01801,41.775111],[45.017929,41.775844],[45.017813,41.776409],[45.017632,41.776984],[45.017399,41.777557],[45.016724,41.778975],[45.016594,41.779212],[45.016302,41.779652],[45.015824,41.78029],[45.015656,41.780506],[45.015221,41.780999],[45.013496,41.782823],[45.012296,41.784029],[45.010813,41.785519],[45.009312,41.78717],[45.008337,41.788404],[45.008164,41.788663],[45.0079,41.789117],[45.00764,41.789749],[45.007446,41.790238],[45.00721,41.791017],[45.00714,41.791349],[45.007119,41.791756],[45.007153,41.792039],[45.007275,41.792347],[45.007468,41.792662],[45.007638,41.792811],[45.007962,41.793014],[45.008123,41.793061],[45.008352,41.793104],[45.009062,41.793197],[45.009924,41.793269],[45.011209,41.793322],[45.013175,41.793346],[45.014741,41.793299],[45.016078,41.793234],[45.017171,41.793148],[45.017442,41.793117],[45.018403,41.792957],[45.019551,41.7927],[45.020714,41.792379],[45.021261,41.792205],[45.022074,41.791911],[45.023269,41.791405],[45.025194,41.790554],[45.025863,41.790224],[45.027657,41.789217],[45.028346,41.788796],[45.029233,41.788161],[45.030184,41.787367],[45.031274,41.786313],[45.03194,41.785571],[45.032639,41.78463],[45.033042,41.784024],[45.033449,41.783306],[45.033804,41.782528],[45.034234,41.781334],[45.034277,41.781175],[45.034602,41.779722],[45.034696,41.779143],[45.03479,41.778234],[45.035054,41.772208],[45.035197,41.767541],[45.035348,41.765814],[45.035394,41.765488],[45.035556,41.764848]]]}},{"type":"Feature","properties":{"Zone":"მევენახეობის ზონა","Color":"#A0CF6B","isBg":false,"Area_km2":44.98},"geometry":{"type":"Polygon","coordinates":[[[44.600221,41.664786],[44.601316,41.664045],[44.601514,41.663921],[44.59887,41.66249],[44.597625,41.661816],[44.597274,41.661625],[44.594842,41.660353],[44.594251,41.660043],[44.592066,41.65908],[44.588928,41.657869],[44.586699,41.65714],[44.583972,41.656456],[44.582104,41.656102],[44.57919,41.655651],[44.576655,41.655373],[44.573979,41.655185],[44.568552,41.655039],[44.566064,41.655047],[44.56256,41.655161],[44.559339,41.655396],[44.5548,41.655883],[44.552627,41.656178],[44.549517,41.656753],[44.546666,41.657362],[44.543294,41.658182],[44.539507,41.65924],[44.534841,41.661141],[44.532638,41.662296],[44.531242,41.663106],[44.529162,41.664611],[44.527828,41.665682],[44.526107,41.667417],[44.525037,41.668629],[44.524516,41.669421],[44.523623,41.671179],[44.523269,41.672002],[44.522751,41.67402],[44.522483,41.6752],[44.522186,41.67733],[44.521893,41.680899],[44.521858,41.681344],[44.521825,41.681831],[44.521788,41.682412],[44.521682,41.684213],[44.521643,41.684792],[44.521603,41.685311],[44.521549,41.685912],[44.52152,41.686196],[44.52149,41.686472],[44.521457,41.68674],[44.521423,41.687002],[44.521387,41.687258],[44.521349,41.687509],[44.521254,41.68814],[44.521208,41.688419],[44.521155,41.688702],[44.521127,41.688831],[44.521097,41.688954],[44.52102,41.689249],[44.520945,41.689516],[44.520868,41.689764],[44.520789,41.689998],[44.520705,41.690222],[44.520617,41.690435],[44.520525,41.690639],[44.520428,41.690834],[44.520324,41.691027],[44.520209,41.69123],[44.520093,41.691426],[44.519975,41.691618],[44.519856,41.691804],[44.519734,41.691985],[44.51961,41.692161],[44.519484,41.692333],[44.519356,41.692499],[44.519264,41.692613],[44.519161,41.692737],[44.518877,41.693066],[44.518619,41.69336],[44.518412,41.69359],[44.51822,41.693795],[44.518038,41.693982],[44.517872,41.694145],[44.517707,41.694303],[44.517541,41.694457],[44.517376,41.694605],[44.517211,41.694749],[44.517046,41.694889],[44.51688,41.695024],[44.516714,41.695154],[44.516586,41.695252],[44.51645,41.695352],[44.516304,41.695455],[44.516146,41.695563],[44.515819,41.69578],[44.515214,41.696171],[44.514899,41.696374],[44.514613,41.696556],[44.514346,41.696722],[44.514091,41.696878],[44.513705,41.697107],[44.513314,41.697333],[44.512919,41.697554],[44.512521,41.697771],[44.512118,41.697984],[44.511713,41.698192],[44.511304,41.698395],[44.510893,41.698593],[44.510698,41.698684],[44.510493,41.698778],[44.510043,41.698978],[44.509572,41.69918],[44.508672,41.699561],[44.507664,41.699984],[44.505535,41.700929],[44.504943,41.701192],[44.503567,41.701874],[44.502697,41.70236],[44.500385,41.703928],[44.499755,41.704423],[44.498879,41.705232],[44.498049,41.70629],[44.497879,41.706569],[44.497556,41.707297],[44.497091,41.708658],[44.497004,41.708943],[44.496843,41.709789],[44.496758,41.710606],[44.49676,41.711119],[44.496849,41.71177],[44.496969,41.712371],[44.497143,41.712897],[44.497184,41.713022],[44.497359,41.713372],[44.497744,41.714022],[44.497845,41.714137],[44.498824,41.715177],[44.499041,41.715354],[44.499292,41.715521],[44.499709,41.715767],[44.500837,41.7163],[44.501889,41.716679],[44.503055,41.716996],[44.503765,41.717137],[44.504279,41.717224],[44.505018,41.717298],[44.505309,41.717319],[44.506198,41.717338],[44.50752,41.717261],[44.508248,41.71717],[44.508867,41.71703],[44.509711,41.716795],[44.5111,41.716198],[44.511397,41.716036],[44.511741,41.715816],[44.51548,41.713074],[44.516593,41.712184],[44.51706,41.711792],[44.518048,41.710948],[44.518447,41.71061],[44.518862,41.710265],[44.519239,41.709958],[44.51946,41.709784],[44.519674,41.709618],[44.519884,41.709458],[44.52009,41.709306],[44.520293,41.709159],[44.520494,41.709017],[44.520693,41.70888],[44.520891,41.708748],[44.521254,41.708509],[44.521451,41.708381],[44.521642,41.708262],[44.521817,41.708158],[44.522028,41.708039],[44.522233,41.707927],[44.522434,41.707822],[44.522632,41.707725],[44.522796,41.707647],[44.522959,41.707572],[44.523122,41.707501],[44.523284,41.707432],[44.523446,41.707367],[44.523607,41.707305],[44.523767,41.707245],[44.523927,41.707189],[44.524067,41.707142],[44.52417,41.707109],[44.52433,41.707062],[44.524484,41.707021],[44.524634,41.706986],[44.524779,41.706957],[44.524862,41.706943],[44.52495,41.706931],[44.525043,41.70692],[44.525143,41.70691],[44.525336,41.706895],[44.525762,41.70687],[44.526093,41.70685],[44.526401,41.706834],[44.526694,41.706822],[44.526973,41.706815],[44.527242,41.706812],[44.527502,41.706813],[44.527753,41.706819],[44.527998,41.706829],[44.528132,41.706836],[44.528273,41.706847],[44.528422,41.706859],[44.528581,41.706875],[44.52887,41.706907],[44.529498,41.706983],[44.529746,41.70701],[44.529746,41.70701],[44.530459,41.707082],[44.530841,41.707125],[44.531028,41.707148],[44.531203,41.707173],[44.531369,41.707198],[44.531527,41.707224],[44.53179,41.707272],[44.532005,41.707314],[44.532199,41.707355],[44.532377,41.707398],[44.532569,41.707448],[44.532763,41.707503],[44.532958,41.707564],[44.533155,41.707629],[44.533335,41.707691],[44.533455,41.707734],[44.533562,41.707776],[44.533657,41.707816],[44.533774,41.707872],[44.533894,41.707933],[44.534015,41.708001],[44.53414,41.708076],[44.534208,41.70812],[44.534277,41.708166],[44.534418,41.708269],[44.534569,41.708388],[44.534751,41.70854],[44.534955,41.708716],[44.535089,41.708839],[44.535149,41.708898],[44.535204,41.708956],[44.535253,41.709011],[44.535298,41.709066],[44.535345,41.709128],[44.535383,41.709182],[44.535423,41.709245],[44.53547,41.709327],[44.535522,41.709425],[44.535571,41.70953],[44.535618,41.709642],[44.535664,41.709765],[44.535695,41.709858],[44.535724,41.70996],[44.535752,41.710072],[44.535792,41.710243],[44.535836,41.710437],[44.535859,41.710565],[44.53587,41.710669],[44.535877,41.710783],[44.535879,41.710909],[44.535877,41.711069],[44.535872,41.711187],[44.535863,41.711315],[44.535849,41.711457],[44.535826,41.711653],[44.53579,41.711927],[44.535747,41.712191],[44.535697,41.712447],[44.53564,41.712695],[44.535585,41.712909],[44.535537,41.713077],[44.535485,41.713233],[44.535423,41.713397],[44.535351,41.713572],[44.535265,41.713766],[44.535204,41.713896],[44.535137,41.714029],[44.535063,41.714167],[44.534982,41.714312],[44.534895,41.71446],[44.534798,41.71462],[44.53455,41.715012],[44.534405,41.715231],[44.534248,41.715455],[44.534078,41.715688],[44.533892,41.715932],[44.533696,41.716179],[44.533476,41.716449],[44.533231,41.716743],[44.532866,41.717176],[44.532621,41.717459],[44.532358,41.717753],[44.532074,41.718059],[44.531764,41.718384],[44.531513,41.718641],[44.531234,41.718922],[44.530061,41.720088],[44.529791,41.720359],[44.52955,41.720603],[44.52567,41.72453],[44.52542,41.724834],[44.525067,41.725364],[44.524902,41.72566],[44.524713,41.726074],[44.524642,41.726281],[44.524556,41.726709],[44.52451,41.727277],[44.524537,41.728023],[44.524555,41.728183],[44.524621,41.728544],[44.524672,41.728769],[44.525071,41.729544],[44.525438,41.730014],[44.525633,41.73026],[44.526111,41.730785],[44.526613,41.731221],[44.526804,41.731364],[44.527928,41.73196],[44.528608,41.732234],[44.529437,41.732508],[44.530281,41.732668],[44.530819,41.732745],[44.531182,41.732765],[44.531771,41.732765],[44.532467,41.732712],[44.533145,41.732616],[44.533515,41.73255],[44.534825,41.732316],[44.535909,41.732022],[44.537251,41.731613],[44.538302,41.731202],[44.540154,41.730408],[44.54049,41.730229],[44.541097,41.729886],[44.545947,41.726765],[44.546683,41.726185],[44.549421,41.72355],[44.549614,41.723326],[44.551374,41.720801],[44.551987,41.719876],[44.555001,41.714381],[44.555147,41.714108],[44.555225,41.713973],[44.555297,41.713858],[44.555384,41.713731],[44.55573,41.713257],[44.556237,41.712523],[44.556376,41.712332],[44.556504,41.712162],[44.55674,41.711865],[44.556833,41.711752],[44.556922,41.71165],[44.556984,41.711582],[44.557129,41.711427],[44.557285,41.711268],[44.557456,41.711103],[44.557645,41.710927],[44.557796,41.710791],[44.558064,41.710555],[44.55834,41.71032],[44.558624,41.710084],[44.558915,41.709848],[44.559216,41.709612],[44.559524,41.709376],[44.559841,41.709139],[44.560167,41.708902],[44.560352,41.70877],[44.560546,41.708635],[44.560752,41.708495],[44.560972,41.708347],[44.561443,41.708038],[44.56218,41.707564],[44.562565,41.707313],[44.562676,41.707244],[44.562777,41.707184],[44.562965,41.70708],[44.563171,41.706973],[44.563401,41.706862],[44.563671,41.706738],[44.56385,41.70666],[44.56404,41.70658],[44.564246,41.706496],[44.564474,41.706408],[44.564729,41.706312],[44.564999,41.706216],[44.565286,41.706118],[44.565598,41.706016],[44.565885,41.705925],[44.566093,41.705861],[44.566282,41.705806],[44.566457,41.705759],[44.566626,41.705716],[44.566809,41.705673],[44.567029,41.705624],[44.56723,41.705582],[44.567418,41.705546],[44.567598,41.705515],[44.567762,41.705489],[44.567904,41.70547],[44.56801,41.705457],[44.568121,41.705446],[44.568237,41.705437],[44.56836,41.705429],[44.568626,41.705417],[44.569004,41.705406],[44.569273,41.705399],[44.569483,41.705397],[44.569673,41.705399],[44.569848,41.705404],[44.56996,41.70541],[44.570084,41.705418],[44.570428,41.705446],[44.570726,41.705473],[44.570988,41.705499],[44.571035,41.705505],[44.571229,41.705527],[44.571455,41.705557],[44.57172,41.705598],[44.572011,41.70565],[44.572322,41.705711],[44.572843,41.705818],[44.573059,41.705862],[44.573184,41.70589],[44.573308,41.70592],[44.573436,41.705954],[44.573568,41.705992],[44.573706,41.706034],[44.573848,41.706079],[44.574001,41.706131],[44.574399,41.706271],[44.574616,41.70635],[44.574822,41.706429],[44.575018,41.706508],[44.575228,41.706597],[44.575456,41.706698],[44.575733,41.706824],[44.575933,41.706917],[44.576132,41.707012],[44.576332,41.70711],[44.576532,41.70721],[44.576731,41.707312],[44.576931,41.707417],[44.57713,41.707525],[44.577329,41.707634],[44.577621,41.707801],[44.577933,41.707987],[44.578274,41.708197],[44.578703,41.708467],[44.579153,41.708755],[44.579507,41.708986],[44.579822,41.7092],[44.580106,41.709401],[44.580246,41.709504],[44.580401,41.709621],[44.580979,41.710069],[44.582225,41.711029],[44.582556,41.711281],[44.582854,41.711505],[44.583618,41.712073],[44.583951,41.712317],[44.584266,41.712544],[44.584847,41.712959],[44.585374,41.713331],[44.585869,41.713673],[44.586341,41.713994],[44.586799,41.714299],[44.587244,41.714589],[44.587678,41.714865],[44.588104,41.715128],[44.588605,41.715431],[44.589013,41.715671],[44.589276,41.715822],[44.589498,41.715947],[44.589702,41.716059],[44.589894,41.716162],[44.590218,41.716328],[44.590574,41.716503],[44.590972,41.71669],[44.591469,41.716918],[44.591983,41.717148],[44.592169,41.717229],[44.592339,41.717299],[44.592621,41.717412],[44.592873,41.717508],[44.593107,41.717592],[44.59333,41.717666],[44.593467,41.717709],[44.593694,41.717778],[44.594073,41.717889],[44.594471,41.717999],[44.594892,41.718111],[44.595347,41.718227],[44.595709,41.718316],[44.59611,41.718412],[44.597225,41.718672],[44.598731,41.71902],[44.600662,41.719467],[44.600655,41.719474],[44.600631,41.719493],[44.601553,41.718898],[44.602808,41.717863],[44.604344,41.716274],[44.608806,41.712651],[44.609411,41.712029],[44.609414,41.711579],[44.609371,41.711094],[44.608819,41.710607],[44.607527,41.710117],[44.606511,41.709871],[44.605263,41.709659],[44.603093,41.709097],[44.601987,41.708573],[44.601388,41.708155],[44.601253,41.70767],[44.601671,41.707325],[44.60246,41.706808],[44.602929,41.705735],[44.60372,41.704906],[44.604093,41.704422],[44.604881,41.704148],[44.605298,41.704011],[44.60581,41.703493],[44.606043,41.703112],[44.606369,41.702732],[44.606834,41.702422],[44.60739,41.702112],[44.608227,41.701353],[44.608601,41.700661],[44.609116,41.699623],[44.61,41.69876],[44.61056,41.69793],[44.611302,41.697517],[44.611812,41.69731],[44.612368,41.697139],[44.612878,41.696829],[44.613528,41.696346],[44.61427,41.696002],[44.615011,41.695796],[44.616123,41.695384],[44.616585,41.695386],[44.617328,41.694834],[44.617331,41.694418],[44.619426,41.693895],[44.620032,41.692966],[44.620008,41.69294],[44.619999,41.69293],[44.619987,41.692943],[44.619288,41.693727],[44.61896,41.693627],[44.618653,41.693534],[44.618209,41.693366],[44.618204,41.693329],[44.618226,41.693279],[44.618247,41.693256],[44.618223,41.693224],[44.618147,41.6932],[44.618061,41.693163],[44.617975,41.693136],[44.617915,41.693105],[44.617883,41.693093],[44.617853,41.693079],[44.61783,41.693044],[44.61781,41.69299],[44.617797,41.692909],[44.617796,41.692843],[44.617829,41.692725],[44.617837,41.692365],[44.617629,41.692244],[44.617333,41.692454],[44.617196,41.692556],[44.617103,41.692626],[44.616636,41.69267],[44.61628,41.692747],[44.616042,41.693013],[44.615701,41.693008],[44.615619,41.692987],[44.615041,41.692842],[44.614967,41.692764],[44.615145,41.692183],[44.615027,41.692044],[44.614752,41.691978],[44.614478,41.6921],[44.614218,41.692016],[44.61367,41.691734],[44.613388,41.691657],[44.613195,41.69169],[44.613113,41.691817],[44.613152,41.691895],[44.613195,41.691978],[44.61338,41.692194],[44.613432,41.692371],[44.613351,41.692814],[44.613358,41.692974],[44.613329,41.693129],[44.613091,41.69339],[44.612898,41.693462],[44.612642,41.693266],[44.612528,41.693179],[44.611964,41.693185],[44.611527,41.693035],[44.611163,41.692836],[44.61106,41.69231],[44.610911,41.692205],[44.610726,41.69221],[44.610686,41.692249],[44.610607,41.692328],[44.610511,41.692426],[44.610383,41.692605],[44.610377,41.692615],[44.610073,41.692653],[44.609689,41.692508],[44.609458,41.692421],[44.609265,41.69216],[44.609109,41.691906],[44.608613,41.691446],[44.608123,41.69092],[44.607901,41.690848],[44.607585,41.691048],[44.607508,41.691097],[44.6073,41.691169],[44.607073,41.691084],[44.6069,41.69102],[44.606255,41.690998],[44.605891,41.690909],[44.605795,41.690599],[44.605758,41.690328],[44.605535,41.690134],[44.605202,41.69004],[44.605001,41.690062],[44.604965,41.690241],[44.604935,41.690394],[44.604853,41.690715],[44.604727,41.69082],[44.60449,41.69076],[44.604401,41.69056],[44.604416,41.690245],[44.604392,41.690235],[44.60423,41.690167],[44.604052,41.690217],[44.603696,41.690732],[44.603684,41.690741],[44.603407,41.690975],[44.603155,41.691103],[44.602888,41.691031],[44.602816,41.690979],[44.602747,41.690931],[44.602859,41.690643],[44.602836,41.690405],[44.602616,41.690283],[44.601551,41.690133],[44.601346,41.690173],[44.601101,41.690173],[44.600953,41.690139],[44.600612,41.689851],[44.600219,41.689575],[44.599937,41.689519],[44.599425,41.689414],[44.598966,41.689181],[44.598632,41.68906],[44.598617,41.688899],[44.598706,41.688661],[44.598491,41.6886],[44.598076,41.688611],[44.597905,41.688589],[44.597104,41.688262],[44.597016,41.688157],[44.597112,41.687875],[44.59706,41.687753],[44.596889,41.687664],[44.596713,41.687682],[44.596727,41.687756],[44.596725,41.687756],[44.596628,41.687751],[44.596528,41.68775],[44.596417,41.687754],[44.596303,41.68776],[44.596246,41.687763],[44.596229,41.687764],[44.595982,41.687977],[44.595698,41.688179],[44.595326,41.688319],[44.594746,41.688468],[44.594349,41.688684],[44.594002,41.688862],[44.593756,41.688903],[44.593394,41.688892],[44.592925,41.688706],[44.592612,41.68847],[44.592124,41.688196],[44.591674,41.687982],[44.591205,41.687782],[44.590754,41.68764],[44.590196,41.687543],[44.58954,41.687504],[44.588981,41.687413],[44.58858,41.687287],[44.588091,41.687116],[44.587699,41.686997],[44.58722,41.686893],[44.586642,41.6867],[44.586388,41.686566],[44.586144,41.686492],[44.585722,41.686564],[44.58526,41.686695],[44.584975,41.68673],[44.584534,41.686743],[44.584211,41.686595],[44.584144,41.686419],[44.584039,41.686021],[44.58408,41.685639],[44.584063,41.685331],[44.583917,41.685065],[44.583625,41.684778],[44.58341,41.684615],[44.583128,41.684306],[44.582865,41.684062],[44.582622,41.683701],[44.582585,41.683319],[44.582597,41.682973],[44.582591,41.682451],[44.582762,41.681702],[44.582863,41.681291],[44.582924,41.681012],[44.583201,41.680594],[44.583674,41.680228],[44.584078,41.679921],[44.584286,41.679584],[44.584663,41.67896],[44.58485,41.678697],[44.585038,41.678491],[44.585304,41.678287],[44.585756,41.678163],[44.586286,41.678084],[44.586845,41.67805],[44.587248,41.677882],[44.587583,41.677663],[44.587859,41.677377],[44.588076,41.67715],[44.588352,41.67685],[44.588775,41.676631],[44.589099,41.676602],[44.589618,41.676648],[44.590099,41.676672],[44.590717,41.676571],[44.591228,41.676412],[44.59171,41.676141],[44.592133,41.675886],[44.592693,41.675667],[44.593468,41.675611],[44.593929,41.67551],[44.594342,41.675327],[44.594686,41.675152],[44.595001,41.674992],[44.595237,41.674846],[44.595483,41.674736],[44.595749,41.674546],[44.596064,41.674312],[44.596301,41.674085],[44.596705,41.673697],[44.596923,41.673374],[44.59718,41.673008],[44.597358,41.672699],[44.597527,41.672362],[44.597717,41.671819],[44.597769,41.671349],[44.597686,41.670488],[44.59762,41.670025],[44.597574,41.669584],[44.597468,41.669267],[44.597265,41.668782],[44.597141,41.668215],[44.597114,41.667782],[44.597018,41.667458],[44.59703,41.667098],[44.59713,41.666819],[44.597466,41.666416],[44.59844,41.665868],[44.599417,41.665255],[44.599571,41.665159],[44.600221,41.664786]]]}},{"type":"Feature","properties":{"Zone":"მევენახეობის ზონა","Color":"#A0CF6B","isBg":false,"Area_km2":36.73},"geometry":{"type":"Polygon","coordinates":[[[45.01423,41.296918],[45.012842,41.296516],[45.010708,41.296516],[45.009161,41.296073],[45.007027,41.295068],[45.004039,41.294142],[45.001478,41.292935],[45.000198,41.291487],[44.999291,41.290079],[44.99769,41.289032],[44.996303,41.288268],[44.99577,41.287222],[44.994916,41.285854],[44.994276,41.28529],[44.993156,41.284928],[44.991823,41.284767],[44.990169,41.284807],[44.988195,41.284726],[44.986755,41.284404],[44.985155,41.28368],[44.982648,41.282714],[44.980675,41.28215],[44.978754,41.281748],[44.977475,41.280943],[44.977261,41.280178],[44.976835,41.279253],[44.975875,41.278448],[44.974222,41.277804],[44.973315,41.27716],[44.972942,41.276355],[44.973209,41.275711],[44.973903,41.274303],[44.974064,41.273136],[44.973584,41.271848],[44.972678,41.270802],[44.970012,41.269232],[44.967133,41.268024],[44.965107,41.267259],[44.96436,41.266776],[44.963614,41.266132],[44.963615,41.265327],[44.963349,41.263999],[44.962603,41.262832],[44.96159,41.261383],[44.961165,41.259733],[44.960526,41.25756],[44.960367,41.256876],[44.959567,41.256876],[44.958874,41.256997],[44.957913,41.257519],[44.95642,41.258484],[44.95514,41.259208],[44.953806,41.259328],[44.95274,41.258966],[44.951568,41.258201],[44.950448,41.257999],[44.949115,41.25816],[44.947941,41.258763],[44.946608,41.259406],[44.944901,41.259807],[44.943835,41.259686],[44.943195,41.259203],[44.942077,41.258076],[44.940638,41.256546],[44.939999,41.255982],[44.939146,41.255982],[44.938399,41.256344],[44.937705,41.256987],[44.936744,41.258113],[44.935837,41.258998],[44.934983,41.259722],[44.93349,41.260244],[44.932316,41.260203],[44.931037,41.2598],[44.929918,41.259357],[44.928531,41.259316],[44.927305,41.259798],[44.925918,41.26032],[44.924691,41.260239],[44.923785,41.259755],[44.922027,41.258829],[44.920321,41.258425],[44.917709,41.257981],[44.914617,41.257536],[44.913283,41.257816],[44.912376,41.25858],[44.911735,41.259304],[44.909921,41.260188],[44.908586,41.260951],[44.907519,41.261795],[44.906877,41.262921],[44.905915,41.264289],[44.90458,41.266098],[44.903725,41.266943],[44.903511,41.267747],[44.90367,41.268552],[44.903401,41.269839],[44.902653,41.270885],[44.901584,41.272252],[44.900089,41.273619],[44.898701,41.274422],[44.8971,41.274582],[44.895608,41.274299],[44.893902,41.273815],[44.892356,41.273169],[44.891504,41.272324],[44.891132,41.271358],[44.891028,41.269828],[44.891137,41.268259],[44.890978,41.267696],[44.890339,41.267373],[44.889699,41.267252],[44.888739,41.267291],[44.887405,41.267572],[44.885911,41.268053],[44.884684,41.268535],[44.88271,41.269176],[44.881002,41.269859],[44.87956,41.271064],[44.878063,41.272632],[44.87662,41.27428],[44.875766,41.274682],[44.874592,41.275204],[44.873097,41.275926],[44.871602,41.276769],[44.879546,41.279259],[44.88008,41.279427],[44.883098,41.28028],[44.889777,41.282004],[44.892327,41.282568],[44.899361,41.283976],[44.904713,41.285047],[44.909635,41.286072],[44.913584,41.287002],[44.931088,41.291584],[44.942416,41.29488],[44.988004,41.308896],[45.004499,41.313551],[45.008201,41.314498],[45.013574,41.315768],[45.015836,41.316213],[45.016628,41.316347],[45.018176,41.316584],[45.01944,41.316741],[45.020627,41.316853],[45.031079,41.317732],[45.032854,41.317877],[45.035015,41.318077],[45.035423,41.318126],[45.03646,41.31828],[45.037455,41.318469],[45.042034,41.319526],[45.042573,41.319615],[45.042813,41.319632],[45.043244,41.319635],[45.044483,41.31961],[45.046685,41.319522],[45.046044,41.31904],[45.045937,41.318476],[45.045936,41.317551],[45.046416,41.316505],[45.047536,41.315297],[45.047855,41.313969],[45.047534,41.312762],[45.046786,41.311676],[45.045398,41.31047],[45.042782,41.309465],[45.038833,41.308581],[45.033336,41.307496],[45.02896,41.306532],[45.024637,41.305808],[45.022609,41.305366],[45.021648,41.304602],[45.020687,41.302832],[45.0201,41.301383],[45.019139,41.299814],[45.017271,41.298326],[45.015617,41.29732],[45.01423,41.296918]]]}},{"type":"Feature","properties":{"Zone":"ასურეთული შალას მიკროზონა","Color":"#C59DB6","isBg":false,"Area_km2":15.57},"geometry":{"type":"Polygon","coordinates":[[[44.709883,41.555266],[44.710059,41.554916],[44.710179,41.55467],[44.710283,41.554445],[44.710372,41.554238],[44.710477,41.553741],[44.710489,41.553381],[44.710432,41.553004],[44.710412,41.552995],[44.710388,41.552989],[44.710363,41.552987],[44.710335,41.552988],[44.710304,41.552993],[44.71027,41.553],[44.710234,41.553011],[44.710194,41.553025],[44.710124,41.553055],[44.710042,41.553095],[44.709766,41.553242],[44.70967,41.553291],[44.709585,41.55333],[44.709511,41.553359],[44.709233,41.553452],[44.708945,41.553542],[44.708645,41.553628],[44.708333,41.553711],[44.708009,41.553791],[44.70767,41.553869],[44.707314,41.553945],[44.706938,41.55402],[44.706654,41.554072],[44.706364,41.554121],[44.70607,41.554167],[44.705771,41.55421],[44.705466,41.554249],[44.705157,41.554285],[44.704843,41.554318],[44.704525,41.554347],[44.704154,41.554377],[44.703795,41.554401],[44.703445,41.55442],[44.703106,41.554434],[44.702774,41.554442],[44.702451,41.554445],[44.702136,41.554443],[44.701828,41.554436],[44.701562,41.554426],[44.70131,41.554414],[44.701069,41.554401],[44.700837,41.554386],[44.700612,41.554369],[44.700394,41.554351],[44.700182,41.55433],[44.699977,41.554307],[44.699776,41.554282],[44.699579,41.554255],[44.699388,41.554226],[44.699201,41.554194],[44.699019,41.554161],[44.698842,41.554125],[44.698668,41.554086],[44.698498,41.554046],[44.698349,41.554007],[44.698195,41.553963],[44.698033,41.553914],[44.697861,41.553858],[44.697552,41.553752],[44.696982,41.553548],[44.696756,41.553469],[44.696615,41.553419],[44.69646,41.553362],[44.69586,41.553132],[44.695602,41.553037],[44.695461,41.552988],[44.695328,41.552944],[44.6952,41.552904],[44.695077,41.552869],[44.694821,41.552799],[44.694615,41.552745],[44.694427,41.552699],[44.694253,41.552659],[44.694084,41.552625],[44.693924,41.552596],[44.693769,41.552573],[44.693619,41.552555],[44.693434,41.552539],[44.693239,41.552529],[44.693035,41.552525],[44.69282,41.552527],[44.692596,41.552535],[44.692354,41.552549],[44.69209,41.55257],[44.691779,41.552598],[44.691549,41.552623],[44.691311,41.552656],[44.691062,41.552697],[44.690799,41.552746],[44.690534,41.552801],[44.690243,41.552866],[44.689933,41.552939],[44.689397,41.553068],[44.689115,41.553139],[44.688828,41.553215],[44.688538,41.553297],[44.688243,41.553385],[44.687943,41.553479],[44.687637,41.553579],[44.687324,41.553686],[44.687002,41.553801],[44.686692,41.553915],[44.686369,41.554037],[44.686033,41.554168],[44.685675,41.55431],[44.68533,41.55445],[44.684947,41.554607],[44.683645,41.55515],[44.683472,41.555223],[44.683283,41.555307],[44.682595,41.555623],[44.682311,41.555749],[44.682157,41.555815],[44.682011,41.555875],[44.681872,41.555929],[44.681737,41.555978],[44.681555,41.556041],[44.681364,41.556103],[44.681163,41.556164],[44.680951,41.556224],[44.678427,41.556812],[44.67707,41.557128],[44.676522,41.557332],[44.676346,41.55742],[44.676174,41.557565],[44.673637,41.561062],[44.6733,41.561732],[44.672255,41.564631],[44.672196,41.564826],[44.672133,41.565008],[44.672066,41.56518],[44.671992,41.565343],[44.671914,41.565502],[44.67183,41.565662],[44.671742,41.565823],[44.671649,41.565985],[44.670839,41.567073],[44.669265,41.56886],[44.667919,41.570239],[44.667011,41.571054],[44.666116,41.571724],[44.665953,41.571815],[44.66579,41.571903],[44.665665,41.571964],[44.665531,41.572024],[44.665387,41.572084],[44.66523,41.572142],[44.663576,41.572803],[44.663003,41.57305],[44.662583,41.573307],[44.662265,41.573549],[44.661827,41.573946],[44.66174,41.574051],[44.661651,41.574163],[44.661465,41.574409],[44.661285,41.574657],[44.660898,41.575206],[44.660765,41.575395],[44.660636,41.57559],[44.66051,41.575789],[44.660387,41.575995],[44.660266,41.576206],[44.660148,41.576423],[44.660032,41.576646],[44.659918,41.576876],[44.659807,41.577111],[44.659698,41.577354],[44.65959,41.577605],[44.659483,41.577865],[44.659376,41.578135],[44.659269,41.578418],[44.659161,41.578715],[44.65905,41.579032],[44.658963,41.579288],[44.658881,41.579545],[44.658803,41.579803],[44.658729,41.580061],[44.65866,41.580319],[44.658595,41.580578],[44.658534,41.580837],[44.658477,41.581096],[44.658329,41.582014],[44.658296,41.58222],[44.658156,41.582666],[44.658104,41.582742],[44.658047,41.582812],[44.657988,41.582877],[44.657926,41.582936],[44.657858,41.582992],[44.657789,41.583043],[44.657721,41.58309],[44.657652,41.583132],[44.657584,41.583168],[44.657516,41.583199],[44.65745,41.583224],[44.657384,41.583244],[44.657337,41.583254],[44.657287,41.583262],[44.657232,41.583268],[44.657172,41.583271],[44.657057,41.583272],[44.656781,41.583266],[44.656454,41.583265],[44.656344,41.583262],[44.656245,41.583258],[44.656148,41.583251],[44.656057,41.583242],[44.655972,41.58323],[44.655893,41.583215],[44.655793,41.583191],[44.65569,41.58316],[44.655585,41.583121],[44.655475,41.583073],[44.655387,41.58303],[44.655291,41.582981],[44.654916,41.582772],[44.654753,41.582688],[44.654684,41.582652],[44.654609,41.582611],[44.6543,41.582426],[44.654227,41.582385],[44.654161,41.582349],[44.654084,41.582312],[44.654009,41.58228],[44.653937,41.582253],[44.653867,41.582232],[44.653801,41.582216],[44.653733,41.582202],[44.653663,41.58219],[44.65359,41.582179],[44.653515,41.582171],[44.653438,41.582164],[44.653359,41.582159],[44.653278,41.582157],[44.653195,41.582156],[44.653111,41.582157],[44.653026,41.58216],[44.65294,41.582165],[44.652854,41.582172],[44.652768,41.582181],[44.652682,41.582192],[44.652597,41.582205],[44.652477,41.582226],[44.652358,41.582251],[44.652242,41.582279],[44.65213,41.582311],[44.652023,41.582345],[44.651922,41.582383],[44.651827,41.582422],[44.651739,41.582464],[44.651692,41.582489],[44.651647,41.582515],[44.651602,41.582544],[44.651557,41.582576],[44.651468,41.582645],[44.651378,41.582725],[44.651297,41.582805],[44.651211,41.582898],[44.650909,41.583248],[44.650759,41.583422],[44.650618,41.583598],[44.650487,41.583774],[44.650365,41.58395],[44.650253,41.584126],[44.650152,41.584302],[44.650061,41.584477],[44.649981,41.584651],[44.649877,41.584893],[44.649845,41.584974],[44.649819,41.585047],[44.649796,41.58512],[44.649778,41.585189],[44.649764,41.585255],[44.649755,41.585318],[44.649748,41.58543],[44.649749,41.585546],[44.64976,41.585664],[44.649779,41.585783],[44.649807,41.585903],[44.649844,41.586021],[44.649889,41.586136],[44.649941,41.586248],[44.649996,41.586348],[44.650058,41.586447],[44.650127,41.586545],[44.650201,41.586639],[44.65028,41.586729],[44.650364,41.586813],[44.650451,41.586892],[44.65054,41.586965],[44.650587,41.586999],[44.650637,41.587033],[44.65069,41.587066],[44.650746,41.587098],[44.650805,41.58713],[44.650868,41.587161],[44.651004,41.587223],[44.651149,41.587282],[44.651313,41.587342],[44.651497,41.587404],[44.651775,41.587493],[44.651843,41.587513],[44.651917,41.587531],[44.651995,41.587548],[44.652081,41.587563],[44.652247,41.587587],[44.65255,41.587623],[44.652666,41.587638],[44.652783,41.587656],[44.652885,41.587676],[44.652995,41.587702],[44.653094,41.587732],[44.65314,41.587749],[44.653184,41.587767],[44.653226,41.587787],[44.653265,41.587807],[44.654062,41.588414],[44.654107,41.588468],[44.654142,41.58852],[44.654167,41.588571],[44.654182,41.58862],[44.654187,41.588665],[44.654185,41.588714],[44.654177,41.588767],[44.654162,41.588824],[44.654142,41.588883],[44.654115,41.588948],[44.65402,41.589144],[44.653997,41.589188],[44.653972,41.589233],[44.653943,41.589277],[44.653912,41.589322],[44.65384,41.589414],[44.653754,41.589509],[44.653678,41.589586],[44.653589,41.58967],[44.653237,41.589984],[44.65316,41.590055],[44.653094,41.590118],[44.652931,41.590277],[44.652757,41.59044],[44.65257,41.59061],[44.652368,41.59079],[44.652177,41.590955],[44.651962,41.591139],[44.651117,41.591852],[44.650881,41.592047],[44.650386,41.592444],[44.650177,41.592615],[44.649962,41.592799],[44.649867,41.592885],[44.649777,41.592968],[44.649553,41.593181],[44.649415,41.593316],[44.64929,41.59344],[44.64918,41.593555],[44.649075,41.59367],[44.648981,41.593779],[44.648896,41.593886],[44.648819,41.59399],[44.648747,41.594098],[44.648677,41.594214],[44.64861,41.594338],[44.648543,41.594473],[44.648488,41.594593],[44.64843,41.594729],[44.648247,41.595181],[44.648177,41.595346],[44.647939,41.595886],[44.647879,41.596027],[44.647828,41.596153],[44.647777,41.596289],[44.647732,41.596416],[44.647694,41.596538],[44.647662,41.596655],[44.647633,41.596785],[44.647609,41.596921],[44.64759,41.597065],[44.647575,41.59722],[44.647566,41.597355],[44.64756,41.597505],[44.647544,41.598152],[44.647536,41.598304],[44.647525,41.598442],[44.64751,41.59863],[44.647478,41.599073],[44.647458,41.599293],[44.647444,41.599419],[44.647428,41.599536],[44.647411,41.599647],[44.647391,41.599753],[44.647357,41.599916],[44.64732,41.600077],[44.64728,41.600233],[44.647236,41.600387],[44.647191,41.600537],[44.647142,41.600683],[44.64709,41.600827],[44.647035,41.600967],[44.646968,41.601128],[44.646898,41.601285],[44.646826,41.601438],[44.646751,41.601586],[44.646673,41.601729],[44.646593,41.601868],[44.646511,41.602003],[44.646426,41.602133],[44.646358,41.602231],[44.646285,41.60233],[44.646207,41.602429],[44.646124,41.602529],[44.646036,41.60263],[44.645943,41.602733],[44.645844,41.602837],[44.645739,41.602944],[44.645633,41.603048],[44.645521,41.603154],[44.645401,41.603265],[44.645272,41.603382],[44.644994,41.603625],[44.644542,41.60401],[44.64428,41.604228],[44.644003,41.604449],[44.64371,41.604671],[44.643402,41.604897],[44.643076,41.605126],[44.64273,41.605361],[44.64236,41.605605],[44.64196,41.605861],[44.641805,41.605956],[44.64164,41.606052],[44.641463,41.60615],[44.64127,41.606252],[44.641098,41.606341],[44.640904,41.606437],[44.640243,41.606758],[44.639993,41.606882],[44.639746,41.607008],[44.639527,41.607125],[44.639295,41.607255],[44.639188,41.607319],[44.639085,41.607383],[44.638986,41.607447],[44.638891,41.60751],[44.638799,41.607574],[44.638711,41.607638],[44.638584,41.607729],[44.638246,41.607957],[44.638154,41.608023],[44.638075,41.608085],[44.637991,41.608159],[44.637954,41.608195],[44.637921,41.608231],[44.637891,41.608267],[44.637863,41.608303],[44.637839,41.608338],[44.637818,41.608374],[44.637779,41.608454],[44.637745,41.60854],[44.637718,41.608631],[44.637697,41.608726],[44.637684,41.608823],[44.637678,41.60892],[44.637679,41.609017],[44.637687,41.609112],[44.637699,41.609183],[44.637716,41.609257],[44.63774,41.609332],[44.637768,41.60941],[44.637803,41.609489],[44.637843,41.609569],[44.637888,41.609651],[44.637938,41.609733],[44.637991,41.60981],[44.638055,41.609888],[44.638128,41.609968],[44.638213,41.610051],[44.6383,41.610129],[44.638401,41.610214],[44.638759,41.610498],[44.638866,41.610582],[44.638976,41.610665],[44.639091,41.610748],[44.63921,41.610831],[44.639333,41.610913],[44.639461,41.610995],[44.639593,41.611077],[44.639729,41.611158],[44.63987,41.611239],[44.640016,41.611321],[44.640166,41.611402],[44.640322,41.611483],[44.640484,41.611565],[44.640651,41.611648],[44.640825,41.611731],[44.641006,41.611816],[44.641129,41.611871],[44.641256,41.611926],[44.64152,41.612035],[44.641801,41.612143],[44.642103,41.612252],[44.642418,41.612358],[44.642765,41.61247],[44.643152,41.612589],[44.6437,41.612754],[44.644426,41.612972],[44.644646,41.613035],[44.644844,41.61309],[44.645048,41.613142],[44.645241,41.613187],[44.645425,41.613226],[44.645603,41.61326],[44.645799,41.613291],[44.646005,41.613318],[44.646223,41.613342],[44.646458,41.613362],[44.646677,41.613377],[44.646923,41.613391],[44.647888,41.613434],[44.648274,41.613451],[44.648678,41.613462],[44.649105,41.613469],[44.649562,41.61347],[44.649906,41.613469],[44.650283,41.613464],[44.652061,41.613433],[44.65249,41.613428],[44.652874,41.613425],[44.653164,41.613425],[44.653487,41.613427],[44.654827,41.613443],[44.655366,41.613444],[44.655709,41.613441],[44.656029,41.613435],[44.656332,41.613426],[44.656621,41.613413],[44.657322,41.613376],[44.657711,41.613354],[44.658079,41.613328],[44.65841,41.613301],[44.658737,41.613267],[44.658892,41.613248],[44.659043,41.613228],[44.65919,41.613207],[44.659333,41.613185],[44.659472,41.613161],[44.659608,41.613135],[44.659875,41.613082],[44.660113,41.613031],[44.660333,41.612981],[44.660538,41.612931],[44.660734,41.612879],[44.660919,41.612825],[44.661094,41.612769],[44.661262,41.612711],[44.66153,41.612612],[44.661758,41.61252],[44.661863,41.612476],[44.661962,41.612431],[44.662056,41.612387],[44.662145,41.612342],[44.66264,41.612011],[44.663163,41.611425],[44.666528,41.60746],[44.666557,41.607372],[44.66658,41.607279],[44.666595,41.60718],[44.666605,41.607071],[44.666608,41.606977],[44.666608,41.606871],[44.666594,41.606426],[44.666594,41.606331],[44.666598,41.606245],[44.666621,41.605823],[44.666652,41.605066],[44.666665,41.604776],[44.666683,41.604484],[44.666702,41.604222],[44.666733,41.603914],[44.666771,41.603628],[44.666792,41.603491],[44.666815,41.603358],[44.666841,41.603227],[44.666868,41.6031],[44.666925,41.602857],[44.666978,41.60264],[44.667031,41.60244],[44.667085,41.602251],[44.667141,41.602071],[44.667198,41.601899],[44.667258,41.601734],[44.667321,41.601576],[44.66739,41.601414],[44.667466,41.601248],[44.66755,41.601077],[44.667643,41.600899],[44.667743,41.600716],[44.667854,41.600522],[44.667978,41.600313],[44.668122,41.600077],[44.668245,41.599882],[44.668385,41.599671],[44.668543,41.599438],[44.668762,41.599125],[44.669148,41.598568],[44.669252,41.598421],[44.669348,41.59829],[44.669453,41.598152],[44.669554,41.598025],[44.669654,41.597906],[44.669753,41.597793],[44.669831,41.59771],[44.669916,41.597623],[44.670007,41.597533],[44.670107,41.597438],[44.670295,41.597267],[44.670721,41.59689],[44.670901,41.596724],[44.671147,41.596491],[44.671415,41.59623],[44.672395,41.595258],[44.672805,41.594859],[44.673029,41.594646],[44.673241,41.594448],[44.673446,41.594262],[44.673645,41.594087],[44.673876,41.59389],[44.674121,41.593688],[44.674384,41.59348],[44.674667,41.59326],[44.674941,41.593054],[44.675247,41.592827],[44.676398,41.591991],[44.676873,41.591641],[44.677127,41.59145],[44.677361,41.59127],[44.67758,41.591097],[44.677788,41.590929],[44.678358,41.590457],[44.678873,41.590023],[44.67935,41.589612],[44.679796,41.589219],[44.680468,41.588621],[44.680654,41.588452],[44.680819,41.5883],[44.680988,41.588139],[44.681144,41.587987],[44.681288,41.58784],[44.681423,41.587698],[44.681612,41.587487],[44.681801,41.587264],[44.681991,41.587027],[44.682187,41.586772],[44.682379,41.586509],[44.682585,41.586218],[44.682805,41.585898],[44.683148,41.585391],[44.683246,41.585244],[44.683345,41.585088],[44.683446,41.584924],[44.683553,41.584746],[44.683742,41.58442],[44.684169,41.583663],[44.684377,41.583308],[44.684473,41.58315],[44.684566,41.583002],[44.684657,41.582861],[44.684748,41.582726],[44.685052,41.582284],[44.685265,41.58198],[44.685463,41.581705],[44.685648,41.581457],[44.685834,41.581218],[44.686016,41.580994],[44.686197,41.580784],[44.686377,41.580586],[44.686474,41.580484],[44.686577,41.580379],[44.686689,41.58027],[44.68681,41.580154],[44.687013,41.579965],[44.687479,41.57954],[44.687685,41.57935],[44.687905,41.579137],[44.688382,41.578661],[44.688586,41.578465],[44.688718,41.578345],[44.688843,41.578236],[44.688966,41.578136],[44.689087,41.578043],[44.689198,41.577963],[44.689315,41.577885],[44.689437,41.577807],[44.689565,41.577729],[44.6897,41.577652],[44.689841,41.577575],[44.68999,41.577498],[44.690148,41.57742],[44.690389,41.577306],[44.690659,41.577186],[44.690969,41.577052],[44.691625,41.576778],[44.691907,41.576658],[44.692201,41.576528],[44.692459,41.576408],[44.692689,41.5763],[44.692944,41.576185],[44.693233,41.576059],[44.694094,41.575686],[44.694365,41.575566],[44.694605,41.575455],[44.694879,41.575322],[44.695129,41.575193],[44.695361,41.575066],[44.695471,41.575002],[44.695577,41.574939],[44.695758,41.574826],[44.695931,41.574716],[44.696096,41.574609],[44.696254,41.574504],[44.696406,41.5744],[44.696553,41.574298],[44.696693,41.574196],[44.696829,41.574096],[44.696959,41.573995],[44.697085,41.573895],[44.697206,41.573795],[44.697323,41.573696],[44.697434,41.573597],[44.697541,41.573498],[44.697644,41.573399],[44.697742,41.5733],[44.697871,41.573163],[44.697999,41.573017],[44.698127,41.57286],[44.698258,41.572692],[44.698387,41.572517],[44.698524,41.572323],[44.69867,41.572109],[44.698892,41.571778],[44.698969,41.57166],[44.699043,41.571538],[44.699116,41.571414],[44.699187,41.571285],[44.699256,41.571153],[44.699324,41.571016],[44.699391,41.570874],[44.699457,41.570727],[44.699521,41.570576],[44.699585,41.570419],[44.69965,41.570252],[44.699716,41.570074],[44.699845,41.569709],[44.700091,41.568982],[44.700197,41.568678],[44.700313,41.568361],[44.700424,41.568079],[44.700493,41.567914],[44.700562,41.567756],[44.700633,41.567605],[44.700704,41.567459],[44.700777,41.567318],[44.700853,41.567182],[44.70093,41.56705],[44.701009,41.566921],[44.701329,41.566415],[44.701428,41.566264],[44.70152,41.566129],[44.701618,41.565992],[44.701713,41.565866],[44.701808,41.565748],[44.701903,41.565637],[44.702024,41.565505],[44.70215,41.565374],[44.702282,41.565244],[44.70242,41.565115],[44.702563,41.564987],[44.70271,41.564861],[44.702863,41.564737],[44.703019,41.564615],[44.703106,41.56455],[44.703198,41.564486],[44.703295,41.564422],[44.703395,41.564359],[44.703501,41.564296],[44.703612,41.564233],[44.703729,41.564169],[44.703852,41.564105],[44.704071,41.563997],[44.70432,41.563881],[44.704566,41.56377],[44.70519,41.563495],[44.705522,41.563343],[44.705693,41.563261],[44.705851,41.563181],[44.705998,41.563103],[44.706136,41.563026],[44.706284,41.562943],[44.706452,41.562852],[44.707043,41.562546],[44.70727,41.562425],[44.707495,41.562299],[44.707595,41.56224],[44.707689,41.562182],[44.707801,41.562109],[44.707905,41.562038],[44.708002,41.561966],[44.708093,41.561894],[44.708177,41.561822],[44.708255,41.56175],[44.708328,41.561676],[44.708395,41.561602],[44.708466,41.561518],[44.70853,41.561438],[44.708589,41.561361],[44.708643,41.561286],[44.708692,41.561214],[44.708736,41.561143],[44.708775,41.561074],[44.70881,41.561007],[44.708834,41.560956],[44.708856,41.560902],[44.708875,41.560847],[44.708892,41.56079],[44.708908,41.560731],[44.708921,41.560669],[44.708942,41.560538],[44.708953,41.560422],[44.70896,41.560292],[44.708964,41.560165],[44.708968,41.559844],[44.708975,41.559673],[44.70898,41.559563],[44.70898,41.559447],[44.708975,41.559325],[44.708965,41.559195],[44.708953,41.559077],[44.708937,41.558946],[44.708874,41.558491],[44.708851,41.558313],[44.708833,41.558132],[44.708823,41.55797],[44.708822,41.557878],[44.708822,41.557789],[44.708826,41.557704],[44.708833,41.557622],[44.708843,41.557542],[44.708856,41.557464],[44.708871,41.557388],[44.70889,41.557314],[44.70892,41.557213],[44.708956,41.557109],[44.708998,41.557],[44.709047,41.556884],[44.709098,41.556774],[44.709156,41.55665],[44.709371,41.556218],[44.709426,41.556109],[44.70949,41.555988],[44.709766,41.555488],[44.709883,41.555266]]]}},{"type":"Feature","properties":{"Zone":"მევენახეობის ზონა","Color":"#A0CF6B","isBg":false,"Area_km2":5.44},"geometry":{"type":"Polygon","coordinates":[[[44.817657,41.662559],[44.817118,41.661836],[44.817033,41.661723],[44.817033,41.661723],[44.817024,41.660747],[44.817021,41.660362],[44.816938,41.660023],[44.81709,41.65975],[44.817042,41.659454],[44.81709,41.65919],[44.817195,41.659068],[44.817195,41.659068],[44.817385,41.659312],[44.817385,41.659312],[44.817565,41.659691],[44.817565,41.659691],[44.817713,41.659913],[44.817713,41.659913],[44.817798,41.659978],[44.817851,41.659978],[44.817924,41.660004],[44.817925,41.660065],[44.817925,41.660065],[44.817949,41.66012],[44.817958,41.660141],[44.817958,41.660141],[44.818022,41.660368],[44.818022,41.660368],[44.818046,41.660409],[44.818118,41.660535],[44.818118,41.660535],[44.818227,41.660534],[44.818318,41.660447],[44.818317,41.660294],[44.818284,41.660142],[44.818284,41.660142],[44.818194,41.660096],[44.818219,41.660009],[44.8185,41.659909],[44.818551,41.659938],[44.818678,41.660002],[44.818678,41.660002],[44.818679,41.660067],[44.818619,41.660228],[44.81862,41.660327],[44.818792,41.660418],[44.818912,41.66049],[44.818963,41.660606],[44.819097,41.660626],[44.819138,41.660592],[44.819157,41.660438],[44.819097,41.660269],[44.819167,41.660198],[44.81927,41.660197],[44.819371,41.660197],[44.81948,41.660028],[44.819531,41.659846],[44.819529,41.659618],[44.819576,41.659456],[44.81966,41.659313],[44.819837,41.659312],[44.820032,41.65953],[44.820351,41.659885],[44.820487,41.660038],[44.820487,41.660038],[44.820437,41.660155],[44.820341,41.660468],[44.820277,41.660592],[44.820307,41.660738],[44.820343,41.660868],[44.820345,41.661065],[44.820245,41.66126],[44.820247,41.661492],[44.820384,41.661644],[44.820592,41.661643],[44.820755,41.661549],[44.820754,41.661384],[44.820622,41.661216],[44.82062,41.661063],[44.820676,41.660701],[44.82092,41.660558],[44.821166,41.660557],[44.821258,41.660708],[44.821258,41.660708],[44.821454,41.661222],[44.821454,41.661222],[44.82146,41.661788],[44.821271,41.661904],[44.821016,41.66209],[44.821068,41.662898],[44.821317,41.66322],[44.821355,41.663269],[44.821663,41.663267],[44.821897,41.663026],[44.822078,41.662341],[44.822011,41.662075],[44.821683,41.662076],[44.821683,41.662076],[44.821681,41.661943],[44.821737,41.661577],[44.821812,41.661115],[44.821741,41.660497],[44.821711,41.660242],[44.821646,41.659698],[44.821736,41.659524],[44.821875,41.659288],[44.822429,41.659015],[44.822844,41.658859],[44.822844,41.658859],[44.822858,41.658921],[44.822837,41.659263],[44.822825,41.659462],[44.82281,41.659708],[44.822995,41.659872],[44.822995,41.659872],[44.823303,41.660209],[44.823303,41.660209],[44.823391,41.660312],[44.823391,41.660312],[44.823459,41.660428],[44.823459,41.660428],[44.823516,41.660646],[44.823562,41.660979],[44.823525,41.661446],[44.823444,41.661612],[44.823369,41.661737],[44.823369,41.661835],[44.823333,41.661995],[44.823298,41.662213],[44.823275,41.662284],[44.823213,41.662482],[44.82309,41.662482],[44.823023,41.662648],[44.822946,41.662906],[44.822949,41.663203],[44.822949,41.663203],[44.823025,41.663444],[44.823025,41.663444],[44.823106,41.663629],[44.823106,41.663629],[44.823209,41.663747],[44.823435,41.663746],[44.823654,41.663601],[44.823471,41.663416],[44.823471,41.663416],[44.823361,41.663167],[44.823424,41.662928],[44.823487,41.662643],[44.823487,41.662643],[44.823399,41.662554],[44.823399,41.662554],[44.823271,41.662555],[44.823387,41.662286],[44.823428,41.662024],[44.82347,41.661768],[44.82356,41.661582],[44.823615,41.661361],[44.823658,41.660897],[44.823588,41.660353],[44.823592,41.660191],[44.823589,41.659825],[44.823589,41.659825],[44.823397,41.659582],[44.823397,41.659582],[44.823469,41.659433],[44.823618,41.659125],[44.823917,41.658825],[44.824034,41.658609],[44.824562,41.658311],[44.824845,41.658306],[44.824845,41.658307],[44.825253,41.659062],[44.825254,41.659062],[44.825313,41.659241],[44.825313,41.659241],[44.825227,41.659503],[44.825229,41.659724],[44.825233,41.660234],[44.825235,41.660444],[44.825208,41.660675],[44.825207,41.661191],[44.825207,41.661341],[44.825286,41.66151],[44.825286,41.66151],[44.82532,41.661581],[44.82532,41.661582],[44.825404,41.661762],[44.825425,41.661973],[44.825327,41.662247],[44.825246,41.662473],[44.825411,41.662706],[44.8258,41.662793],[44.826154,41.662746],[44.826354,41.662583],[44.826458,41.661803],[44.826468,41.661414],[44.826489,41.660564],[44.826762,41.660382],[44.82679,41.660283],[44.826788,41.660096],[44.826785,41.659804],[44.826769,41.659665],[44.826856,41.659384],[44.826872,41.659261],[44.826835,41.659166],[44.826892,41.659078],[44.826892,41.659078],[44.826841,41.658957],[44.826841,41.658957],[44.826755,41.658818],[44.826877,41.658625],[44.827109,41.658675],[44.8273,41.65886],[44.8273,41.65886],[44.827536,41.659043],[44.827771,41.659226],[44.827771,41.659226],[44.827583,41.659348],[44.827624,41.659641],[44.827585,41.659824],[44.827627,41.659919],[44.827813,41.660054],[44.827813,41.660054],[44.827908,41.660158],[44.827987,41.660524],[44.827991,41.660544],[44.827991,41.660544],[44.828161,41.660638],[44.828532,41.660555],[44.828679,41.661055],[44.828803,41.66183],[44.828821,41.661946],[44.828821,41.661946],[44.829005,41.662552],[44.829152,41.662759],[44.829597,41.662887],[44.830478,41.663141],[44.830562,41.663079],[44.83077,41.662925],[44.830784,41.66294],[44.831051,41.663226],[44.83132,41.663225],[44.831507,41.663089],[44.831506,41.662908],[44.831506,41.662908],[44.831371,41.662793],[44.831194,41.66273],[44.831193,41.662553],[44.831188,41.662055],[44.830974,41.66141],[44.831009,41.661157],[44.831022,41.660748],[44.830959,41.660401],[44.830959,41.660401],[44.830853,41.660175],[44.830852,41.66003],[44.83085,41.659887],[44.83085,41.659887],[44.830808,41.659754],[44.830808,41.659754],[44.83068,41.659626],[44.83068,41.659626],[44.830532,41.659299],[44.830532,41.659299],[44.830252,41.658717],[44.830379,41.658572],[44.83045,41.658492],[44.830553,41.658374],[44.830591,41.658331],[44.830619,41.658293],[44.830697,41.658188],[44.830703,41.658058],[44.830714,41.657822],[44.830993,41.657656],[44.831231,41.657538],[44.831299,41.657893],[44.831354,41.658181],[44.831356,41.658392],[44.831504,41.658531],[44.831504,41.658531],[44.831705,41.65853],[44.832037,41.658198],[44.832237,41.658197],[44.832421,41.658344],[44.832374,41.658594],[44.832426,41.658845],[44.832471,41.65905],[44.832534,41.659176],[44.832603,41.659313],[44.832714,41.659496],[44.832765,41.65959],[44.832766,41.659667],[44.832766,41.659727],[44.832767,41.659786],[44.832861,41.660001],[44.833035,41.660096],[44.833207,41.660189],[44.833208,41.66019],[44.833208,41.66019],[44.833209,41.660306],[44.833211,41.660418],[44.833215,41.660461],[44.833256,41.660855],[44.833262,41.660898],[44.833271,41.660969],[44.83319,41.661159],[44.833188,41.661164],[44.833259,41.661366],[44.833473,41.66148],[44.833728,41.661409],[44.833813,41.661346],[44.833986,41.661219],[44.834046,41.661175],[44.834048,41.661174],[44.834048,41.661173],[44.834249,41.660993],[44.834251,41.660992],[44.834498,41.660771],[44.834736,41.660245],[44.834736,41.660245],[44.834726,41.659171],[44.834726,41.659171],[44.834937,41.659055],[44.834993,41.659025],[44.835156,41.658843],[44.835355,41.658795],[44.835355,41.658795],[44.835553,41.659135],[44.835553,41.659135],[44.835579,41.659202],[44.835782,41.659725],[44.835782,41.659725],[44.83581,41.659802],[44.835899,41.660042],[44.83628,41.658704],[44.836578,41.654135],[44.836548,41.652926],[44.836301,41.651094],[44.836163,41.65051],[44.835884,41.649708],[44.835556,41.648913],[44.835195,41.648187],[44.834505,41.647052],[44.834384,41.646886],[44.83364,41.645989],[44.833352,41.64567],[44.832467,41.644822],[44.831474,41.644055],[44.830406,41.643364],[44.82935,41.642784],[44.828127,41.642181],[44.827032,41.641717],[44.826344,41.641469],[44.825329,41.641154],[44.823936,41.640757],[44.821953,41.640244],[44.821151,41.640075],[44.817872,41.639462],[44.814029,41.638765],[44.812721,41.638495],[44.811383,41.638192],[44.805146,41.636899],[44.805094,41.636935],[44.805065,41.636956],[44.805043,41.636972],[44.805023,41.637013],[44.805042,41.637024],[44.8051,41.637058],[44.805107,41.637081],[44.805109,41.637107],[44.805067,41.637172],[44.805024,41.637221],[44.804915,41.637321],[44.804905,41.637331],[44.804847,41.637392],[44.804835,41.637406],[44.804668,41.637535],[44.804348,41.637751],[44.804049,41.637954],[44.803866,41.638089],[44.803614,41.638277],[44.803489,41.638351],[44.802886,41.638711],[44.802518,41.638966],[44.80251,41.638971],[44.802311,41.63911],[44.802122,41.639232],[44.802077,41.63937],[44.802167,41.639481],[44.802298,41.639612],[44.802496,41.639867],[44.802593,41.639995],[44.802618,41.640283],[44.802629,41.640462],[44.802459,41.640657],[44.802003,41.640901],[44.801751,41.641038],[44.801666,41.641131],[44.801622,41.641208],[44.801401,41.641405],[44.801268,41.641544],[44.801156,41.641879],[44.800979,41.641998],[44.800935,41.642194],[44.800643,41.642311],[44.800324,41.642679],[44.799953,41.643064],[44.799793,41.643222],[44.79981,41.643376],[44.799794,41.643517],[44.799675,41.643654],[44.799669,41.643837],[44.799634,41.644312],[44.799505,41.644931],[44.799447,41.645037],[44.799425,41.645177],[44.799368,41.645309],[44.799215,41.645493],[44.799049,41.645673],[44.798927,41.64584],[44.798802,41.646111],[44.798709,41.646409],[44.798588,41.646577],[44.798387,41.64678],[44.798074,41.646991],[44.797931,41.647114],[44.79791,41.647216],[44.797902,41.647261],[44.797843,41.647361],[44.79781,41.647418],[44.797713,41.647556],[44.797588,41.647685],[44.797417,41.64779],[44.797313,41.647949],[44.797112,41.648146],[44.797039,41.648219],[44.796909,41.648342],[44.796512,41.648597],[44.796326,41.648717],[44.796227,41.648815],[44.796228,41.648818],[44.79626,41.64888],[44.796169,41.648922],[44.796046,41.648958],[44.795962,41.648983],[44.795942,41.649038],[44.795676,41.649763],[44.795571,41.650052],[44.795763,41.65006],[44.799094,41.650198],[44.799179,41.650212],[44.800662,41.650279],[44.801275,41.650307],[44.801277,41.650307],[44.801488,41.650314],[44.801869,41.650326],[44.802686,41.650175],[44.803372,41.650013],[44.80759,41.648127],[44.807651,41.648166],[44.811276,41.650505],[44.812891,41.651547],[44.812933,41.651574],[44.812892,41.651644],[44.812882,41.651669],[44.812858,41.651734],[44.812796,41.651988],[44.812785,41.652437],[44.812777,41.652797],[44.812749,41.653181],[44.81276,41.653395],[44.812734,41.653536],[44.812715,41.653669],[44.812708,41.653726],[44.823714,41.653778],[44.825842,41.653814],[44.825979,41.653816],[44.828346,41.653844],[44.829436,41.653857],[44.831264,41.654109],[44.834225,41.654517],[44.835492,41.654782],[44.835476,41.654862],[44.835434,41.655036],[44.835416,41.655189],[44.835456,41.655287],[44.835532,41.655374],[44.835592,41.655426],[44.835651,41.655477],[44.835805,41.655574],[44.835934,41.655663],[44.836097,41.655773],[44.836192,41.655831],[44.836238,41.65586],[44.836271,41.655881],[44.836399,41.655925],[44.836367,41.655931],[44.836273,41.65595],[44.836214,41.655962],[44.836206,41.655963],[44.836056,41.655993],[44.835915,41.655995],[44.835827,41.655996],[44.835732,41.65601],[44.835652,41.656021],[44.83556,41.656035],[44.835307,41.656099],[44.835278,41.656106],[44.835123,41.656151],[44.834889,41.65622],[44.834825,41.656239],[44.834775,41.656249],[44.83469,41.656266],[44.834395,41.656324],[44.834342,41.656335],[44.834092,41.656385],[44.833974,41.656383],[44.833776,41.65638],[44.833421,41.656374],[44.833273,41.656372],[44.833208,41.656371],[44.832904,41.656366],[44.832792,41.656364],[44.832327,41.656356],[44.832256,41.656355],[44.831953,41.65635],[44.831708,41.656346],[44.831465,41.656342],[44.83139,41.656341],[44.830927,41.656334],[44.830778,41.656331],[44.830399,41.656325],[44.830338,41.656324],[44.830055,41.65632],[44.829903,41.656317],[44.829734,41.656314],[44.829404,41.656309],[44.829312,41.656308],[44.828818,41.6563],[44.828778,41.656299],[44.828365,41.656292],[44.82827,41.656291],[44.828109,41.656288],[44.82774,41.656282],[44.827553,41.656279],[44.827337,41.656276],[44.827183,41.656273],[44.82685,41.656268],[44.825871,41.656252],[44.825535,41.656247],[44.825188,41.656241],[44.825173,41.656241],[44.825115,41.656242],[44.825065,41.656242],[44.825021,41.65624],[44.824982,41.656238],[44.824971,41.656237],[44.824932,41.656237],[44.824403,41.656228],[44.824152,41.656224],[44.824009,41.656237],[44.822753,41.656348],[44.822667,41.656356],[44.822287,41.65639],[44.821361,41.656472],[44.82114,41.656496],[44.820963,41.656515],[44.819511,41.656671],[44.819289,41.656695],[44.819233,41.656701],[44.818296,41.656782],[44.817904,41.656816],[44.817342,41.656865],[44.817055,41.656874],[44.816816,41.656882],[44.816124,41.656905],[44.815264,41.656933],[44.814959,41.656943],[44.814882,41.65692],[44.814291,41.656743],[44.813851,41.656611],[44.81379,41.656593],[44.813589,41.656534],[44.813348,41.656378],[44.813016,41.656134],[44.812837,41.656003],[44.812423,41.655734],[44.812335,41.655677],[44.812223,41.655602],[44.812054,41.65549],[44.811946,41.655419],[44.811864,41.655365],[44.811732,41.655295],[44.811608,41.655261],[44.811284,41.655189],[44.811239,41.655179],[44.810922,41.655087],[44.810654,41.654998],[44.81032,41.654888],[44.810242,41.654862],[44.809528,41.654631],[44.809523,41.654629],[44.80929,41.654562],[44.808857,41.654436],[44.808742,41.654403],[44.808452,41.654317],[44.807835,41.654137],[44.807707,41.654099],[44.807246,41.653955],[44.807223,41.653948],[44.807118,41.653913],[44.806895,41.653838],[44.806839,41.653812],[44.806564,41.653684],[44.806418,41.653616],[44.806349,41.653584],[44.806152,41.653491],[44.805698,41.653257],[44.805588,41.653197],[44.80519,41.652977],[44.805177,41.65297],[44.804828,41.652792],[44.804626,41.652689],[44.804108,41.652413],[44.803826,41.652263],[44.803644,41.652169],[44.803334,41.65201],[44.80317,41.651917],[44.802926,41.651778],[44.802765,41.651686],[44.802759,41.651684],[44.802407,41.651534],[44.802367,41.65152],[44.802351,41.651515],[44.802202,41.651474],[44.802144,41.651458],[44.802063,41.651436],[44.801696,41.651396],[44.801566,41.651395],[44.801426,41.651393],[44.80133,41.651416],[44.801269,41.651457],[44.799639,41.652542],[44.799614,41.652658],[44.799542,41.652744],[44.799408,41.652833],[44.799384,41.652848],[44.799381,41.65285],[44.79924,41.654675],[44.799311,41.654732],[44.800891,41.656084],[44.800891,41.656084],[44.801998,41.655961],[44.802393,41.655602],[44.802652,41.655144],[44.802872,41.654916],[44.803292,41.654838],[44.80351,41.655067],[44.803337,41.655753],[44.803259,41.656189],[44.803459,41.656318],[44.803459,41.656318],[44.804021,41.656477],[44.804021,41.656477],[44.805026,41.656791],[44.805026,41.656791],[44.806304,41.656211],[44.80587,41.657096],[44.80587,41.657096],[44.806107,41.657256],[44.806107,41.657256],[44.806227,41.657434],[44.806194,41.657797],[44.806196,41.657859],[44.805966,41.657981],[44.805746,41.658203],[44.805569,41.658377],[44.805511,41.658549],[44.805544,41.658703],[44.805663,41.658835],[44.805663,41.658835],[44.805793,41.658897],[44.805793,41.658897],[44.806052,41.658955],[44.806263,41.658958],[44.806406,41.658888],[44.80652,41.658752],[44.806561,41.65849],[44.806627,41.658232],[44.806724,41.657951],[44.806815,41.657704],[44.806873,41.6575],[44.807002,41.657307],[44.807093,41.657182],[44.807265,41.657111],[44.807469,41.657144],[44.807469,41.657144],[44.807508,41.657237],[44.807464,41.657458],[44.807454,41.657612],[44.807492,41.657723],[44.807554,41.657855],[44.807596,41.658102],[44.807705,41.658242],[44.807705,41.658242],[44.807776,41.658352],[44.807776,41.658352],[44.807871,41.658481],[44.808019,41.658478],[44.808015,41.658342],[44.807996,41.658185],[44.808001,41.657967],[44.808054,41.657792],[44.808136,41.657561],[44.808241,41.657466],[44.808511,41.657431],[44.808511,41.657431],[44.808765,41.657533],[44.808765,41.657533],[44.809011,41.657599],[44.809158,41.657551],[44.809508,41.656918],[44.809626,41.656646],[44.810032,41.656373],[44.810333,41.656475],[44.810355,41.657196],[44.810413,41.658035],[44.810413,41.658035],[44.81082,41.658174],[44.811337,41.658049],[44.811619,41.657555],[44.811621,41.657073],[44.811677,41.656996],[44.811936,41.657027],[44.81198,41.657007],[44.812096,41.657058],[44.81207,41.657134],[44.812068,41.657219],[44.812087,41.657376],[44.812087,41.657376],[44.81212,41.657423],[44.81212,41.657423],[44.812186,41.657514],[44.812186,41.657514],[44.812217,41.657579],[44.812202,41.657666],[44.812211,41.657734],[44.812208,41.657828],[44.812194,41.657901],[44.812203,41.657963],[44.812179,41.658035],[44.812112,41.658094],[44.812073,41.65816],[44.812017,41.658212],[44.812026,41.658274],[44.81205,41.658396],[44.812173,41.658425],[44.812298,41.658425],[44.812477,41.658381],[44.812499,41.658342],[44.812582,41.65812],[44.812746,41.658007],[44.812771,41.657955],[44.812784,41.657908],[44.813005,41.657886],[44.813166,41.658252],[44.813182,41.658472],[44.812966,41.658921],[44.812929,41.659031],[44.812746,41.659091],[44.812562,41.659215],[44.812402,41.659481],[44.81235,41.659791],[44.812057,41.65984],[44.811747,41.659968],[44.811588,41.660307],[44.811478,41.6605],[44.811067,41.660968],[44.810726,41.661213],[44.810743,41.6616],[44.810647,41.661773],[44.810472,41.661856],[44.810217,41.661927],[44.809899,41.662106],[44.809739,41.662388],[44.80949,41.662556],[44.80939,41.662734],[44.809408,41.66292],[44.809409,41.66292],[44.810198,41.663211],[44.810199,41.663211],[44.810618,41.663176],[44.81127,41.662924],[44.811803,41.662184],[44.811867,41.661835],[44.812111,41.661534],[44.812182,41.66143],[44.812214,41.661389],[44.812312,41.661272],[44.812351,41.661237],[44.812632,41.660889],[44.812832,41.660778],[44.81312,41.660762],[44.813224,41.66066],[44.813714,41.660183],[44.81387,41.659443],[44.813987,41.659003],[44.813987,41.659003],[44.814486,41.659159],[44.814488,41.659361],[44.814488,41.659361],[44.814525,41.659444],[44.814525,41.659444],[44.814718,41.659486],[44.815246,41.659484],[44.81538,41.659584],[44.81538,41.659584],[44.815516,41.659593],[44.815518,41.659611],[44.815549,41.659847],[44.815601,41.660247],[44.815671,41.661036],[44.815788,41.661536],[44.815789,41.661618],[44.815991,41.661893],[44.815177,41.662113],[44.815178,41.662174],[44.815178,41.662174],[44.815275,41.662301],[44.815275,41.662301],[44.815491,41.6623],[44.815599,41.662414],[44.815601,41.662607],[44.815601,41.662607],[44.815663,41.662837],[44.815663,41.662838],[44.815776,41.662905],[44.815656,41.663185],[44.815342,41.663914],[44.815246,41.664402],[44.815806,41.664571],[44.816405,41.664461],[44.816617,41.664202],[44.816495,41.663688],[44.816495,41.663687],[44.816707,41.66319],[44.816822,41.662921],[44.817018,41.662836],[44.817657,41.662559]]]}},{"type":"Feature","properties":{"Zone":"ბოლნისის მიკროზონა","Color":"#FBB887","isBg":false,"Area_km2":5.35},"geometry":{"type":"Polygon","coordinates":[[[44.438697,41.423743],[44.43863,41.423535],[44.438531,41.42333],[44.438487,41.423264],[44.438202,41.422949],[44.438141,41.4229],[44.437879,41.422748],[44.437685,41.422668],[44.437362,41.422588],[44.437151,41.422561],[44.436576,41.422505],[44.43617,41.42249],[44.435927,41.422471],[44.435649,41.422421],[44.435383,41.422342],[44.435235,41.422283],[44.435135,41.422228],[44.434738,41.421994],[44.433748,41.42136],[44.432905,41.420796],[44.432168,41.420147],[44.432038,41.420011],[44.43189,41.419832],[44.431274,41.418969],[44.43078,41.418225],[44.430661,41.418009],[44.430633,41.417818],[44.430678,41.417665],[44.430759,41.417549],[44.431217,41.417143],[44.431388,41.416992],[44.43147,41.416862],[44.431495,41.416755],[44.431494,41.416672],[44.431461,41.416602],[44.430997,41.416254],[44.430876,41.416142],[44.430752,41.415983],[44.430421,41.415255],[44.430391,41.415173],[44.429995,41.414227],[44.429858,41.41402],[44.429784,41.413928],[44.429687,41.413818],[44.429467,41.41365],[44.429308,41.413568],[44.429177,41.413521],[44.428786,41.413443],[44.428482,41.413407],[44.427777,41.413402],[44.426184,41.413413],[44.425777,41.413416],[44.425014,41.413396],[44.424639,41.413333],[44.424387,41.413276],[44.424179,41.413206],[44.423745,41.41303],[44.423453,41.412899],[44.423009,41.412624],[44.422122,41.41201],[44.421505,41.411583],[44.421314,41.411477],[44.420958,41.411319],[44.420591,41.411198],[44.420281,41.411119],[44.419612,41.411012],[44.417495,41.410829],[44.416353,41.410739],[44.416176,41.41073],[44.414915,41.410773],[44.414076,41.410831],[44.413447,41.410878],[44.413214,41.410941],[44.413068,41.410999],[44.41295,41.411055],[44.412861,41.411124],[44.412634,41.411414],[44.412225,41.412049],[44.412074,41.412248],[44.412045,41.412271],[44.411945,41.412319],[44.410983,41.412547],[44.410225,41.412719],[44.410109,41.412779],[44.410041,41.412837],[44.409977,41.412932],[44.409925,41.413118],[44.409952,41.414024],[44.40992,41.414226],[44.409867,41.41439],[44.409822,41.41449],[44.409745,41.414605],[44.409685,41.414693],[44.408986,41.415385],[44.40865,41.415791],[44.408356,41.416187],[44.408287,41.416305],[44.408245,41.416391],[44.408058,41.416889],[44.407974,41.417295],[44.407934,41.418257],[44.407775,41.419679],[44.407718,41.419945],[44.407649,41.420169],[44.407405,41.420735],[44.407135,41.421361],[44.407048,41.421802],[44.40696,41.422722],[44.406927,41.424566],[44.406907,41.424627],[44.40683,41.42474],[44.406816,41.424753],[44.406728,41.424827],[44.40658,41.424882],[44.406411,41.42491],[44.406025,41.424913],[44.40523,41.424854],[44.404909,41.424805],[44.404007,41.424527],[44.403599,41.424401],[44.403413,41.424366],[44.402767,41.424286],[44.402084,41.424255],[44.401363,41.424222],[44.400709,41.424202],[44.400268,41.424227],[44.40014,41.424258],[44.400036,41.424326],[44.399946,41.424441],[44.399947,41.424545],[44.399977,41.424617],[44.400065,41.424737],[44.400304,41.424994],[44.400596,41.425355],[44.40068,41.425529],[44.400743,41.425901],[44.400854,41.42667],[44.400947,41.427316],[44.401023,41.427475],[44.401087,41.427573],[44.401178,41.427689],[44.401334,41.427806],[44.402129,41.42828],[44.40329,41.429036],[44.403642,41.429286],[44.403948,41.429541],[44.404147,41.429801],[44.404291,41.430019],[44.404451,41.430342],[44.404872,41.431381],[44.404949,41.431557],[44.405051,41.431695],[44.405178,41.431814],[44.405311,41.431901],[44.405481,41.431974],[44.406047,41.432148],[44.406671,41.432269],[44.406971,41.432319],[44.40729,41.432358],[44.408279,41.432429],[44.408474,41.432459],[44.408631,41.432502],[44.408811,41.432579],[44.408942,41.432707],[44.409043,41.43284],[44.40936,41.433344],[44.40942,41.433421],[44.409507,41.433497],[44.409624,41.433559],[44.409831,41.433657],[44.409883,41.433674],[44.41015,41.433728],[44.410492,41.433753],[44.410833,41.433745],[44.41131,41.433734],[44.411471,41.433713],[44.411626,41.433668],[44.41234,41.433333],[44.412864,41.433087],[44.413079,41.433026],[44.413277,41.432997],[44.413406,41.432984],[44.413711,41.432985],[44.414229,41.432988],[44.414705,41.433044],[44.415027,41.433092],[44.415382,41.43317],[44.415805,41.433304],[44.417103,41.433784],[44.417254,41.433811],[44.41749,41.43383],[44.417764,41.433831],[44.418041,41.433791],[44.418289,41.433712],[44.419069,41.433442],[44.419306,41.43338],[44.419791,41.433251],[44.420085,41.433224],[44.420688,41.43318],[44.422668,41.433128],[44.423011,41.433101],[44.423273,41.433043],[44.423453,41.432976],[44.423652,41.432883],[44.423906,41.43272],[44.424937,41.432057],[44.425161,41.431952],[44.425323,41.431892],[44.4255,41.43183],[44.425604,41.431807],[44.425767,41.431771],[44.425856,41.431772],[44.426354,41.431828],[44.427077,41.431953],[44.427578,41.431988],[44.428772,41.431965],[44.429003,41.431946],[44.429119,41.431921],[44.429301,41.431865],[44.429513,41.431789],[44.429696,41.431695],[44.430413,41.431273],[44.430865,41.431043],[44.431267,41.430862],[44.431518,41.430765],[44.434323,41.429873],[44.434683,41.42976],[44.435628,41.429465],[44.436329,41.429242],[44.437084,41.428929],[44.437854,41.428556],[44.438083,41.428426],[44.438326,41.428259],[44.43858,41.428008],[44.438684,41.427863],[44.438795,41.42767],[44.438858,41.427527],[44.438908,41.427208],[44.438897,41.425628],[44.438777,41.424147],[44.438697,41.423743]]]}},{"type":"Feature","properties":{"Zone":"ბოლნისის მიკროზონა","Color":"#FBB887","isBg":false,"Area_km2":1.15},"geometry":{"type":"Polygon","coordinates":[[[44.509421,41.356158],[44.510094,41.356843],[44.510198,41.356986],[44.510243,41.357104],[44.510285,41.357268],[44.510365,41.357724],[44.510392,41.357944],[44.510468,41.358069],[44.510563,41.358177],[44.510649,41.358253],[44.51079,41.358344],[44.510954,41.358419],[44.511102,41.358456],[44.511277,41.358461],[44.511413,41.358443],[44.511564,41.358358],[44.511707,41.358205],[44.512124,41.357731],[44.512705,41.357049],[44.512973,41.356771],[44.513163,41.356602],[44.513258,41.356542],[44.513455,41.356446],[44.513604,41.356392],[44.513732,41.356354],[44.513809,41.356336],[44.515155,41.356108],[44.516441,41.355927],[44.517119,41.355826],[44.518262,41.355644],[44.518828,41.355582],[44.519512,41.355545],[44.520154,41.355551],[44.520978,41.355579],[44.521834,41.355608],[44.522157,41.355593],[44.52225,41.355583],[44.522594,41.355522],[44.52274,41.355465],[44.522842,41.355347],[44.522872,41.35528],[44.522869,41.35519],[44.522823,41.355089],[44.522797,41.355051],[44.522639,41.354902],[44.522535,41.354826],[44.522429,41.354774],[44.52231,41.354744],[44.522214,41.354727],[44.521615,41.354679],[44.521371,41.354671],[44.520559,41.354646],[44.520239,41.354635],[44.520005,41.354611],[44.519938,41.354599],[44.519767,41.354547],[44.519636,41.354498],[44.519571,41.354462],[44.519229,41.354141],[44.519133,41.354086],[44.519043,41.354045],[44.518935,41.354009],[44.518744,41.353977],[44.518584,41.353963],[44.518375,41.353975],[44.518213,41.354028],[44.517511,41.354387],[44.51735,41.354462],[44.517235,41.354506],[44.517054,41.354566],[44.516734,41.354633],[44.516348,41.354653],[44.516186,41.354654],[44.515977,41.354633],[44.515691,41.354567],[44.515434,41.354482],[44.515074,41.354338],[44.514253,41.353962],[44.514002,41.353827],[44.513646,41.353607],[44.51347,41.353468],[44.513348,41.353353],[44.5132,41.353168],[44.513153,41.35306],[44.513128,41.352944],[44.513099,41.352514],[44.513101,41.352286],[44.513117,41.352128],[44.51315,41.351996],[44.513209,41.351835],[44.513281,41.351695],[44.513362,41.351566],[44.513895,41.350803],[44.513993,41.350672],[44.514034,41.350617],[44.514148,41.350497],[44.514337,41.350351],[44.514472,41.350282],[44.514566,41.350256],[44.514688,41.350246],[44.514796,41.350261],[44.514942,41.350323],[44.514996,41.350361],[44.515161,41.350545],[44.515464,41.350979],[44.515666,41.351217],[44.51574,41.351295],[44.515867,41.351399],[44.516027,41.351512],[44.516283,41.351666],[44.516413,41.35173],[44.516545,41.351784],[44.516708,41.351837],[44.516936,41.351895],[44.51723,41.35193],[44.517487,41.351939],[44.518043,41.351934],[44.518231,41.351916],[44.518541,41.351857],[44.51865,41.351809],[44.518727,41.351734],[44.518755,41.351659],[44.518763,41.351601],[44.518737,41.351434],[44.518655,41.351335],[44.517825,41.350851],[44.516856,41.350285],[44.516585,41.350121],[44.516455,41.350028],[44.516322,41.349908],[44.516259,41.34984],[44.516149,41.349693],[44.516117,41.349612],[44.516108,41.349583],[44.516112,41.34941],[44.516139,41.349311],[44.516208,41.349257],[44.51644,41.349183],[44.51681,41.349078],[44.51758,41.348861],[44.517716,41.348821],[44.51781,41.34878],[44.51786,41.348733],[44.5179,41.348631],[44.517922,41.348425],[44.517873,41.348156],[44.517785,41.347803],[44.517763,41.347696],[44.517754,41.347522],[44.517769,41.347172],[44.517826,41.346481],[44.51778,41.346395],[44.517691,41.346296],[44.51763,41.346262],[44.517482,41.346219],[44.517148,41.346177],[44.516558,41.346112],[44.516267,41.346083],[44.516178,41.346062],[44.516085,41.346017],[44.516042,41.345967],[44.516023,41.345896],[44.516007,41.345795],[44.516002,41.345124],[44.516,41.344984],[44.515983,41.344831],[44.515963,41.34476],[44.515902,41.3447],[44.515746,41.344645],[44.515557,41.344603],[44.51479,41.344464],[44.514599,41.344429],[44.514383,41.344366],[44.514266,41.344299],[44.514199,41.344239],[44.513362,41.343173],[44.5133,41.343051],[44.513254,41.342897],[44.513219,41.342635],[44.51322,41.34252],[44.513281,41.341811],[44.513309,41.341668],[44.513399,41.34157],[44.513913,41.341205],[44.513982,41.34113],[44.514041,41.34104],[44.514054,41.340931],[44.51404,41.340846],[44.513997,41.340739],[44.513902,41.34068],[44.513696,41.340644],[44.513315,41.340614],[44.513297,41.340614],[44.513003,41.340646],[44.512869,41.340684],[44.512771,41.340727],[44.512226,41.34112],[44.511823,41.34141],[44.511747,41.341451],[44.511667,41.341477],[44.51155,41.341499],[44.511263,41.341506],[44.509662,41.341483],[44.509285,41.341449],[44.509183,41.341437],[44.508558,41.341359],[44.508473,41.341365],[44.508406,41.341397],[44.508321,41.341488],[44.50823,41.342061],[44.508222,41.342162],[44.508184,41.342315],[44.508096,41.342444],[44.507955,41.342586],[44.50767,41.34285],[44.507538,41.342973],[44.507379,41.343144],[44.507276,41.343272],[44.507211,41.343411],[44.507195,41.343518],[44.507197,41.343576],[44.507215,41.343653],[44.507324,41.343776],[44.50762,41.344047],[44.508069,41.344458],[44.508127,41.344535],[44.508144,41.344564],[44.508185,41.344681],[44.50821,41.344817],[44.508261,41.345259],[44.508301,41.346574],[44.508325,41.346735],[44.508399,41.346859],[44.508443,41.346898],[44.508535,41.346957],[44.508817,41.34705],[44.508906,41.34708],[44.50901,41.347132],[44.509046,41.347169],[44.509096,41.347275],[44.509119,41.347366],[44.509134,41.347474],[44.509114,41.347733],[44.509096,41.347808],[44.509074,41.347854],[44.508967,41.347984],[44.508811,41.348118],[44.508408,41.348409],[44.508295,41.348543],[44.508269,41.348621],[44.508255,41.348811],[44.508288,41.348905],[44.508342,41.348987],[44.508478,41.349125],[44.508855,41.349475],[44.508897,41.349552],[44.508898,41.349647],[44.508879,41.349715],[44.508815,41.349832],[44.508656,41.349978],[44.508561,41.350049],[44.508115,41.35027],[44.507553,41.350532],[44.507444,41.350606],[44.50737,41.350674],[44.507331,41.350735],[44.507269,41.350875],[44.50722,41.351021],[44.50715,41.351292],[44.507093,41.351852],[44.507073,41.352482],[44.50708,41.352724],[44.507128,41.35331],[44.507172,41.35384],[44.507216,41.354067],[44.507245,41.354139],[44.507298,41.354236],[44.507373,41.354285],[44.50781,41.354461],[44.508321,41.354682],[44.508431,41.354734],[44.508576,41.354845],[44.508665,41.354956],[44.508752,41.355101],[44.50903,41.355594],[44.509137,41.355784],[44.50926,41.355965],[44.509421,41.356158]]]}},{"type":"Feature","properties":{"Zone":"მევენახეობის ზონა","Color":"#A0CF6B","isBg":false,"Area_km2":0.49},"geometry":{"type":"Polygon","coordinates":[[[44.320851,41.390611],[44.319865,41.390588],[44.319388,41.390588],[44.318629,41.390636],[44.31835,41.390654],[44.318206,41.390671],[44.317542,41.390772],[44.316838,41.390912],[44.314874,41.391373],[44.317052,41.392283],[44.320094,41.393554],[44.323054,41.394791],[44.332331,41.398666],[44.332334,41.398663],[44.332361,41.398633],[44.333262,41.397798],[44.332303,41.396813],[44.332186,41.396703],[44.330031,41.394687],[44.329531,41.394241],[44.3288,41.393635],[44.328225,41.393198],[44.32674,41.392216],[44.325769,41.391706],[44.325331,41.391517],[44.324504,41.391234],[44.324203,41.391136],[44.323722,41.391004],[44.323507,41.390955],[44.323008,41.390853],[44.322416,41.390741],[44.321891,41.390677],[44.320851,41.390611]]]}}]}